"customer_id","recency_days","frequency_completed","cancellation_count","monetary_gross","monetary_net","order_return_rate_pct","line_item_return_rate_pct","distinct_variants_purchased","distinct_families_purchased"
"16118",392,1,4,4376.25,4255.43,80.0,12.8,41,41
"13768",563,2,6,875.97,758.07,75.0,23.3,30,30
"14777",3,1,3,307.56,239.26,75.0,23.8,16,16
"12590",189,1,3,9341.26,9330.48,75.0,5.6,67,64
"12770",210,2,5,3246.45,2981.45,71.4,22.2,19,19
"13257",427,1,2,149.75,117.95,66.7,22.2,7,7
"13281",436,1,2,350.85,306.45,66.7,15.4,22,21
"16297",249,1,2,301.90,278.55,66.7,9.1,20,20
"16061",268,1,2,89.65,44.95,66.7,40.0,3,3
"13112",540,1,2,20.60,-5.44,66.7,60.0,2,2
"17693",135,1,2,200.47,187.02,66.7,11.1,16,16
"16262",360,1,2,755.15,677.78,66.7,8.0,46,45
"14586",226,1,2,237.36,134.16,66.7,29.6,19,17
"16396",472,1,2,137.80,102.70,66.7,33.3,8,8
"13905",570,1,2,312.65,244.45,66.7,20.0,12,12
"16476",416,1,2,350.35,337.00,66.7,7.7,24,23
"16481",659,1,2,453.38,430.93,66.7,15.8,16,16
"17599",464,1,2,52.05,44.55,66.7,40.0,3,3
"18207",493,1,2,544.47,505.12,66.7,8.8,31,31
"12797",359,2,4,468.08,387.43,66.7,17.6,26,25
"12533",618,2,4,1223.89,1005.99,66.7,20.5,62,58
"14267",150,3,6,1516.24,1259.19,66.7,19.1,25,25
"12746",527,1,2,254.55,230.85,66.7,15.0,17,17
"18183",217,2,4,632.07,600.52,66.7,15.9,36,35
"14149",212,1,2,446.62,259.43,66.7,30.0,28,25
"16822",663,1,2,181.39,144.84,66.7,15.4,11,11
"12479",3,1,2,473.20,423.30,66.7,11.8,30,29
"14627",311,1,2,462.75,406.40,66.7,25.6,29,29
"17820",190,1,2,180.61,156.56,66.7,10.9,39,39
"18187",622,1,2,724.89,682.19,66.7,11.1,48,48
"12809",167,3,5,1384.34,1333.74,62.5,9.3,74,72
"12525",490,3,5,883.73,745.18,62.5,22.4,55,54
"17531",189,3,5,1266.82,1194.47,62.5,9.4,54,54
"14339",234,2,3,620.27,604.48,60.0,11.5,21,21
"13020",547,2,3,618.96,606.96,60.0,7.1,38,37
"15137",520,2,3,823.40,747.55,60.0,15.0,34,34
"14245",175,2,3,1693.45,1677.48,60.0,3.6,107,105
"14564",426,2,3,2605.62,2519.32,60.0,5.3,107,105
"16576",409,2,3,540.87,513.17,60.0,8.3,32,31
"16240",7,2,3,3718.80,3693.81,60.0,4.9,126,126
"15823",336,2,3,3867.17,3047.76,60.0,10.5,154,151
"15309",610,4,6,797.96,715.53,60.0,11.5,49,49
"16602",30,2,3,763.33,711.63,60.0,14.9,37,37
"17477",612,2,3,1144.30,1079.00,60.0,6.4,44,44
"13091",20,2,3,1108.80,-1343.24,60.0,63.6,40,38
"13287",582,3,4,781.59,519.67,57.1,28.4,46,46
"16278",22,3,4,1117.84,1056.59,57.1,8.3,50,50
"15468",34,3,4,1430.48,1387.48,57.1,9.1,80,79
"13008",322,3,4,612.13,543.28,57.1,10.3,31,30
"13109",2,3,4,1134.03,1107.58,57.1,5.4,57,56
"16163",224,6,8,2407.98,1822.03,57.1,15.0,59,58
"12616",84,3,4,1023.10,937.35,57.1,8.9,31,31
"14831",573,3,4,1676.57,1623.97,57.1,8.9,67,63
"16732",31,4,5,4387.64,3966.79,55.6,3.9,199,198
"16554",2,8,10,2841.72,2407.17,55.6,22.0,108,105
"13295",359,4,5,1101.97,1061.27,55.6,10.7,56,53
"13338",153,4,5,2345.62,2173.62,55.6,11.9,112,110
"12679",51,4,5,951.02,896.67,55.6,15.4,42,39
"14389",8,5,6,1898.01,1821.07,54.5,26.3,48,46
"14175",50,8,9,7678.88,7350.44,52.9,10.3,237,232
"12982",239,8,9,2744.81,2562.12,52.9,16.8,139,137
"17747",99,1,1,71.40,64.65,50.0,50.0,1,1
"12801",477,1,1,871.82,831.87,50.0,2.0,49,49
"12807",382,1,1,250.35,229.95,50.0,6.3,15,15
"12818",177,1,1,1182.08,1157.88,50.0,13.3,13,13
"17743",441,1,1,229.20,208.85,50.0,40.0,3,3
"12852",289,1,1,311.55,299.75,50.0,15.0,17,17
"17727",8,1,1,1060.25,1042.55,50.0,1.5,66,66
"17688",374,1,1,304.20,286.50,50.0,5.0,19,19
"12888",213,2,2,354.12,313.77,50.0,28.6,4,4
"17636",8,1,1,285.56,265.93,50.0,16.7,20,20
"17627",478,1,1,296.36,285.11,50.0,9.1,10,10
"17617",558,1,1,385.19,227.14,50.0,10.0,18,18
"17603",49,4,4,1788.38,1671.18,50.0,5.4,104,100
"12915",148,4,4,975.10,885.20,50.0,11.8,46,42
"12929",121,1,1,117.85,105.10,50.0,11.1,8,8
"12930",77,2,2,415.80,409.90,50.0,7.4,20,19
"12940",45,2,2,899.69,862.44,50.0,4.0,87,84
"12943",300,2,2,496.50,489.00,50.0,7.4,22,22
"18256",354,1,1,110.70,60.60,50.0,28.6,10,10
"17592",738,1,1,148.30,0.00,50.0,50.0,13,5
"12979",728,1,1,517.70,479.54,50.0,1.8,56,51
"17563",577,2,2,392.38,313.78,50.0,14.7,27,27
"18274",17,1,1,175.92,0.00,50.0,50.0,11,11
"12995",77,1,1,211.32,200.72,50.0,40.0,3,3
"12997",21,8,8,2110.91,2065.11,50.0,11.6,65,65
"17547",371,2,2,727.85,692.35,50.0,13.9,22,21
"17506",69,1,1,302.20,294.29,50.0,12.5,14,14
"13043",253,1,1,516.42,471.57,50.0,7.1,13,13
"17476",392,2,2,489.86,446.51,50.0,8.8,29,29
"13084",487,1,1,122.40,116.45,50.0,50.0,2,1
"17378",373,1,1,10.95,0.00,50.0,50.0,1,1
"18269",357,1,1,168.60,138.90,50.0,12.5,7,7
"13116",116,1,1,501.14,485.19,50.0,3.2,30,30
"13121",268,1,1,283.73,254.73,50.0,5.7,50,50
"13143",581,1,1,405.10,399.20,50.0,4.2,23,23
"18250",300,1,1,349.27,342.92,50.0,4.5,21,21
"13163",609,1,1,17.65,0.00,50.0,50.0,2,2
"18248",113,2,2,804.02,783.02,50.0,4.1,39,39
"13175",553,2,2,831.45,793.10,50.0,9.8,40,39
"18247",409,3,3,839.73,721.43,50.0,21.3,28,28
"17313",17,1,1,2328.84,2288.13,50.0,14.3,24,24
"17276",399,1,1,501.24,444.19,50.0,5.5,49,49
"17169",49,3,3,1156.73,1129.88,50.0,11.8,64,62
"17156",483,1,1,591.87,572.07,50.0,4.9,39,39
"13271",36,1,1,211.49,172.37,50.0,5.4,79,73
"13279",63,1,1,137.75,126.30,50.0,18.2,9,9
"13284",322,1,1,201.19,196.15,50.0,7.1,13,13
"17053",128,1,1,498.48,496.38,50.0,7.1,13,13
"13337",518,1,1,1575.26,1550.06,50.0,2.2,87,85
"13343",172,1,1,303.43,253.93,50.0,14.3,18,18
"13345",276,1,1,339.50,327.60,50.0,9.5,19,19
"17037",77,1,1,1267.32,1253.22,50.0,2.6,75,75
"13352",7,1,1,347.98,339.28,50.0,11.5,23,23
"13359",58,2,2,943.31,901.96,50.0,8.5,51,51
"17010",16,1,1,195.36,185.46,50.0,8.3,11,11
"13364",66,1,1,134.96,0.00,50.0,50.0,10,10
"13365",8,2,2,2225.37,2164.32,50.0,4.5,122,122
"13369",353,1,1,258.28,213.75,50.0,27.8,13,13
"13370",365,1,1,754.87,721.32,50.0,11.4,39,39
"13371",498,2,2,2297.66,2271.46,50.0,3.2,75,75
"16984",77,9,9,10350.53,10206.40,50.0,2.3,669,603
"16961",115,3,3,794.56,773.01,50.0,5.5,52,52
"16956",8,1,1,308.74,292.34,50.0,11.1,16,16
"13396",21,2,2,1360.99,1325.29,50.0,8.5,42,42
"13400",573,1,1,310.83,300.93,50.0,4.2,23,23
"13407",578,3,3,2244.70,2111.89,50.0,7.6,85,84
"13420",134,2,2,159.85,140.35,50.0,20.0,8,8
"13422",50,1,1,2626.30,2601.55,50.0,0.8,127,127
"13424",443,1,1,572.77,557.92,50.0,2.4,40,39
"16909",63,1,1,379.14,364.14,50.0,5.3,18,18
"13430",18,2,2,679.45,652.07,50.0,7.5,48,48
"12462",1,2,2,937.59,872.01,50.0,14.3,50,50
"13457",688,2,2,148.22,143.27,50.0,18.2,9,9
"16908",721,1,1,252.59,153.59,50.0,4.8,20,14
"13505",67,4,4,3633.63,3522.88,50.0,5.4,181,174
"16886",444,1,1,134.00,0.00,50.0,50.0,8,8
"13511",483,1,1,282.76,244.61,50.0,16.7,5,5
"16878",24,1,1,13.30,0.00,50.0,50.0,3,3
"13526",737,2,2,1182.00,942.60,50.0,18.5,29,26
"14142",372,2,2,671.34,655.94,50.0,8.3,42,41
"14860",8,1,1,170.32,168.62,50.0,8.3,11,11
"15469",42,3,3,874.25,834.40,50.0,8.5,38,38
"14875",8,3,3,2862.40,2850.50,50.0,3.3,88,88
"12558",1,1,1,269.96,0.00,50.0,50.0,11,11
"18163",560,1,1,728.84,639.34,50.0,13.2,33,33
"18142",150,2,2,1019.52,1014.90,50.0,16.7,9,9
"14903",20,5,5,2795.33,2729.18,50.0,2.5,227,221
"12565",281,1,1,145.92,131.17,50.0,10.0,9,9
"15432",22,2,2,320.76,301.26,50.0,11.1,16,16
"14928",618,1,1,223.91,204.46,50.0,12.5,21,20
"15409",701,1,1,131.25,117.20,50.0,25.0,9,7
"15391",570,1,1,289.87,282.92,50.0,7.7,12,12
"14938",501,2,2,2322.43,2289.43,50.0,6.6,71,64
"15345",34,1,1,393.54,367.69,50.0,13.0,20,20
"14950",8,1,1,371.20,361.25,50.0,5.0,19,19
"15342",115,1,1,406.09,391.76,50.0,7.7,24,24
"15029",617,1,1,365.10,362.15,50.0,9.1,10,10
"15337",402,1,1,373.02,344.72,50.0,12.5,21,21
"15066",31,1,1,893.59,760.59,50.0,20.8,42,42
"12566",72,1,1,297.65,292.70,50.0,5.3,18,18
"15077",455,2,2,2428.08,2423.88,50.0,5.9,28,20
"15326",333,5,5,1700.52,1529.82,50.0,11.6,94,93
"15091",53,3,3,1046.61,1023.11,50.0,5.0,55,55
"18141",360,2,2,882.47,838.57,50.0,4.5,38,36
"15100",329,7,7,2193.90,1750.10,50.0,30.4,11,11
"15317",676,1,1,129.75,112.05,50.0,16.7,5,5
"15308",270,1,1,310.47,302.27,50.0,9.5,19,19
"15120",129,1,1,358.82,343.82,50.0,4.5,21,21
"15302",721,1,1,308.00,291.05,50.0,6.3,15,15
"15294",399,1,1,233.35,222.30,50.0,11.8,15,15
"15138",384,1,1,502.52,486.59,50.0,6.1,31,31
"15275",30,1,1,615.14,609.19,50.0,2.4,41,41
"15147",218,1,1,623.50,608.65,50.0,3.4,28,28
"15231",595,1,1,250.26,228.36,50.0,17.6,14,14
"15162",728,1,1,312.90,241.50,50.0,25.0,12,12
"15171",324,1,1,1289.50,1034.50,50.0,28.6,5,5
"15176",596,1,1,988.04,985.09,50.0,1.9,52,51
"15201",78,7,7,1842.95,1525.90,50.0,23.7,44,42
"12579",72,1,1,386.42,374.72,50.0,3.4,28,28
"12584",3,9,9,2254.15,1809.95,50.0,24.0,43,43
"12585",233,2,2,1824.10,1766.81,50.0,10.5,76,76
"12607",57,1,1,1579.51,0.00,50.0,50.0,101,100
"12612",57,1,1,668.04,607.59,50.0,10.0,18,8
"18111",582,1,1,405.85,398.90,50.0,10.0,27,26
"12632",520,2,2,714.88,684.88,50.0,5.7,31,31
"18072",154,1,1,247.44,12.24,50.0,47.1,18,17
"18070",668,1,1,314.10,307.75,50.0,10.0,9,9
"18053",65,3,3,571.07,527.77,50.0,8.6,29,29
"18020",543,1,1,190.48,129.28,50.0,14.3,12,11
"12666",358,1,1,1248.42,1020.98,50.0,6.1,31,31
"12675",553,2,2,873.25,849.55,50.0,1.8,110,106
"17904",20,1,1,181.07,168.32,50.0,2.9,33,33
"17900",164,2,2,112.20,15.00,50.0,45.5,4,4
"17828",8,4,4,1165.09,1074.97,50.0,17.9,53,48
"12742",599,1,1,1201.52,1185.02,50.0,1.5,67,60
"12768",431,1,1,168.69,0.00,50.0,50.0,10,9
"12771",464,1,1,226.30,206.50,50.0,6.7,14,14
"12773",563,1,1,124.25,0.00,50.0,50.0,6,6
"12781",21,2,2,786.74,671.72,50.0,14.3,24,24
"18267",659,1,1,269.37,252.87,50.0,15.0,17,17
"16286",476,2,2,328.95,263.65,50.0,10.5,17,16
"14008",374,1,1,509.04,493.74,50.0,3.0,32,31
"16269",427,1,1,717.57,714.59,50.0,1.9,53,53
"16252",365,1,1,295.09,0.00,50.0,50.0,21,21
"14073",20,1,1,151.04,139.54,50.0,7.1,13,13
"14094",439,1,1,311.77,310.82,50.0,2.3,41,41
"14109",22,1,1,144.20,80.20,50.0,35.7,9,9
"16227",218,3,3,1027.22,948.82,50.0,17.1,28,27
"12505",392,1,1,787.20,744.50,50.0,8.9,41,41
"16166",427,2,2,435.83,327.48,50.0,15.4,18,17
"14137",681,1,1,332.70,294.10,50.0,21.4,11,10
"16160",63,2,2,1025.44,1009.45,50.0,9.1,20,20
"14846",422,1,1,437.40,406.80,50.0,7.7,12,10
"16148",295,2,2,386.62,370.37,50.0,25.0,9,9
"12511",414,1,1,3084.02,3065.77,50.0,2.1,190,187
"12513",84,1,1,558.29,532.79,50.0,2.9,34,34
"16116",205,1,1,612.78,592.88,50.0,2.9,34,33
"16108",84,4,4,2235.92,2171.93,50.0,5.6,124,120
"14213",371,1,1,1192.20,0.00,50.0,50.0,5,5
"16077",573,1,1,2300.40,600.00,50.0,11.1,8,8
"16073",291,1,1,122.40,94.35,50.0,50.0,1,1
"16067",562,3,3,3269.11,2900.01,50.0,11.7,60,51
"14244",658,1,1,366.42,354.82,50.0,20.0,16,15
"14269",434,1,1,295.73,261.68,50.0,20.0,16,16
"14288",211,1,1,426.60,413.85,50.0,5.9,16,16
"16001",380,1,1,583.39,519.06,50.0,25.6,29,29
"12529",522,1,1,316.48,311.78,50.0,8.7,21,21
"15973",235,2,2,665.62,457.57,50.0,16.7,7,7
"15966",443,1,1,426.53,399.58,50.0,15.6,27,23
"14319",423,1,1,494.85,476.95,50.0,3.7,26,26
"15941",512,1,1,405.00,230.60,50.0,40.0,6,3
"14323",114,2,2,605.06,574.26,50.0,12.2,32,32
"14333",63,1,1,415.20,351.45,50.0,21.1,15,15
"18176",353,1,1,476.35,448.65,50.0,9.1,30,29
"15940",310,1,1,35.80,4.00,50.0,50.0,1,1
"14356",59,2,2,701.23,666.94,50.0,13.2,33,33
"14359",18,3,3,912.18,882.58,50.0,5.2,44,44
"15935",238,1,1,108.04,-200.78,50.0,66.7,11,11
"15922",371,1,1,369.50,363.60,50.0,8.3,11,11
"15880",368,1,1,329.03,299.03,50.0,1.0,95,92
"15836",44,1,1,137.37,117.47,50.0,16.7,10,10
"15830",28,1,1,576.00,547.70,50.0,4.9,39,39
"12536",7,1,1,4279.71,4151.26,50.0,3.4,259,258
"12542",483,2,2,481.88,423.38,50.0,13.3,39,38
"15788",500,1,1,221.83,215.53,50.0,6.7,14,14
"14488",50,1,1,1064.28,1047.43,50.0,6.1,46,45
"15746",133,1,1,196.88,182.96,50.0,3.4,28,25
"14521",476,1,1,199.45,167.65,50.0,15.0,17,17
"14557",63,1,1,788.38,0.00,50.0,50.0,16,16
"12544",29,1,1,316.70,299.70,50.0,5.3,18,17
"15684",546,3,3,173.95,147.80,50.0,21.4,9,9
"14568",423,1,1,919.70,909.50,50.0,2.1,47,47
"15655",232,1,1,560.67,511.32,50.0,8.1,34,33
"15648",203,2,2,639.50,584.75,50.0,7.7,23,23
"15643",178,3,3,664.00,647.40,50.0,8.3,31,30
"15620",49,4,4,1942.36,1909.93,50.0,5.1,114,114
"15609",182,1,1,298.48,270.03,50.0,11.1,16,15
"14678",570,1,1,403.39,386.44,50.0,4.0,24,24
"18164",30,1,1,399.65,394.70,50.0,4.0,24,24
"15598",34,2,2,548.02,543.02,50.0,5.3,32,32
"14717",732,1,1,81.30,72.80,50.0,8.3,11,9
"14747",247,1,1,328.20,294.30,50.0,5.3,18,18
"14760",293,1,1,89.20,53.80,50.0,28.6,5,5
"14764",43,1,1,278.30,250.55,50.0,14.3,6,5
"14773",588,1,1,140.55,125.70,50.0,9.1,10,10
"14783",654,1,1,307.30,305.35,50.0,5.6,17,17
"14792",63,1,1,6.20,0.00,50.0,50.0,2,2
"15558",638,1,1,202.68,131.88,50.0,4.2,23,23
"15490",429,1,1,210.85,181.35,50.0,3.8,22,21
"14842",34,4,4,2824.69,2456.80,50.0,8.2,128,128
"16810",191,2,2,842.04,786.14,50.0,10.5,34,34
"12467",385,1,1,132.80,0.00,50.0,50.0,9,9
"16747",24,2,2,836.06,826.96,50.0,6.7,34,34
"16739",171,2,2,786.43,772.23,50.0,9.5,33,33
"13604",651,1,1,717.62,713.39,50.0,8.7,21,20
"13612",517,1,1,818.29,777.79,50.0,3.8,50,47
"16714",316,3,3,1482.33,1209.38,50.0,2.7,94,93
"13622",688,1,1,658.95,651.45,50.0,5.9,32,31
"13624",380,1,1,462.08,427.18,50.0,8.3,22,22
"16683",528,1,1,320.25,309.35,50.0,5.3,18,18
"16646",443,1,1,678.80,675.05,50.0,3.3,29,26
"16630",406,1,1,106.80,104.30,50.0,20.0,4,4
"16622",541,1,1,225.40,205.60,50.0,14.3,12,12
"16615",568,1,1,291.50,264.50,50.0,5.0,19,19
"16598",276,1,1,145.05,140.70,50.0,9.1,10,10
"13660",395,1,1,306.64,295.74,50.0,2.4,39,37
"13672",300,3,3,419.92,233.53,50.0,33.3,13,12
"13674",429,1,1,240.68,215.88,50.0,12.5,14,12
"16581",154,1,1,105.84,70.44,50.0,18.2,9,9
"16579",364,1,1,295.05,264.45,50.0,6.7,14,14
"13701",436,1,1,161.00,159.55,50.0,10.0,9,9
"16573",73,2,2,663.61,648.41,50.0,8.7,40,40
"12468",142,5,5,3238.74,3192.55,50.0,8.2,126,121
"16543",582,1,1,292.21,277.81,50.0,10.0,18,16
"13745",150,2,2,777.36,761.27,50.0,5.1,46,46
"13763",62,3,3,5217.44,5181.99,50.0,5.7,50,49
"16541",734,1,1,424.03,419.78,50.0,2.6,38,35
"16536",106,1,1,548.12,538.17,50.0,1.8,49,49
"16490",429,1,1,205.41,179.16,50.0,18.8,13,12
"18199",675,1,1,344.75,342.20,50.0,4.8,20,20
"13816",23,2,2,499.67,483.04,50.0,16.1,24,23
"12487",730,1,1,285.30,259.80,50.0,33.3,2,2
"13826",157,1,1,189.50,179.55,50.0,9.1,10,10
"13829",358,1,1,102.00,0.00,50.0,50.0,1,1
"13830",573,1,1,156.85,135.95,50.0,15.4,11,11
"16404",69,1,1,443.05,430.30,50.0,4.2,23,23
"13850",87,1,1,1595.48,1586.81,50.0,1.1,93,91
"13852",606,1,1,187.35,170.45,50.0,15.4,11,9
"13853",8,1,1,1090.14,1056.94,50.0,4.2,23,23
"16403",301,1,1,177.50,161.05,50.0,33.3,10,10
"16398",144,2,2,1705.80,1631.15,50.0,4.7,75,75
"13872",512,3,3,919.57,891.32,50.0,6.6,51,51
"18197",513,1,1,230.10,221.40,50.0,18.2,9,9
"13915",393,1,1,70.80,31.20,50.0,50.0,2,2
"12495",634,1,1,277.40,243.40,50.0,11.1,16,14
"16355",373,1,1,416.35,349.20,50.0,4.0,47,46
"16302",107,1,1,233.22,212.82,50.0,8.3,11,11
"16299",472,1,1,193.65,178.65,50.0,7.7,12,12
"13961",384,1,1,538.40,498.70,50.0,9.5,19,18
"12501",314,1,1,2025.39,1945.68,50.0,6.9,148,143
"13974",48,2,2,677.72,663.52,50.0,4.4,43,42
"13981",400,1,1,331.14,327.39,50.0,4.3,22,22
"16289",461,1,1,136.31,98.81,50.0,4.5,21,19
"12494",9,9,8,1563.27,1451.92,47.1,9.1,82,79
"12457",57,7,6,2555.91,2032.31,46.2,9.0,62,62
"17115",7,7,6,2761.49,2616.29,46.2,7.0,102,84
"12409",78,7,6,23419.29,23090.47,46.2,2.9,177,171
"13924",1,6,5,1838.85,1682.08,45.5,14.6,90,90
"12947",143,6,5,1603.99,1407.29,45.5,5.8,83,83
"18220",219,6,5,1921.76,1771.70,45.5,21.9,17,17
"13455",24,6,5,2212.99,2080.88,45.5,14.9,79,75
"15538",537,6,5,3358.40,3036.10,45.5,56.3,3,3
"12753",3,6,5,21429.39,21024.01,45.5,14.3,132,128
"15101",8,6,5,1477.94,1303.49,45.5,9.4,52,50
"16362",31,6,5,922.16,816.96,45.5,10.0,67,67
"14105",84,5,4,5988.83,5703.98,44.4,4.8,200,193
"16797",392,5,4,1802.02,1761.02,44.4,1.7,289,285
"17714",320,5,4,1410.18,1376.58,44.4,4.7,69,68
"15786",43,5,4,8501.62,8379.65,44.4,3.3,358,349
"16292",116,5,4,1253.76,1171.46,44.4,7.5,51,51
"13503",70,5,4,1778.04,1706.79,44.4,5.1,157,144
"17411",11,5,4,1425.38,1316.53,44.4,9.6,69,69
"13980",59,5,4,768.82,722.02,44.4,6.0,57,57
"15791",43,5,4,3608.34,3541.79,44.4,7.2,121,120
"18136",62,5,4,1631.36,1531.71,44.4,6.4,77,77
"16394",49,5,4,1555.34,1412.06,44.4,17.0,61,60
"14256",253,5,4,2460.79,2384.14,44.4,3.6,100,99
"17147",22,9,7,3199.95,3069.15,43.8,7.5,99,94
"14621",0,9,7,3000.57,2878.27,43.8,11.7,134,130
"16933",0,9,7,3099.30,3017.65,43.8,5.7,213,187
"12749",3,9,7,6847.36,6278.49,43.8,15.1,259,259
"15596",100,9,7,2727.72,2621.27,43.8,6.6,82,82
"14714",23,4,3,906.24,896.40,42.9,5.1,64,63
"14420",84,4,3,1639.17,1627.72,42.9,4.1,85,85
"12454",52,4,3,16459.78,4098.96,42.9,44.3,23,22
"12703",63,4,3,898.53,802.18,42.9,11.4,55,53
"18009",234,8,6,2144.23,2065.48,42.9,3.8,145,134
"14295",39,4,3,2352.91,2309.06,42.9,4.1,65,63
"14301",107,4,3,1992.18,1956.23,42.9,11.7,37,36
"12424",162,4,3,3340.03,3289.78,42.9,5.2,78,76
"17145",464,4,3,3120.91,3014.64,42.9,3.2,168,164
"14475",71,4,3,1151.15,1025.12,42.9,9.4,40,39
"15221",365,4,3,2062.20,1702.00,42.9,25.6,21,21
"17337",150,4,3,1979.61,1896.06,42.9,1.0,420,408
"15764",80,8,6,4503.08,4453.28,42.9,3.9,187,187
"13479",197,4,3,851.37,808.50,42.9,8.6,45,45
"13656",164,4,3,1078.85,1053.35,42.9,3.3,81,78
"17342",373,4,3,1227.54,1155.84,42.9,12.5,31,31
"15614",427,4,3,3147.36,3008.86,42.9,4.7,73,70
"14634",437,4,3,2124.46,1971.82,42.9,7.6,105,103
"16176",420,4,3,2052.69,1964.04,42.9,11.1,53,51
"15706",59,4,3,1060.56,1001.81,42.9,6.8,50,50
"17924",0,8,6,3257.70,3189.53,42.9,17.5,27,26
"17353",128,4,3,3242.00,3155.55,42.9,17.6,7,7
"16947",235,4,3,946.71,906.31,42.9,8.8,49,48
"14808",39,8,6,2718.60,2277.80,42.9,8.0,176,171
"13329",31,8,6,4808.77,4672.82,42.9,5.6,68,68
"14910",2,4,3,434.35,389.86,42.9,14.3,25,25
"12578",20,4,3,4026.45,3956.45,42.9,5.1,148,146
"12674",11,4,3,1844.60,1796.26,42.9,8.1,51,51
"17746",234,4,3,904.18,873.43,42.9,10.0,32,32
"15580",376,8,6,1375.39,1216.15,42.9,11.4,150,143
"13304",350,4,3,1217.99,1120.79,42.9,10.3,59,57
"16463",20,4,3,1422.40,1383.70,42.9,3.5,74,74
"16101",8,4,3,3229.16,3167.42,42.9,4.0,153,149
"16054",144,4,3,2111.88,2090.68,42.9,3.9,109,105
"13282",17,4,3,1313.19,1228.89,42.9,5.6,42,42
"14290",10,8,6,4516.56,4221.43,42.9,11.7,120,117
"14644",8,7,5,2247.72,2077.47,41.7,13.9,50,50
"14286",23,7,5,8479.76,8396.70,41.7,2.2,270,258
"14442",1,7,5,5367.02,5272.02,41.7,3.7,128,128
"13736",4,7,5,2752.47,2701.27,41.7,1.9,325,308
"14276",87,7,5,2102.68,1933.73,41.7,15.4,75,73
"17317",45,3,2,2600.34,2524.02,40.0,18.2,8,8
"12427",11,3,2,699.80,582.37,40.0,12.5,25,25
"12434",84,3,2,1103.43,1062.48,40.0,5.4,62,61
"12665",324,3,2,259.60,247.45,40.0,22.2,12,12
"12697",20,3,2,757.59,739.02,40.0,5.0,36,36
"12785",2,3,2,904.40,883.31,40.0,3.6,41,41
"12967",2,3,2,2938.52,2472.37,40.0,17.7,47,44
"12994",3,3,2,974.42,902.22,40.0,16.4,52,52
"13107",43,9,6,5253.07,5109.62,40.0,5.8,142,140
"13151",202,3,2,2454.71,2385.66,40.0,3.7,130,127
"13171",7,3,2,468.41,426.81,40.0,4.2,37,37
"13186",39,3,2,1575.89,1539.69,40.0,6.0,69,69
"13299",267,3,2,1218.70,1173.30,40.0,6.1,56,55
"13300",164,3,2,1285.51,1267.21,40.0,5.2,44,43
"13453",165,3,2,781.69,758.99,40.0,4.8,33,31
"13501",242,3,2,2885.11,2840.26,40.0,1.7,90,90
"13517",59,3,2,2128.42,2109.07,40.0,1.4,125,120
"13584",306,3,2,385.70,340.40,40.0,5.9,74,70
"13711",218,9,6,1792.26,1632.61,40.0,10.7,80,76
"13729",435,3,2,724.73,676.43,40.0,11.4,36,36
"13814",55,3,2,2257.32,2239.07,40.0,2.5,56,54
"13820",417,3,2,652.75,632.50,40.0,3.3,68,61
"13877",85,3,2,449.68,446.33,40.0,8.0,23,23
"13894",21,3,2,564.62,535.97,40.0,10.0,25,24
"13922",351,3,2,865.20,826.65,40.0,6.3,30,30
"13965",454,3,2,996.61,777.66,40.0,14.3,23,23
"14087",2,3,2,829.47,786.72,40.0,0.9,175,164
"14122",394,3,2,362.42,309.77,40.0,18.8,12,12
"14188",8,6,4,2054.36,2018.91,40.0,8.5,34,34
"14195",201,6,4,2615.60,2401.40,40.0,23.8,10,10
"14206",238,3,2,1185.01,1145.21,40.0,2.7,62,62
"14304",222,3,2,1725.01,1523.81,40.0,11.1,69,69
"14305",70,3,2,1858.96,1803.76,40.0,4.5,96,94
"14338",157,3,2,928.10,894.10,40.0,5.7,43,43
"14400",140,3,2,1732.47,1703.00,40.0,5.2,71,70
"14425",426,3,2,661.39,635.89,40.0,4.9,35,34
"14430",511,3,2,1220.90,992.10,40.0,10.3,29,23
"14558",652,3,2,655.50,614.10,40.0,11.8,13,13
"14679",371,3,2,1289.44,1272.95,40.0,6.0,49,49
"14893",9,3,2,1809.61,1785.01,40.0,2.8,98,94
"14894",84,3,2,1492.81,1412.21,40.0,6.1,39,38
"14902",20,3,2,1035.62,1000.27,40.0,9.2,51,49
"14909",427,3,2,1404.68,1380.98,40.0,2.4,61,59
"15076",172,3,2,1447.74,1425.84,40.0,2.4,68,68
"15097",3,3,2,908.35,587.05,40.0,2.9,59,59
"15207",409,3,2,683.92,657.27,40.0,7.7,19,19
"15238",28,3,2,1071.99,1056.54,40.0,3.8,49,49
"15344",0,3,2,563.94,476.58,40.0,18.8,21,21
"15449",25,3,2,974.52,971.22,40.0,3.2,47,47
"15533",18,3,2,807.57,746.92,40.0,3.5,73,71
"15535",172,6,4,1044.37,955.12,40.0,3.0,88,83
"15639",133,3,2,1065.08,1028.33,40.0,4.2,61,61
"15676",8,3,2,3435.76,3324.09,40.0,6.5,191,191
"15724",200,3,2,310.85,299.80,40.0,15.0,17,17
"15729",197,3,2,192.55,154.70,40.0,15.4,10,10
"15839",24,3,2,1048.49,1020.74,40.0,4.6,56,56
"15978",76,3,2,3279.42,3272.62,40.0,1.5,107,104
"15994",54,3,2,1175.68,1172.34,40.0,1.8,93,93
"16092",98,6,4,1587.94,1515.49,40.0,4.3,60,60
"16245",23,3,2,1413.66,1352.36,40.0,3.2,80,80
"16533",18,3,2,1082.81,1014.19,40.0,2.2,112,111
"16555",34,6,4,1915.68,285.89,40.0,42.6,59,59
"16634",222,6,4,1649.81,1198.30,40.0,22.4,72,72
"16642",4,3,2,1077.45,1051.46,40.0,5.3,50,49
"16772",416,3,2,3698.05,2760.10,40.0,15.0,54,53
"16795",364,3,2,2062.41,2035.21,40.0,2.9,306,296
"16835",127,6,4,1456.66,1389.76,40.0,5.7,58,55
"16863",28,3,2,834.27,812.82,40.0,4.1,43,43
"16894",501,3,2,1306.96,1265.26,40.0,3.1,186,162
"16975",413,3,2,926.12,902.42,40.0,4.3,44,41
"17172",78,3,2,956.57,915.49,40.0,7.1,39,38
"17204",168,9,6,5504.69,5263.69,40.0,6.8,110,108
"17405",0,3,2,1031.41,967.22,40.0,12.8,77,77
"17423",44,3,2,1118.95,1084.17,40.0,4.4,39,39
"17539",626,3,2,1161.84,997.34,40.0,1.4,131,127
"17649",134,3,2,1578.89,1542.44,40.0,3.0,88,86
"17779",20,3,2,650.32,633.92,40.0,2.4,73,71
"18084",15,3,2,795.23,176.03,40.0,30.0,7,7
"18167",3,3,2,1384.86,1361.51,40.0,11.9,24,24
"18189",77,3,2,1403.73,1396.58,40.0,2.3,79,79
"18193",150,3,2,1207.35,1176.55,40.0,2.8,66,66
"18276",20,6,4,1656.52,1620.67,40.0,5.1,81,81
"14277",14,8,5,16789.16,3959.82,38.5,18.3,332,312
"12408",32,8,5,3905.77,3859.64,38.5,6.2,103,100
"15810",78,8,5,2999.04,2724.80,38.5,14.0,89,82
"14685",575,8,5,4536.64,4241.16,38.5,4.6,109,107
"15658",189,8,5,2117.27,1964.14,38.5,13.4,80,80
"16499",359,8,5,2578.34,2509.64,38.5,4.0,104,104
"12909",39,8,5,3103.19,3034.77,38.5,6.0,120,117
"14102",4,5,3,1105.88,1060.33,37.5,7.9,35,35
"14407",106,5,3,2142.73,2096.08,37.5,4.0,66,66
"13405",203,5,3,1198.81,1181.56,37.5,6.8,32,32
"16658",367,5,3,680.83,563.48,37.5,13.9,48,46
"15881",311,5,3,501.39,438.24,37.5,9.4,26,26
"14000",205,5,3,2046.34,1877.59,37.5,5.8,28,22
"14934",72,5,3,3403.50,2471.07,37.5,25.0,114,112
"13425",107,5,3,3390.43,3362.73,37.5,1.7,124,122
"14232",31,5,3,2048.07,2043.93,37.5,2.5,81,79
"14443",53,5,3,2082.97,2063.65,37.5,3.6,119,119
"16736",505,5,3,2956.56,2904.51,37.5,2.7,116,108
"15128",59,5,3,1783.68,1735.93,37.5,6.1,87,84
"13506",311,5,3,1338.08,1308.53,37.5,5.8,55,54
"15224",357,5,3,871.36,837.26,37.5,12.5,24,24
"13310",8,5,3,1541.20,1492.80,37.5,5.0,80,77
"14038",77,5,3,3069.88,3000.93,37.5,4.2,99,94
"17610",539,5,3,1511.94,1410.29,37.5,8.9,114,108
"12693",120,7,4,1415.02,1352.42,36.4,5.3,62,61
"16474",6,7,4,1810.49,1750.46,36.4,2.3,236,234
"13979",72,7,4,3373.63,3284.23,36.4,1.5,355,337
"15215",44,7,4,2422.43,1496.46,36.4,28.9,85,85
"15339",65,7,4,1821.02,1627.27,36.4,3.5,162,158
"13630",4,7,4,2031.78,1995.68,36.4,11.3,51,49
"12854",78,7,4,2970.97,2899.32,36.4,3.7,188,180
"17679",52,7,4,3577.61,3166.56,36.4,22.9,70,70
"12840",143,7,4,4041.97,4013.87,36.4,2.8,109,107
"17048",114,7,4,2071.68,1991.45,36.4,5.6,88,87
"14229",51,7,4,2594.04,2468.99,36.4,7.7,41,41
"17095",21,7,4,2572.25,2520.75,36.4,2.8,110,94
"14655",3,7,4,3878.51,3836.73,36.4,5.5,72,69
"16768",47,9,5,1698.57,1637.52,35.7,6.4,108,106
"15625",99,9,5,3236.40,3203.25,35.7,3.4,106,106
"15708",40,9,5,3887.15,3840.73,35.7,2.9,135,132
"14497",300,2,1,697.06,679.16,33.3,4.8,40,40
"15782",9,4,2,4014.10,3985.65,33.3,3.2,51,51
"14483",149,2,1,257.10,249.20,33.3,7.1,13,13
"14474",42,2,1,1258.89,1248.94,33.3,0.8,122,122
"15816",541,2,1,144.15,93.30,33.3,8.3,11,11
"15826",50,4,2,2598.28,2583.13,33.3,1.7,100,99
"14403",129,6,3,1880.51,1822.76,33.3,24.2,20,20
"12559",310,2,1,525.71,500.21,33.3,4.8,20,20
"15840",58,2,1,355.56,345.66,33.3,3.6,26,26
"15842",387,2,1,548.80,528.75,33.3,10.7,24,24
"15877",1,2,1,490.33,437.83,33.3,1.6,122,120
"14382",25,2,1,1193.63,1187.68,33.3,0.4,227,211
"14372",442,2,1,860.08,830.18,33.3,2.6,36,36
"14370",450,6,3,1175.78,1092.13,33.3,10.2,37,36
"14342",20,6,3,918.44,843.74,33.3,8.3,27,27
"14322",426,4,2,474.10,384.30,33.3,23.5,10,10
"14314",106,2,1,229.80,221.90,33.3,9.1,10,10
"14311",224,2,1,516.45,435.90,33.3,18.4,31,30
"12546",46,2,1,1021.50,1001.50,33.3,1.5,58,58
"18286",476,2,1,1246.43,1138.43,33.3,4.3,66,63
"14296",413,2,1,456.40,448.45,33.3,3.6,27,26
"16039",423,2,1,456.40,449.65,33.3,3.0,27,27
"16048",85,4,2,818.79,800.09,33.3,5.3,30,27
"14237",372,2,1,471.14,466.04,33.3,3.7,26,26
"14231",178,4,2,1235.62,1131.97,33.3,5.5,66,65
"16075",502,2,1,736.93,726.98,33.3,2.4,41,41
"16080",81,4,2,602.56,472.90,33.3,9.1,29,28
"12531",14,2,1,1771.20,1737.05,33.3,4.5,125,122
"14226",28,6,3,2985.13,2950.38,33.3,6.7,89,89
"14199",217,4,2,1091.70,916.50,33.3,10.0,15,15
"14168",420,2,1,370.45,305.90,33.3,11.8,11,11
"16124",315,4,2,1772.49,1709.39,33.3,6.8,63,62
"14151",672,2,1,679.45,666.70,33.3,2.2,44,40
"14141",2,4,2,915.13,879.03,33.3,13.0,27,27
"14140",3,2,1,935.05,920.05,33.3,1.5,60,60
"14133",129,4,2,911.14,895.84,33.3,5.3,33,33
"14121",3,4,2,2780.15,2740.30,33.3,1.2,148,146
"16177",49,8,4,2247.31,2141.61,33.3,7.8,79,78
"16217",234,2,1,304.25,266.45,33.3,16.7,13,13
"14119",353,2,1,183.37,163.47,33.3,8.3,11,11
"12519",63,2,1,626.54,595.19,33.3,5.1,33,31
"14043",490,2,1,302.60,299.65,33.3,2.4,37,34
"14011",479,2,1,457.82,451.92,33.3,3.0,32,32
"14010",564,2,1,445.15,288.10,33.3,14.3,20,19
"16283",5,8,4,4348.62,4256.17,33.3,1.9,384,362
"16296",625,4,2,1313.67,1245.97,33.3,10.8,56,56
"13964",386,2,1,438.90,421.90,33.3,4.0,22,22
"13958",371,8,4,4709.23,4504.78,33.3,7.3,172,170
"13954",1,2,1,439.92,378.59,33.3,16.7,24,24
"16309",91,2,1,706.57,686.67,33.3,4.5,39,39
"13937",168,2,1,880.13,867.38,33.3,1.8,54,52
"13927",74,2,1,708.26,689.96,33.3,6.8,37,35
"16376",8,2,1,974.96,965.47,33.3,2.4,104,103
"13925",35,4,2,678.25,616.65,33.3,8.9,28,28
"13914",3,2,1,626.45,613.95,33.3,2.9,28,28
"13863",244,4,2,1239.55,1217.63,33.3,5.4,59,53
"13861",428,2,1,273.26,251.31,33.3,8.7,21,21
"13836",398,2,1,620.37,602.52,33.3,6.1,29,29
"16424",190,2,1,443.06,392.06,33.3,7.1,10,10
"16449",190,2,1,707.69,674.69,33.3,7.0,40,40
"13834",576,2,1,324.19,269.89,33.3,20.0,15,15
"16465",413,2,1,746.24,726.34,33.3,2.0,45,44
"16471",274,4,2,1189.98,1186.18,33.3,3.1,48,47
"13832",17,2,1,609.89,598.64,33.3,1.8,54,52
"13813",39,8,4,2387.47,2308.42,33.3,6.9,83,81
"16484",173,2,1,404.30,379.40,33.3,3.8,25,25
"16491",46,2,1,1533.16,1524.31,33.3,1.1,86,85
"16498",160,2,1,100.97,86.12,33.3,6.3,15,15
"16518",60,4,2,959.37,938.27,33.3,4.2,61,60
"12504",17,4,2,689.05,321.00,33.3,26.1,10,10
"13791",42,2,1,1516.00,1047.68,33.3,35.3,7,7
"13787",75,6,3,1222.50,1173.70,33.3,8.5,71,68
"13734",508,4,2,6695.69,3445.34,33.3,6.9,24,21
"16544",519,4,2,376.70,110.30,33.3,21.4,8,7
"13733",410,2,1,487.03,484.53,33.3,3.3,28,28
"18280",277,2,1,488.15,472.45,33.3,6.3,28,28
"13703",317,2,1,425.56,99.50,33.3,49.3,36,36
"13699",154,2,1,764.15,711.40,33.3,7.5,33,33
"13684",285,4,2,594.88,544.42,33.3,3.6,81,70
"13676",538,2,1,243.90,153.15,33.3,13.3,13,13
"16590",380,2,1,605.90,563.60,33.3,12.1,26,26
"13651",39,2,1,211.85,193.95,33.3,7.1,13,13
"16604",547,2,1,432.45,326.25,33.3,20.0,10,10
"13646",399,2,1,326.25,323.30,33.3,1.7,58,56
"13641",640,4,2,942.37,847.72,33.3,12.2,40,36
"13635",67,4,2,2999.16,2948.22,33.3,3.0,135,135
"18282",7,2,1,178.05,176.60,33.3,7.7,12,12
"12493",165,2,1,379.74,362.79,33.3,4.8,18,18
"16643",245,2,1,923.11,915.56,33.3,5.2,48,48
"16653",15,2,1,1212.66,1166.92,33.3,9.2,67,66
"16677",392,2,1,880.62,849.77,33.3,4.1,45,45
"13626",252,2,1,707.04,689.49,33.3,4.3,44,44
"16689",75,2,1,422.60,355.10,33.3,13.3,12,11
"13615",312,8,4,6272.53,6212.23,33.3,2.4,259,251
"13607",39,2,1,1075.81,1058.11,33.3,0.8,110,107
"13597",387,2,1,396.71,377.21,33.3,5.6,17,16
"13594",52,2,1,533.32,508.42,33.3,5.7,31,31
"16763",184,2,1,964.70,947.75,33.3,2.2,44,44
"16781",364,2,1,623.00,606.40,33.3,4.9,36,34
"12465",7,2,1,682.19,673.89,33.3,8.2,45,45
"13587",31,4,2,1673.50,1308.10,33.3,9.1,27,27
"16799",431,2,1,452.78,447.83,33.3,1.1,81,81
"13545",390,2,1,364.93,337.64,33.3,3.6,54,52
"13541",422,2,1,785.25,717.90,33.3,16.7,10,10
"18217",28,4,2,945.04,902.80,33.3,9.1,33,33
"16838",196,4,2,1159.61,1126.66,33.3,3.3,53,51
"18218",205,4,2,1121.84,1086.14,33.3,7.3,25,23
"13519",49,2,1,343.21,331.26,33.3,5.0,19,19
"12463",45,4,2,1200.78,1165.63,33.3,4.8,64,63
"16897",298,2,1,289.78,213.03,33.3,15.9,37,36
"13496",10,2,1,653.33,617.93,33.3,2.8,28,27
"16911",626,2,1,255.25,251.35,33.3,5.4,30,28
"16917",276,2,1,1851.88,1842.93,33.3,2.0,45,45
"13406",426,2,1,568.92,557.22,33.3,10.0,7,7
"16955",184,6,3,1120.31,1072.06,33.3,5.7,33,32
"13393",583,4,2,1131.45,1105.85,33.3,5.5,53,46
"13377",396,2,1,1452.88,1445.43,33.3,2.6,70,69
"18227",217,2,1,388.75,93.75,33.3,14.3,6,6
"13375",80,2,1,1792.23,1786.48,33.3,1.4,62,62
"16993",462,2,1,1950.95,1688.15,33.3,3.4,19,17
"17005",470,2,1,622.36,612.41,33.3,5.3,14,14
"13360",427,4,2,1503.65,1464.10,33.3,8.5,57,57
"13350",15,2,1,879.12,810.72,33.3,7.3,35,35
"13320",69,6,3,2211.60,2144.45,33.3,3.2,98,98
"17094",317,2,1,402.20,370.40,33.3,5.3,18,18
"17119",2,2,1,606.91,593.61,33.3,7.9,35,35
"13252",393,2,1,399.30,341.30,33.3,13.6,19,19
"13250",452,2,1,253.09,245.59,33.3,5.0,17,17
"13236",24,2,1,744.85,727.27,33.3,7.7,34,34
"17166",38,2,1,206.34,189.49,33.3,14.3,11,11
"13224",59,2,1,2152.95,2147.85,33.3,0.9,100,97
"17170",373,2,1,178.68,118.98,33.3,9.1,8,8
"18228",49,2,1,779.90,769.20,33.3,6.3,23,23
"12445",21,2,1,378.98,370.48,33.3,4.2,23,21
"17239",312,4,2,1189.45,1174.15,33.3,5.9,18,18
"13217",121,4,2,666.48,266.12,33.3,37.5,3,3
"13198",9,8,4,4974.23,4912.28,33.3,2.5,265,260
"12375",2,2,1,377.50,375.42,33.3,6.3,13,12
"13166",281,2,1,875.93,873.43,33.3,1.4,55,55
"13164",568,2,1,372.20,308.45,33.3,9.1,7,7
"17344",45,2,1,457.36,443.86,33.3,1.5,64,61
"13134",72,6,3,2475.23,2422.28,33.3,5.5,110,105
"17366",391,2,1,1077.24,1075.59,33.3,0.8,120,109
"13106",128,2,1,603.46,586.46,33.3,5.9,15,15
"12440",456,2,1,739.20,648.15,33.3,9.1,20,17
"13066",23,2,1,470.80,430.90,33.3,2.0,48,48
"12439",682,2,1,1142.88,1089.18,33.3,4.1,69,69
"17440",147,4,2,323.58,314.26,33.3,33.3,4,4
"17462",50,2,1,675.69,662.94,33.3,3.6,25,25
"17473",400,2,1,607.00,592.15,33.3,2.9,33,33
"13055",63,4,2,2321.11,2292.51,33.3,2.5,145,145
"17480",73,2,1,882.23,876.92,33.3,3.6,50,50
"17499",289,2,1,1341.39,1296.84,33.3,2.7,66,63
"13028",22,2,1,661.32,659.68,33.3,4.3,40,36
"17527",53,4,2,939.37,888.86,33.3,4.1,45,45
"13024",463,2,1,555.87,535.42,33.3,8.8,26,26
"12426",194,2,1,1201.21,1167.41,33.3,6.3,72,72
"13005",173,4,2,999.68,935.03,33.3,6.7,41,41
"17548",217,4,2,731.26,486.48,33.3,26.1,22,22
"12985",0,2,1,1239.38,1215.62,33.3,2.6,73,72
"12972",413,4,2,1161.20,1115.95,33.3,9.4,69,69
"12907",395,2,1,508.91,440.36,33.3,13.8,23,23
"12905",576,2,1,1018.42,1011.82,33.3,1.8,52,52
"17622",596,2,1,1130.21,1125.17,33.3,2.6,19,19
"12895",41,2,1,372.80,347.30,33.3,8.3,22,21
"12889",380,4,2,385.46,365.66,33.3,7.4,25,25
"12425",77,2,1,1741.41,1680.81,33.3,4.2,87,81
"17658",10,2,1,595.42,485.88,33.3,17.4,17,15
"17678",263,2,1,599.76,579.81,33.3,3.4,27,27
"15433",78,2,1,533.30,417.87,33.3,22.6,40,40
"15461",460,2,1,429.70,391.30,33.3,60.0,1,1
"14870",261,6,3,1838.95,1794.60,33.3,5.8,43,43
"14869",3,6,3,2778.14,2750.70,33.3,3.6,187,181
"15489",22,8,4,2419.61,2327.36,33.3,7.3,75,75
"14840",267,2,1,362.71,340.21,33.3,8.3,20,19
"18110",18,2,1,392.28,362.03,33.3,4.0,58,54
"14835",526,2,1,297.00,293.10,33.3,33.3,1,1
"15546",606,2,1,1079.10,539.55,33.3,33.3,6,1
"14793",3,2,1,625.90,611.05,33.3,2.5,39,38
"15563",8,6,3,2820.46,2764.67,33.3,1.5,178,171
"14771",605,2,1,594.62,579.92,33.3,6.0,46,45
"14768",16,2,1,192.60,139.50,33.3,16.7,4,4
"15597",29,2,1,563.37,554.52,33.3,2.6,35,35
"15603",78,2,1,88.48,74.73,33.3,20.0,4,3
"14629",3,2,1,955.26,935.46,33.3,0.7,133,133
"14620",203,2,1,412.78,393.28,33.3,13.3,26,25
"15621",3,4,2,1293.03,1158.77,33.3,11.1,11,8
"15638",300,6,3,2265.20,2137.20,33.3,13.8,20,20
"12610",22,4,2,1747.54,1705.99,33.3,4.7,84,84
"14619",238,2,1,1291.24,1276.31,33.3,3.2,58,58
"14611",438,2,1,604.33,599.38,33.3,2.6,37,37
"15650",514,2,1,553.88,539.03,33.3,2.7,33,33
"14598",43,2,1,384.04,221.97,33.3,30.8,83,83
"15664",50,4,2,1231.53,1199.53,33.3,4.2,53,51
"15670",296,2,1,325.20,315.20,33.3,5.0,19,19
"12572",8,2,1,912.42,896.72,33.3,3.3,52,52
"15682",598,2,1,318.24,316.99,33.3,3.8,25,25
"14567",34,2,1,1530.36,1524.46,33.3,2.9,33,33
"15700",171,2,1,696.68,664.03,33.3,3.4,85,84
"14537",57,2,1,641.40,635.45,33.3,4.2,23,23
"15713",142,4,2,839.64,814.84,33.3,3.7,48,48
"12560",4,2,1,1918.01,1885.39,33.3,5.5,90,90
"15728",48,2,1,544.60,409.80,33.3,25.0,10,9
"18158",8,2,1,453.40,451.75,33.3,2.9,24,24
"15736",429,2,1,1767.12,1668.67,33.3,2.9,95,93
"15737",14,8,4,1188.12,1121.21,33.3,10.1,60,60
"15745",8,4,2,1094.59,1071.24,33.3,4.6,57,56
"14501",63,2,1,251.21,190.31,33.3,16.7,9,9
"15763",31,2,1,1086.92,1048.67,33.3,3.2,58,57
"14949",459,4,2,515.00,498.55,33.3,10.0,16,16
"15347",365,4,2,1162.00,1132.30,33.3,5.3,29,29
"15363",240,2,1,678.11,670.16,33.3,2.8,32,32
"15398",15,2,1,1345.53,1339.63,33.3,1.4,60,60
"15406",17,4,2,975.87,891.77,33.3,3.9,108,105
"14930",108,6,3,5236.73,5126.74,33.3,2.1,213,204
"15429",26,2,1,397.35,364.90,33.3,1.2,77,76
"15430",467,2,1,954.75,903.75,33.3,12.2,36,35
"14926",381,2,1,359.40,337.65,33.3,25.0,2,2
"12384",28,2,1,425.27,406.16,33.3,10.7,25,25
"12886",67,2,1,1378.40,1351.09,33.3,4.7,75,75
"12878",17,2,1,854.99,841.64,33.3,4.1,38,36
"17702",29,6,3,3144.04,2999.94,33.3,6.1,120,114
"12874",384,2,1,873.42,858.42,33.3,2.1,43,43
"17718",231,2,1,439.18,386.98,33.3,4.2,22,22
"12822",70,2,1,948.88,918.98,33.3,2.1,41,41
"12790",191,2,1,546.85,518.45,33.3,7.9,35,35
"17776",386,2,1,329.30,322.55,33.3,1.3,73,71
"12733",233,4,2,2424.02,2325.97,33.3,3.1,116,112
"12722",84,4,2,979.63,886.33,33.3,7.1,49,49
"17856",1,4,2,1418.03,1393.79,33.3,11.8,12,12
"12719",4,2,1,572.95,536.10,33.3,7.5,33,32
"12677",554,2,1,359.10,353.30,33.3,9.5,12,12
"17977",28,2,1,1511.45,1453.55,33.3,1.9,94,88
"17997",73,8,4,1962.46,1520.47,33.3,6.8,133,126
"12672",329,2,1,407.05,380.50,33.3,12.5,21,21
"12663",624,2,1,185.40,150.00,33.3,11.1,8,8
"18024",152,2,1,389.78,236.78,33.3,4.5,21,21
"18030",3,2,1,230.65,220.70,33.3,10.0,8,8
"12656",16,8,4,5723.83,5636.78,33.3,2.4,173,171
"18056",287,2,1,554.60,539.75,33.3,3.2,28,28
"18062",172,6,3,1632.67,1523.37,33.3,5.3,46,43
"15212",238,2,1,208.28,195.43,33.3,16.7,7,7
"15213",318,2,1,328.35,325.05,33.3,4.0,22,22
"15197",8,6,3,1877.51,1437.84,33.3,9.2,44,44
"15158",44,2,1,606.02,437.66,33.3,15.4,11,11
"12652",321,2,1,891.03,885.58,33.3,5.7,50,50
"15239",9,2,1,780.59,764.34,33.3,5.8,48,48
"15253",15,8,4,2055.09,2033.29,33.3,4.1,102,100
"15257",280,2,1,685.90,600.90,33.3,7.7,11,11
"15264",63,2,1,848.40,844.20,33.3,3.5,52,52
"15146",164,2,1,1327.16,1313.66,33.3,4.2,90,89
"15135",232,2,1,305.68,293.78,33.3,4.8,17,17
"15115",17,2,1,531.85,528.10,33.3,2.8,35,35
"15110",23,6,3,1505.85,1482.95,33.3,7.0,23,23
"15315",63,2,1,570.50,551.54,33.3,2.6,35,35
"15104",166,2,1,993.54,968.64,33.3,2.9,66,65
"15322",63,2,1,1390.86,1314.15,33.3,7.8,76,76
"15088",20,2,1,1160.07,1140.27,33.3,5.0,53,52
"15045",151,2,1,735.66,633.66,33.3,7.7,11,11
"15341",80,2,1,2402.72,2401.02,33.3,4.0,22,20
"14981",245,2,1,372.92,313.52,33.3,8.3,20,20
"12644",129,4,2,1900.49,1797.54,33.3,9.8,105,102
"17490",0,9,4,2750.50,2595.01,30.8,7.2,93,93
"12626",22,9,4,5954.48,5722.35,30.8,4.4,231,229
"12484",34,9,4,5557.10,5490.80,30.8,1.9,328,314
"14456",4,9,4,3014.32,3000.80,30.8,0.6,579,560
"13799",116,9,4,2803.57,2039.82,30.8,8.6,64,60
"14198",3,9,4,1569.73,1527.58,30.8,6.2,58,56
"13048",13,9,4,4049.13,4000.08,30.8,1.9,125,120
"16996",29,9,4,2123.61,2044.16,30.8,13.8,32,32
"13982",38,9,4,3954.29,3927.49,30.8,5.1,123,123
"13658",9,9,4,6025.50,5772.07,30.8,3.3,164,158
