"customer_id","recency_days","monetary_gross","monetary_net","gross_net_gap","frequency_completed","cancellation_count"
"16995",371,NULL,NULL,NULL,NULL,NULL
"13353",388,NULL,NULL,NULL,NULL,NULL
"16754",371,65500.07,54692.82,10807.25,29,5
"13564",353,15880.22,15613.10,267.12,36,13
"14134",382,11123.35,11123.35,0.00,15,0
"13206",399,8308.19,8308.19,0.00,13,0
"15369",374,6251.26,3346.43,2904.83,11,1
"15332",365,4892.68,4892.68,0.00,6,0
"13958",371,4709.23,4504.78,204.45,8,4
"17308",392,4511.76,4511.76,0.00,2,0
"16118",392,4376.25,4255.43,120.82,1,4
"16858",365,4292.59,4085.74,206.85,10,6
"16125",366,4292.35,4292.35,0.00,14,0
"17307",364,3999.89,3378.31,621.58,11,4
"13542",376,3959.49,3924.09,35.40,17,1
"17876",399,3424.02,3424.02,0.00,3,0
"13786",366,3127.99,3112.99,15.00,6,1
"16718",368,3006.08,3006.08,0.00,5,0
"17241",384,2736.64,2736.64,0.00,12,0
"16499",359,2578.34,2509.64,68.70,8,5
"12978",384,2502.82,2496.07,6.75,5,1
"16202",360,2501.99,2467.04,34.95,9,2
"16812",360,2392.00,2216.80,175.20,4,1
"15476",379,2209.98,2180.28,29.70,4,1
"17732",372,2166.42,2144.17,22.25,8,2
"14399",393,2108.21,2093.21,15.00,8,1
"16795",364,2062.41,2035.21,27.20,3,2
"15221",365,2062.20,1702.00,360.20,4,3
"13874",357,2049.15,1989.20,59.95,7,3
"16065",364,1992.13,1975.13,17.00,8,2
"15789",357,1962.01,1932.01,30.00,6,1
"15425",399,1941.12,1941.12,0.00,4,0
"12725",370,1906.76,1906.76,0.00,3,0
"16797",392,1802.02,1761.02,41.00,5,4
"13648",399,1759.07,1681.12,77.95,8,3
"16510",371,1757.25,1757.25,0.00,6,0
"16087",388,1739.92,1739.92,0.00,5,0
"13665",385,1711.66,1711.66,0.00,3,0
"12870",365,1676.95,1662.05,14.90,3,1
"12385",378,1668.40,1668.40,0.00,1,0
"13554",379,1629.35,1547.46,81.89,7,3
"13154",398,1624.84,1609.29,15.55,3,1
"17814",374,1609.37,1609.37,0.00,2,0
"13156",384,1586.54,1586.54,0.00,3,0
"15279",354,1580.54,1554.84,25.70,5,2
"13202",378,1580.30,1571.35,8.95,7,1
"15590",381,1496.60,1496.60,0.00,5,0
"15173",380,1494.60,1399.26,95.34,7,1
"16314",389,1491.40,1491.40,0.00,3,0
"13377",396,1452.88,1445.43,7.45,2,1
"17496",358,1412.89,1385.89,27.00,4,1
"16727",363,1377.77,1377.77,0.00,4,0
"15580",376,1375.39,1216.15,159.24,8,6
"16588",385,1361.28,1361.28,0.00,4,0
"17150",376,1357.95,1357.95,0.00,6,0
"14899",394,1331.38,1331.38,0.00,1,0
"14679",371,1289.44,1272.95,16.49,3,2
"14478",381,1276.66,1276.66,0.00,4,0
"17343",354,1259.94,1259.94,0.00,6,0
"15441",395,1254.21,1254.21,0.00,3,0
"12666",358,1248.42,1020.98,227.44,1,1
"12805",381,1230.95,1230.95,0.00,4,0
"14821",366,1230.15,1230.15,0.00,7,0
"13019",378,1229.95,1212.95,17.00,6,2
"17342",373,1227.54,1155.84,71.70,4,3
"16946",382,1222.04,1199.54,22.50,5,1
"13304",350,1217.99,1120.79,97.20,4,3
"15390",395,1216.66,1216.66,0.00,2,0
"15377",382,1211.75,1179.95,31.80,4,1
"12629",385,1198.22,1198.22,0.00,2,0
"17713",381,1198.09,1198.09,0.00,4,0
"13293",391,1192.94,1180.34,12.60,6,1
"14213",371,1192.20,0.00,1192.20,1,1
"16501",382,1191.23,1191.23,0.00,1,0
"14275",395,1189.38,1189.38,0.00,6,0
"18025",379,1177.72,1177.72,0.00,6,0
"16926",370,1169.61,1158.66,10.95,5,1
"18057",392,1168.14,1168.14,0.00,3,0
"15347",365,1162.00,1132.30,29.70,4,2
"17525",359,1161.90,1161.90,0.00,3,0
"17978",364,1159.99,1159.99,0.00,4,0
"17908",373,1142.47,1088.82,53.65,5,2
"16270",352,1141.24,1141.24,0.00,1,0
"12605",364,1124.95,1117.45,7.50,3,1
"15828",374,1108.82,1108.82,0.00,1,0
"13295",359,1101.97,1061.27,40.70,4,5
"17726",394,1092.06,1089.56,2.50,7,1
"16223",374,1087.05,1087.05,0.00,2,0
"17366",391,1077.24,1075.59,1.65,2,1
"16231",378,1074.47,1074.47,0.00,4,0
"17421",385,1059.41,1059.41,0.00,3,0
"13065",372,1055.05,1050.10,4.95,5,1
"17310",386,1025.10,1025.10,0.00,2,0
"18074",373,1019.44,1019.44,0.00,2,0
"12803",392,1017.81,1017.81,0.00,1,0
"16787",397,1017.53,1017.53,0.00,4,0
"13857",392,1000.91,997.01,3.90,6,1
"16699",379,994.60,964.90,29.70,7,1
"14510",375,979.85,964.55,15.30,3,1
"14454",375,977.30,970.70,6.60,5,1
"17456",364,975.56,975.56,0.00,2,0
"16254",377,967.44,967.44,0.00,3,0
"15084",379,965.20,965.20,0.00,2,0
"14615",393,951.76,934.26,17.50,5,1
"12767",375,949.82,949.82,0.00,1,0
"17544",389,944.82,944.82,0.00,3,0
"14994",381,942.77,886.64,56.13,5,2
"16199",391,942.75,942.75,0.00,7,0
"15792",399,933.84,933.84,0.00,2,0
"15723",364,930.70,930.70,0.00,4,0
"17322",375,922.59,900.64,21.95,5,2
"14605",373,920.71,920.71,0.00,4,0
"17363",394,920.46,920.46,0.00,3,0
"16138",367,910.35,902.40,7.95,3,1
"14065",388,891.02,889.37,1.65,3,1
"14813",369,888.91,888.91,0.00,4,0
"16228",373,885.71,881.06,4.65,3,1
"18141",360,882.47,838.57,43.90,2,2
"16677",392,880.62,849.77,30.85,2,1
"12874",384,873.42,858.42,15.00,2,1
"14437",365,873.34,850.84,22.50,5,1
"15224",357,871.36,837.26,34.10,5,3
"17167",379,867.11,867.11,0.00,3,0
"13922",351,865.20,826.65,38.55,3,2
"13891",377,859.21,859.21,0.00,3,0
"13945",394,854.15,854.15,0.00,2,0
"14202",380,847.76,847.76,0.00,3,0
"13970",385,846.55,846.55,0.00,2,0
"13996",385,845.76,845.76,0.00,2,0
"14922",393,843.74,843.74,0.00,2,0
"14355",365,840.05,840.05,0.00,3,0
"13795",387,836.30,836.30,0.00,4,0
"15617",395,828.55,828.55,0.00,3,0
"17880",364,824.92,824.92,0.00,3,0
"17683",385,819.01,819.01,0.00,3,0
"15180",366,816.93,816.93,0.00,3,0
"17251",362,798.98,790.28,8.70,3,1
"17281",373,797.85,797.85,0.00,6,0
"16155",381,796.90,781.05,15.85,5,1
"17952",377,788.46,788.46,0.00,4,0
"12505",392,787.20,744.50,42.70,1,1
"17194",360,776.66,776.66,0.00,2,0
"16565",363,773.05,700.45,72.60,4,1
"16262",360,755.15,677.78,77.37,1,2
"13370",365,754.87,721.32,33.55,1,1
"16972",382,749.00,749.00,0.00,2,0
"13108",372,748.46,748.46,0.00,2,0
"15070",372,737.05,737.05,0.00,3,0
"13921",398,730.70,720.75,9.95,4,1
"17756",375,728.75,728.75,0.00,3,0
"17547",371,727.85,692.35,35.50,2,2
"17860",368,717.39,717.39,0.00,4,0
"15361",361,689.07,689.07,0.00,4,0
"13987",379,682.54,682.54,0.00,2,0
"16658",367,680.83,563.48,117.35,5,3
"17782",382,679.02,679.02,0.00,2,0
"15562",351,671.43,671.43,0.00,3,0
"14142",372,671.34,655.94,15.40,2,2
"16679",365,663.31,663.31,0.00,3,0
"13864",386,662.40,662.40,0.00,1,0
"12791",373,656.83,656.83,0.00,5,0
"15945",364,646.27,646.27,0.00,4,0
"13237",387,643.00,643.00,0.00,1,0
"12880",381,640.13,640.13,0.00,2,0
"17998",379,639.24,601.74,37.50,3,1
"17691",357,637.55,627.35,10.20,4,1
"14365",394,634.68,634.68,0.00,2,0
"16781",364,623.00,606.40,16.60,2,1
"13836",398,620.37,602.52,17.85,2,1
"13444",373,619.08,619.08,0.00,2,0
"12855",372,612.84,612.84,0.00,4,0
"16590",380,605.90,563.60,42.30,2,1
"12734",352,603.65,603.65,0.00,3,0
"17815",392,591.96,591.96,0.00,1,0
"17098",381,591.07,591.07,0.00,3,0
"17968",373,590.44,590.44,0.00,4,0
"13270",365,590.00,590.00,0.00,1,0
"15160",356,589.27,589.27,0.00,4,0
"14729",373,586.24,586.24,0.00,3,0
"16001",380,583.39,519.06,64.33,1,1
"14170",374,570.18,570.18,0.00,3,0
"15169",381,569.22,569.22,0.00,2,0
"14932",365,566.13,566.13,0.00,2,0
"14986",375,563.10,563.10,0.00,2,0
"15842",387,548.80,528.75,20.05,2,1
"13948",360,548.76,536.86,11.90,4,1
"18039",373,548.22,548.22,0.00,4,0
"15350",372,547.60,547.60,0.00,2,0
"17524",360,539.14,508.90,30.24,3,1
"13961",384,538.40,498.70,39.70,1,1
"15890",394,535.65,535.65,0.00,5,0
"16707",399,533.41,533.41,0.00,4,0
"16935",381,530.86,530.86,0.00,3,0
"18098",395,527.94,527.94,0.00,1,0
"16421",375,526.27,526.27,0.00,3,0
"14417",387,524.65,524.65,0.00,1,0
"13605",386,522.67,522.67,0.00,2,0
"14008",374,509.04,493.74,15.30,1,1
"12907",395,508.91,440.36,68.55,2,1
"14807",390,504.14,504.14,0.00,2,0
"15138",384,502.52,486.59,15.93,1,1
"17276",399,501.24,444.19,57.05,1,1
"17335",383,497.04,497.04,0.00,2,0
"16977",394,496.00,496.00,0.00,4,0
"17269",385,491.81,491.81,0.00,1,0
"17476",392,489.86,446.51,43.35,2,2
"15165",372,487.75,487.75,0.00,1,0
"16021",394,487.03,487.03,0.00,2,0
"17106",388,481.58,481.58,0.00,1,0
"18176",353,476.35,448.65,27.70,1,1
"14237",372,471.14,466.04,5.10,2,1
"17996",379,469.73,469.73,0.00,3,0
"12797",359,468.08,387.43,80.65,2,4
"12958",399,467.34,467.34,0.00,2,0
"18083",397,463.53,463.53,0.00,1,0
"13624",380,462.08,427.18,34.90,1,1
"14599",389,457.89,457.89,0.00,2,0
"18031",378,451.30,451.30,0.00,1,0
"15961",378,451.29,451.29,0.00,1,0
"17643",372,439.70,439.70,0.00,2,0
"13086",382,439.33,439.33,0.00,1,0
"13964",386,438.90,421.90,17.00,2,1
"17807",394,437.87,437.87,0.00,3,0
"13738",395,434.78,434.78,0.00,1,0
"17740",388,426.90,426.90,0.00,6,0
"13807",366,422.20,397.30,24.90,3,1
"14413",361,421.72,421.72,0.00,3,0
"13096",393,419.70,419.70,0.00,1,0
"17258",396,417.30,417.30,0.00,2,0
"15011",395,416.60,416.60,0.00,2,0
"16355",373,416.35,349.20,67.15,1,1
"14082",364,413.36,413.36,0.00,2,0
"18050",358,412.06,412.06,0.00,2,0
"15960",373,410.95,394.00,16.95,4,1
"18011",372,410.79,410.79,0.00,2,0
"17598",380,409.98,409.98,0.00,1,0
"17000",395,406.30,406.30,0.00,2,0
"15968",387,401.80,401.80,0.00,1,0
"14358",388,400.06,400.06,0.00,2,0
"13252",393,399.30,341.30,58.00,2,1
"15037",375,397.76,397.76,0.00,2,0
"15446",376,396.75,390.00,6.75,3,1
"13597",387,396.71,377.21,19.50,2,1
"17300",390,393.64,393.64,0.00,2,0
"12419",385,391.01,391.01,0.00,2,0
"16827",392,387.18,387.18,0.00,5,0
"12889",380,385.46,365.66,19.80,4,2
"16868",393,384.56,384.56,0.00,3,0
"15155",382,383.97,383.97,0.00,1,0
"17804",375,383.78,383.78,0.00,3,0
"12376",389,383.15,383.15,0.00,2,0
"17903",393,381.09,381.09,0.00,1,0
"15922",371,369.50,363.60,5.90,1,1
"15989",375,368.31,368.31,0.00,2,0
"13545",390,364.93,337.64,27.29,2,1
"14122",394,362.42,309.77,52.65,3,2
"13181",380,359.69,359.69,0.00,1,0
"14926",381,359.40,337.65,21.75,2,1
"17200",386,356.71,356.71,0.00,4,0
"12996",375,355.50,355.50,0.00,1,0
"18003",375,353.51,353.51,0.00,1,0
"14252",380,350.99,350.99,0.00,1,0
"15519",382,344.61,344.61,0.00,2,0
"13550",382,342.55,342.55,0.00,1,0
"14203",396,339.34,339.34,0.00,1,0
"17607",375,333.81,333.81,0.00,1,0
"16274",372,331.55,331.55,0.00,1,0
"13010",373,330.12,330.12,0.00,2,0
"17776",386,329.30,322.55,6.75,2,1
"15880",368,329.03,299.03,30.00,1,1
"13646",399,326.25,323.30,2.95,2,1
"18047",380,326.09,326.09,0.00,2,0
"15726",389,321.91,321.91,0.00,1,0
"17976",371,321.79,321.79,0.00,1,0
"13843",380,319.75,319.75,0.00,1,0
"17689",387,317.08,317.08,0.00,2,0
"15204",356,316.58,316.58,0.00,1,0
"16373",381,309.49,309.49,0.00,2,0
"16194",374,308.60,308.60,0.00,1,0
"14927",396,308.20,308.20,0.00,1,0
"13660",395,306.64,295.74,10.90,1,1
"17688",374,304.20,286.50,17.70,1,1
"15454",361,303.89,303.89,0.00,2,0
"16489",379,303.70,303.70,0.00,2,0
"13773",396,301.54,301.54,0.00,2,0
"16437",380,301.25,301.25,0.00,2,0
"12351",374,300.93,300.93,0.00,1,0
"17766",380,299.61,299.61,0.00,2,0
"16583",373,297.95,297.95,0.00,2,0
"14614",385,295.13,295.13,0.00,1,0
"16252",365,295.09,0.00,295.09,1,1
"16579",364,295.05,264.45,30.60,1,1
"14192",387,293.74,293.74,0.00,1,0
"17882",378,291.56,291.56,0.00,2,0
"17551",358,290.34,290.34,0.00,1,0
"17497",389,287.25,287.25,0.00,2,0
"15936",378,282.79,282.79,0.00,2,0
"12515",352,278.70,278.70,0.00,1,0
"17355",385,273.31,273.31,0.00,1,0
"16089",385,263.49,263.49,0.00,2,0
"12892",396,263.38,263.38,0.00,1,0
"17558",392,259.17,259.17,0.00,1,0
"14526",388,258.65,258.65,0.00,1,0
"13369",353,258.28,213.75,44.53,1,1
"15503",362,257.30,257.30,0.00,2,0
"15404",375,257.06,257.06,0.00,1,0
"17992",388,252.88,252.88,0.00,1,0
"16074",389,252.50,252.50,0.00,1,0
"17210",392,251.72,251.72,0.00,1,0
"12807",382,250.35,229.95,20.40,1,1
"17303",360,250.04,250.04,0.00,1,0
"16893",366,249.47,249.47,0.00,2,0
"16381",395,247.85,247.85,0.00,2,0
"15495",378,246.50,246.50,0.00,1,0
"17925",372,244.08,244.08,0.00,1,0
"13582",389,241.68,241.68,0.00,2,0
"13789",387,239.46,239.46,0.00,1,0
"13275",383,238.86,238.86,0.00,2,0
"18002",375,237.62,237.62,0.00,4,0
"17872",381,235.87,235.87,0.00,1,0
"15294",399,233.35,222.30,11.05,1,1
"15566",392,227.87,227.87,0.00,2,0
"17868",385,227.15,227.15,0.00,1,0
"16740",394,226.91,226.91,0.00,1,0
"16346",384,224.51,224.51,0.00,1,0
"17967",371,223.42,223.42,0.00,2,0
"12887",383,222.40,222.40,0.00,1,0
"13033",356,220.55,220.55,0.00,2,0
"14458",380,219.27,219.27,0.00,1,0
"18007",392,215.22,215.22,0.00,1,0
"15460",353,214.26,214.26,0.00,1,0
"12961",378,211.99,211.99,0.00,1,0
"13691",395,210.78,210.78,0.00,1,0
"16874",378,209.89,209.89,0.00,1,0
"17855",372,208.97,208.97,0.00,1,0
"16752",372,207.50,207.50,0.00,1,0
"17989",378,207.33,207.33,0.00,1,0
"15914",377,205.99,205.99,0.00,2,0
"15020",378,198.47,198.47,0.00,1,0
"12927",394,197.31,197.31,0.00,1,0
"15001",393,197.11,197.11,0.00,2,0
"14405",386,195.00,195.00,0.00,1,0
"17283",378,188.46,188.46,0.00,1,0
"18063",390,186.60,186.60,0.00,2,0
"17803",391,184.66,184.66,0.00,1,0
"14119",353,183.37,163.47,19.90,2,1
"18119",367,180.70,180.70,0.00,1,0
"16640",397,179.40,179.40,0.00,1,0
"17170",373,178.68,118.98,59.70,2,1
"17036",382,176.90,176.90,0.00,1,0
"18054",392,176.50,176.50,0.00,1,0
"16559",396,175.00,175.00,0.00,1,0
"16599",385,172.80,172.80,0.00,1,0
"13671",394,172.60,172.60,0.00,1,0
"15515",386,171.81,171.81,0.00,1,0
"17983",394,171.71,171.71,0.00,1,0
"14811",386,170.50,170.50,0.00,1,0
"13747",373,169.80,169.80,0.00,2,0
"18269",357,168.60,138.90,29.70,1,1
"12551",357,168.00,168.00,0.00,1,0
"13903",399,165.45,165.45,0.00,1,0
"18004",361,157.92,157.92,0.00,1,0
"16687",390,157.63,157.63,0.00,1,0
"12441",366,155.55,155.55,0.00,1,0
"15560",397,153.52,153.52,0.00,2,0
"15509",379,152.41,152.41,0.00,1,0
"18076",379,151.49,151.49,0.00,1,0
"16662",393,151.05,151.05,0.00,1,0
"15283",389,148.33,135.43,12.90,3,1
"12858",382,147.27,147.27,0.00,1,0
"15902",379,145.01,145.01,0.00,1,0
"12738",371,137.35,137.35,0.00,1,0
"16665",361,135.40,135.40,0.00,1,0
"17826",373,133.34,133.34,0.00,1,0
"12467",385,132.80,0.00,132.80,1,1
"17089",385,128.45,128.45,0.00,1,0
"15923",372,127.08,127.08,0.00,1,0
"16973",385,127.00,127.00,0.00,1,0
"15161",387,119.92,119.92,0.00,1,0
"17275",382,114.10,114.10,0.00,1,0
"16821",381,113.35,113.35,0.00,1,0
"17208",395,111.15,111.15,0.00,1,0
"18256",354,110.70,60.60,50.10,1,1
"14721",378,109.07,109.07,0.00,1,0
"15846",384,107.01,107.01,0.00,1,0
"17467",394,102.60,102.60,0.00,1,0
"13829",358,102.00,0.00,102.00,1,1
"18195",386,101.16,101.16,0.00,1,0
"17493",384,100.91,100.91,0.00,1,0
"15635",395,100.35,100.35,0.00,1,0
"15583",375,95.96,95.96,0.00,1,0
"17752",358,80.64,80.64,0.00,1,0
"15131",394,80.28,80.28,0.00,1,0
"14373",357,76.55,76.55,0.00,1,0
"18113",368,76.32,76.32,0.00,1,0
"14559",389,75.60,75.60,0.00,1,0
"16420",395,75.00,75.00,0.00,1,0
"12686",371,71.14,71.14,0.00,1,0
"13915",393,70.80,31.20,39.60,1,1
"13172",399,69.60,69.60,0.00,1,0
"17532",385,65.34,65.34,0.00,1,0
"13303",399,61.72,61.72,0.00,1,0
"15899",368,56.25,56.25,0.00,1,0
"16786",393,51.84,51.84,0.00,1,0
"13254",375,51.41,51.41,0.00,1,0
"13011",371,50.55,50.55,0.00,1,0
"14589",371,39.75,39.75,0.00,1,0
"14576",371,35.40,35.40,0.00,1,0
"14610",395,24.35,24.35,0.00,2,0
"17378",373,10.95,0.00,10.95,1,1
