"cohort_quarter","customer_count","avg_attempt_count","median_attempt_count","max_attempt_count","avg_recency_days"
"2009-10-01 00:00:00",1040,18.65,10.0,466,194.6
"2010-01-01 00:00:00",1146,8.28,6.0,78,256.4
"2010-04-01 00:00:00",803,5.37,4.0,42,275.3
"2010-07-01 00:00:00",579,5.48,3.0,60,245.2
"2010-10-01 00:00:00",776,3.76,2.0,38,223.5
"2011-01-01 00:00:00",374,4.14,2.0,41,163.1
"2011-04-01 00:00:00",322,3.51,2.0,33,116.2
"2011-07-01 00:00:00",395,2.82,2.0,18,58.9
"2011-10-01 00:00:00",440,1.82,1.0,11,27.2
