"invoice_no","invoice_date","stock_code","description","quantity","unit_price","line_total"
"490685","2009-12-07 13:48:00","16161E","WRAP BOUDOIR ",25,0.10,2.50
"490685","2009-12-07 13:48:00","17039","INLAID WOOD INCENSE HOLDER",4,0.29,1.16
"490685","2009-12-07 13:48:00","17061","ASSORTED SHAPED STENCIL FOR HENNA",52,0.04,2.08
"490685","2009-12-07 13:48:00","17084G","MOON INCENSE",25,0.21,5.25
"490685","2009-12-07 13:48:00","17084N","FAIRY DREAMS INCENSE ",25,0.21,5.25
"490685","2009-12-07 13:48:00","17084P","DRAGONS BLOOD INCENSE",25,0.21,5.25
"490685","2009-12-07 13:48:00","18007","ESSENTIAL BALM 3.5g TIN IN ENVELOPE",16,0.18,2.88
"490685","2009-12-07 13:48:00","20676","RED SPOTTY BOWL",6,1.25,7.50
"490685","2009-12-07 13:48:00","20735","BLACK MINI TAPE MEASURE ",2,0.85,1.70
"490685","2009-12-07 13:48:00","20750"," RED/WHITE DOT MINI CASES",1,7.95,7.95
"490685","2009-12-07 13:48:00","20761","BLUE PAISLEY SKETCHBOOK",16,1.25,20.00
"490685","2009-12-07 13:48:00","20762","GREEN FERN SKETCHBOOK ",16,1.25,20.00
"490685","2009-12-07 13:48:00","20763","DAISY SKETCHBOOK ",16,1.25,20.00
"490685","2009-12-07 13:48:00","20914","SET/5 RED SPOTTY LID GLASS BOWLS",2,2.95,5.90
"490685","2009-12-07 13:48:00","20940","SET/6 GARDEN GNOME T-LIGHT CANDLES",2,2.95,5.90
"490685","2009-12-07 13:48:00","20982","12 PENCILS TALL TUBE SKULLS",24,0.85,20.40
"490685","2009-12-07 13:48:00","20983","12 PENCILS TALL TUBE RED SPOTTY",24,0.85,20.40
"490685","2009-12-07 13:48:00","21007","ETCHED GLASS DROPLET DECORATION",48,0.38,18.24
"490685","2009-12-07 13:48:00","21009","ETCHED GLASS STAR TREE DECORATION",12,1.25,15.00
"490685","2009-12-07 13:48:00","21011","GLITTER SNOW PEAR TREE DECORATION",36,0.38,13.68
"490685","2009-12-07 13:48:00","21077","SET/20 WOODLAND PAPER NAPKINS ",4,0.85,3.40
"490685","2009-12-07 13:48:00","21080","SET/20 RED SPOTTY PAPER NAPKINS ",12,0.85,10.20
"490685","2009-12-07 13:48:00","21127","COLOURFUL FISHING GNOME",2,5.95,11.90
"490685","2009-12-07 13:48:00","21130","COLOURFUL STANDING GNOME",1,3.45,3.45
"490685","2009-12-07 13:48:00","21144","PINK POODLE HANGING DECORATION ",12,1.45,17.40
"490685","2009-12-07 13:48:00","21203","BUTTERFLIES  HONEYCOMB GARLAND",3,1.65,4.95
"490685","2009-12-07 13:48:00","21204","DAISIES  HONEYCOMB GARLAND ",1,1.65,1.65
"490685","2009-12-07 13:48:00","21205","MULTICOLOUR 3D BALLS GARLAND",2,2.55,5.10
"490685","2009-12-07 13:48:00","21206","STRAWBERRY HONEYCOMB  GARLAND ",2,1.65,3.30
"490685","2009-12-07 13:48:00","21491","SET OF THREE VINTAGE GIFT WRAPS",12,1.95,23.40
"490685","2009-12-07 13:48:00","21494","ROTATING LEAVES T-LIGHT HOLDER",12,2.55,30.60
"490685","2009-12-07 13:48:00","21504","SKULLS GREETING CARD",12,0.42,5.04
"490685","2009-12-07 13:48:00","21507","ELEPHANT, BIRTHDAY CARD, ",12,0.42,5.04
"490685","2009-12-07 13:48:00","21535","RETRO SPOT SMALL MILK JUG",2,2.55,5.10
"490685","2009-12-07 13:48:00","21539","RETRO SPOTS BUTTER DISH",1,4.95,4.95
"490685","2009-12-07 13:48:00","21542","WOODLAND WATER TRANSFER TATTOOS ",22,0.85,18.70
"490685","2009-12-07 13:48:00","21544","SKULLS  WATER TRANSFER TATTOOS ",6,0.85,5.10
"490685","2009-12-07 13:48:00","21828","EIGHT PIECE SNAKE  SET",2,1.25,2.50
"490685","2009-12-07 13:48:00","21916","SET 12 RETRO WHITE CHALK STICKS",6,0.42,2.52
"490685","2009-12-07 13:48:00","21931","JUMBO STORAGE BAG SUKI",10,1.95,19.50
"490685","2009-12-07 13:48:00","22035","VINTAGE CARAVAN GREETING CARD ",12,0.42,5.04
"490685","2009-12-07 13:48:00","22086","PAPER CHAIN KIT 50'S CHRISTMAS ",6,2.95,17.70
"490685","2009-12-07 13:48:00","22111","SCOTTIE DOG HOT WATER BOTTLE",2,4.95,9.90
"490685","2009-12-07 13:48:00","22113","GREY HEART HOT WATER BOTTLE",4,3.45,13.80
"490685","2009-12-07 13:48:00","22114","HOT WATER BOTTLE TEA AND SYMPATHY",4,3.95,15.80
"490685","2009-12-07 13:48:00","22127","PARTY CONES CARNIVAL ASSORTED",6,1.25,7.50
"490685","2009-12-07 13:48:00","22133","PINK LOVE HEART SHAPE CUP",12,0.85,10.20
"490685","2009-12-07 13:48:00","22138","BAKING SET 9 PIECE RETROSPOT ",4,4.95,19.80
"490685","2009-12-07 13:48:00","22139","RETRO SPOT TEA SET CERAMIC 11 PC ",1,4.95,4.95
"490685","2009-12-07 13:48:00","22195","LARGE HEART MEASURING SPOONS",6,1.65,9.90
"490685","2009-12-07 13:48:00","22299","PIG KEYRING WITH LIGHT & SOUND ",8,1.25,10.00
"490685","2009-12-07 13:48:00","35085E","IVORY ROSE LAMPSHADE ",6,1.25,7.50
"490685","2009-12-07 13:48:00","35633B","BLUE TINSEL GARLAND ",36,0.19,6.84
"490685","2009-12-07 13:48:00","35793","S/3 PUPPIES CHRISTMAS DECORATIONS",6,2.95,17.70
"490685","2009-12-07 13:48:00","35838A","S/6 MULTICOLOUR ORNAMENETAL CANDLE",48,1.25,60.00
"490685","2009-12-07 13:48:00","40016","CHINESE DRAGON PAPER LANTERNS",12,0.42,5.04
"490685","2009-12-07 13:48:00","48129","DOOR MAT TOPIARY",1,6.75,6.75
"490685","2009-12-07 13:48:00","48197","DOOR MAT BIRD ON THE WIRE",1,6.75,6.75
"490685","2009-12-07 13:48:00","51008","AFGHAN SLIPPER SOCK PAIR",10,3.45,34.50
"490685","2009-12-07 13:48:00","72267","PREMIUM CHURCH CANDLE",4,2.10,8.40
"490685","2009-12-07 13:48:00","72598","SET/12 TAPER CANDLES",2,0.85,1.70
"490685","2009-12-07 13:48:00","72750D","F.FAIRY S/3 CANDLE/GLASS",32,1.95,62.40
"490685","2009-12-07 13:48:00","72753A","S/3 FLWR FAIRY LILLY CANDLES",16,2.10,33.60
"490685","2009-12-07 13:48:00","72753B","S/3 FLWR FAIRY LAVENDER CANDLES",16,2.10,33.60
"490685","2009-12-07 13:48:00","72753D","S/3 FLWR FAIRY SUMMER CANDLES",16,2.10,33.60
"490685","2009-12-07 13:48:00","72755D","FLOWER FAIRY OIL BURNER SET SUMMER",32,1.25,40.00
"490685","2009-12-07 13:48:00","84029C","BROWN FURRY HOT WATER BOTTLE",3,3.75,11.25
"490685","2009-12-07 13:48:00","84029E","RED WOOLLY HOTTIE WHITE HEART.",3,3.75,11.25
"490685","2009-12-07 13:48:00","84032B","CHARLIE + LOLA RED HOT WATER BOTTLE",4,2.95,11.80
"490685","2009-12-07 13:48:00","84077","WORLD WAR 2 GLIDERS ASSTD DESIGNS",48,0.21,10.08
"490685","2009-12-07 13:48:00","84270","ASSTD DESIGN BUBBLE GUM RING",30,0.21,6.30
"490685","2009-12-07 13:48:00","84559A","3D SHEET OF DOG STICKERS",17,0.85,14.45
"490685","2009-12-07 13:48:00","84559B","3D SHEET OF CAT STICKERS",15,0.85,12.75
"490685","2009-12-07 13:48:00","84691","PACK 20 DOLLY PEGS",4,0.85,3.40
"490685","2009-12-07 13:48:00","84692","BOX OF 24 COCKTAIL PARASOLS",4,0.42,1.68
"490685","2009-12-07 13:48:00","84933A","LARGE GREEN PEONY FOLDING STOOL",6,2.10,12.60
"490685","2009-12-07 13:48:00","84948","SILVER HANGING T-LIGHT HOLDER DOME",12,1.65,19.80
"490685","2009-12-07 13:48:00","84949","SILVER HANGING T-LIGHT HOLDER",6,1.65,9.90
"490685","2009-12-07 13:48:00","84978","HANGING HEART JAR T-LIGHT HOLDER",12,1.25,15.00
"490685","2009-12-07 13:48:00","85049A","TRADITIONAL CHRISTMAS RIBBONS",6,1.25,7.50
"490685","2009-12-07 13:48:00","85049B","LUSH GREENS RIBBONS",5,1.25,6.25
"490685","2009-12-07 13:48:00","85049E","SCANDINAVIAN REDS RIBBONS",1,1.25,1.25
"490685","2009-12-07 13:48:00","85049E","SCANDINAVIAN REDS RIBBONS",4,1.25,5.00
"491690","2009-12-13 13:09:00","21051","RIBBONS PURSE ",48,1.69,81.12
"491690","2009-12-13 13:09:00","21238","RED SPOTTY CUP",16,0.85,13.60
"491690","2009-12-13 13:09:00","21479","WHITE SKULL HOT WATER BOTTLE ",4,3.75,15.00
"491690","2009-12-13 13:09:00","21485","RED SPOT HEART HOT WATER BOTTLE",3,4.95,14.85
"491690","2009-12-13 13:09:00","21539","RETRO SPOTS BUTTER DISH",3,4.95,14.85
"491690","2009-12-13 13:09:00","21790","VINTAGE SNAP CARDS",24,0.85,20.40
"491690","2009-12-13 13:09:00","21791","VINTAGE HEADS AND TAILS CARD GAME ",12,1.25,15.00
"491690","2009-12-13 13:09:00","21889","WOODEN BOX OF DOMINOES",12,1.25,15.00
"491690","2009-12-13 13:09:00","22132","RED LOVE HEART SHAPE CUP",24,0.85,20.40
"491690","2009-12-13 13:09:00","22185","SLATE TILE NATURAL HANGING",36,1.45,52.20
"491690","2009-12-13 13:09:00","48188","DOOR MAT WELCOME PUPPIES",10,5.95,59.50
"491690","2009-12-13 13:09:00","84933A","LARGE GREEN PEONY FOLDING STOOL",18,2.10,37.80
"491690","2009-12-13 13:09:00","84933B","LARGE PINK PEONY FOLDING STOOL",18,2.10,37.80
"491690","2009-12-13 13:09:00","84933C","LARGE BLUE ORIENTAL FOLDING STOOL",18,2.10,37.80
"491690","2009-12-13 13:09:00","84946","ANTIQUE SILVER TEA GLASS ETCHED",72,1.06,76.32
"491951","2009-12-14 15:51:00","11001","ASSTD DESIGN RACING CAR PEN",32,1.69,54.08
"491951","2009-12-14 15:51:00","15036","ASSORTED COLOURS SILK FAN",12,0.65,7.80
"491951","2009-12-14 15:51:00","15039","SANDALWOOD FAN",6,0.85,5.10
"491951","2009-12-14 15:51:00","16237","SLEEPING CAT ERASERS",30,0.21,6.30
"491951","2009-12-14 15:51:00","18094C","WHITE/BLUE RECT CERAMIC OIL BURNER",6,1.25,7.50
"491951","2009-12-14 15:51:00","20676","RED SPOTTY BOWL",13,1.25,16.25
"491951","2009-12-14 15:51:00","20724","RED SPOTTY CHARLOTTE BAG",20,0.85,17.00
"491951","2009-12-14 15:51:00","20768","GREEN FERN JOURNAL ",36,0.85,30.60
"491951","2009-12-14 15:51:00","20772","GARDEN PATH JOURNAL",36,0.85,30.60
"491951","2009-12-14 15:51:00","20981","12 PENCILS TALL TUBE WOODLAND",24,0.85,20.40
"491951","2009-12-14 15:51:00","20982","12 PENCILS TALL TUBE SKULLS",8,0.85,6.80
"491951","2009-12-14 15:51:00","21077","SET/20 WOODLAND PAPER NAPKINS ",4,0.85,3.40
"491951","2009-12-14 15:51:00","21080","SET/20 RED SPOTTY PAPER NAPKINS ",15,0.85,12.75
"491951","2009-12-14 15:51:00","21086","SET/6 RED SPOTTY PAPER CUPS",5,0.65,3.25
"491951","2009-12-14 15:51:00","21121","SET/10 RED SPOTTY PARTY CANDLES",6,1.25,7.50
"491951","2009-12-14 15:51:00","21156","RED SPOTTY CHILDS APRON",8,1.95,15.60
"491951","2009-12-14 15:51:00","21186","WHITE DOVE HONEYCOMB PAPER GARLAND",1,1.65,1.65
"491951","2009-12-14 15:51:00","21186","WHITE DOVE HONEYCOMB PAPER GARLAND",2,1.65,3.30
"491951","2009-12-14 15:51:00","21188","3D HEARTS  HONEYCOMB PAPER GARLAND",8,2.95,23.60
"491951","2009-12-14 15:51:00","21193","WHITE HONEYCOMB PAPER FAN ",2,2.10,4.20
"491951","2009-12-14 15:51:00","21200","MULTICOLOUR HONEYCOMB PAPER GARLAND",7,1.65,11.55
"491951","2009-12-14 15:51:00","21203","BUTTERFLIES  HONEYCOMB GARLAND",7,1.65,11.55
"491951","2009-12-14 15:51:00","21205","MULTICOLOUR 3D BALLS GARLAND",1,2.55,2.55
"491951","2009-12-14 15:51:00","21224","SET/4 SKULL BADGES",10,1.25,12.50
"491951","2009-12-14 15:51:00","21327","SKULLS WRITING SET ",8,1.65,13.20
"491951","2009-12-14 15:51:00","21330","WOODLAND ANIMAL  WRITING SET ",8,1.65,13.20
"491951","2009-12-14 15:51:00","21440","12 MINI TOADSTOOL PEGS",12,1.25,15.00
"491951","2009-12-14 15:51:00","21479","WHITE SKULL HOT WATER BOTTLE ",4,3.75,15.00
"491951","2009-12-14 15:51:00","21529","RETRO SPOT CERAMIC TOASTRACK",2,3.45,6.90
"491951","2009-12-14 15:51:00","21535","RETRO SPOT SMALL MILK JUG",1,2.55,2.55
"491951","2009-12-14 15:51:00","21544","SKULLS  WATER TRANSFER TATTOOS ",12,0.85,10.20
"491951","2009-12-14 15:51:00","21558","SKULL LUNCHBOX WITH CUTLERY ",4,2.55,10.20
"491951","2009-12-14 15:51:00","21561","DINOSAUR LUNCHBOX WITH CUTLERY",4,2.55,10.20
"491951","2009-12-14 15:51:00","21746","SMALL RED SPOT  WINDMILL",6,1.25,7.50
"491951","2009-12-14 15:51:00","21749","LARGE RED SPOT WINDMILL",2,2.10,4.20
"491951","2009-12-14 15:51:00","21750"," LARGE SKULL WINDMILL",2,2.10,4.20
"491951","2009-12-14 15:51:00","21786","RAIN HAT WITH RED SPOTS",24,0.42,10.08
"491951","2009-12-14 15:51:00","21828","EIGHT PIECE SNAKE  SET",6,1.25,7.50
"491951","2009-12-14 15:51:00","21842","PINK HEART CANDY BUTTON CALCULATOR",6,2.55,15.30
"491951","2009-12-14 15:51:00","21931","JUMBO STORAGE BAG SUKI",10,1.95,19.50
"491951","2009-12-14 15:51:00","21983","PACK OF 12 BLUE PAISLEY TISSUES ",12,0.29,3.48
"491951","2009-12-14 15:51:00","21985","PACK OF 12 HEARTS DESIGN TISSUES ",12,0.29,3.48
"491951","2009-12-14 15:51:00","21987","PACK OF 6 SKULL PAPER CUPS",4,0.65,2.60
"491951","2009-12-14 15:51:00","21988","PACK OF 6 SKULL PAPER PLATES",6,0.85,5.10
"491951","2009-12-14 15:51:00","22075","6 RIBBONS ELEGANT CHRISTMAS ",5,1.65,8.25
"491951","2009-12-14 15:51:00","22076","6 RIBBONS EMPIRE  ",7,1.65,11.55
"491951","2009-12-14 15:51:00","22079","RIBBON REEL HEARTS DESIGN ",10,1.65,16.50
"491951","2009-12-14 15:51:00","22081","RIBBON REEL FLORA + FAUNA ",10,1.65,16.50
"491951","2009-12-14 15:51:00","22088","PAPER BUNTING COLOURED LACE",2,2.95,5.90
"491951","2009-12-14 15:51:00","22093","MOTORING TISSUE BOX",6,1.25,7.50
"491951","2009-12-14 15:51:00","22094","RED POLKA DOT TISSUE BOX",5,1.25,6.25
"491951","2009-12-14 15:51:00","22100","SKULLS SQUARE TISSUE BOX",5,1.25,6.25
"491951","2009-12-14 15:51:00","22111","SCOTTIE DOG HOT WATER BOTTLE",8,4.95,39.60
"491951","2009-12-14 15:51:00","22131","FOOD CONTAINER SET 3 LOVE HEART ",2,1.95,3.90
"491951","2009-12-14 15:51:00","22196","SMALL HEART MEASURING SPOONS",2,0.85,1.70
"491951","2009-12-14 15:51:00","22196","SMALL HEART MEASURING SPOONS",6,0.85,5.10
"491951","2009-12-14 15:51:00","22243","HOOK, 5 HANGER ,MAGIC TOADSTOOL RED",8,1.65,13.20
"491951","2009-12-14 15:51:00","22352","LUNCHBOX WITH CUTLERY RETROSPOT ",6,2.55,15.30
"491951","2009-12-14 15:51:00","35271S","GOLD PRINT PAPER BAG",144,0.19,27.36
"491951","2009-12-14 15:51:00","35980C","REDWHITE STRIPE SCANDINAVIAN HEART ",12,0.38,4.56
"491951","2009-12-14 15:51:00","35981C","WHITE SNOW SCANDINAVIAN STOCKING ",13,0.38,4.94
"491951","2009-12-14 15:51:00","51008","AFGHAN SLIPPER SOCK PAIR",10,3.45,34.50
"491951","2009-12-14 15:51:00","72598","SET/12 TAPER CANDLES",4,0.85,3.40
"491951","2009-12-14 15:51:00","72750A","F.FAIRY S/3 CANDLE/GLASS,LILY/VALLY",16,1.95,31.20
"491951","2009-12-14 15:51:00","72750B","F.FAIRY S/3 CANDLE/GLASS,LAVENDER",16,1.95,31.20
"491951","2009-12-14 15:51:00","72750C","F.FAIRY S/3 CANDLE/GLASS, ROSE",16,1.95,31.20
"491951","2009-12-14 15:51:00","84012","MAGIC SHEEP WOOL GROWING FROM PAPER",10,2.55,25.50
"491951","2009-12-14 15:51:00","84032B","CHARLIE + LOLA RED HOT WATER BOTTLE",2,2.95,5.90
"491951","2009-12-14 15:51:00","84077","WORLD WAR 2 GLIDERS ASSTD DESIGNS",48,0.21,10.08
"491951","2009-12-14 15:51:00","84270","ASSTD DESIGN BUBBLE GUM RING",60,0.21,12.60
"491951","2009-12-14 15:51:00","84466","TOP SECRET PEN SET",7,1.25,8.75
"491951","2009-12-14 15:51:00","84691","PACK 20 DOLLY PEGS",2,0.85,1.70
"491951","2009-12-14 15:51:00","85049A","TRADITIONAL CHRISTMAS RIBBONS",4,1.25,5.00
"491951","2009-12-14 15:51:00","85084","HOLLY TOP CHRISTMAS STOCKING",21,0.85,17.85
"491951","2009-12-14 15:51:00","85231B","CINAMMON SET OF 9 T-LIGHTS",15,0.85,12.75
"493435","2010-01-04 12:57:00","10120","DOGGY RUBBER",30,0.21,6.30
"493435","2010-01-04 12:57:00","15036","ASSORTED COLOURS SILK FAN",12,0.65,7.80
"493435","2010-01-04 12:57:00","16207A","PINK STRAWBERRY HANDBAG ",3,2.95,8.85
"493435","2010-01-04 12:57:00","16237","SLEEPING CAT ERASERS",30,0.21,6.30
"493435","2010-01-04 12:57:00","17039","INLAID WOOD INCENSE HOLDER",10,0.29,2.90
"493435","2010-01-04 12:57:00","20675","BLUE SPOTTY BOWL",5,1.25,6.25
"493435","2010-01-04 12:57:00","20712","JUMBO BAG WOODLAND ANIMALS",8,1.95,15.60
"493435","2010-01-04 12:57:00","20727","LUNCH BAG  BLACK SKULL.",5,1.65,8.25
"493435","2010-01-04 12:57:00","20913","SET/5 BLUE SPOTTY LID GLASS BOWLS",1,2.95,2.95
"493435","2010-01-04 12:57:00","21026","SPACE OWL",10,1.25,12.50
"493435","2010-01-04 12:57:00","21082","SET/20 FRUIT SALAD PAPER NAPKINS ",6,0.85,5.10
"493435","2010-01-04 12:57:00","21440","12 MINI TOADSTOOL PEGS",24,1.25,30.00
"493435","2010-01-04 12:57:00","21472","LADYBIRD + BEE RAFFIA FOOD COVER",3,3.75,11.25
"493435","2010-01-04 12:57:00","21488","RED WHITE SCARF  HOT WATER BOTTLE",24,3.45,82.80
"493435","2010-01-04 12:57:00","21495","SKULLS WRAP",25,0.42,10.50
"493435","2010-01-04 12:57:00","21498","RED SPOTS  WRAP ",25,0.42,10.50
"493435","2010-01-04 12:57:00","21504","SKULLS GREETING CARD",12,0.42,5.04
"493435","2010-01-04 12:57:00","21507","ELEPHANT, BIRTHDAY CARD, ",12,0.42,5.04
"493435","2010-01-04 12:57:00","21509","COWBOYS AND INDIANS BIRTHDAY CARD ",12,0.42,5.04
"493435","2010-01-04 12:57:00","21544","SKULLS  WATER TRANSFER TATTOOS ",10,0.85,8.50
"493435","2010-01-04 12:57:00","21675","BUTTERFLIES STICKERS",6,0.85,5.10
"493435","2010-01-04 12:57:00","21678","PAISLEY PATTERN  STICKERS",2,0.85,1.70
"493435","2010-01-04 12:57:00","21679","SKULLS  STICKERS",23,0.85,19.55
"493435","2010-01-04 12:57:00","21714","CITRONELLA CANDLE GARDEN POT",6,1.25,7.50
"493435","2010-01-04 12:57:00","21788","KIDS RAIN MAC BLUE",6,0.85,5.10
"493435","2010-01-04 12:57:00","21789","KIDS RAIN MAC PINK",4,0.85,3.40
"493435","2010-01-04 12:57:00","21836","GINGHAM OVEN GLOVE RED HEART ",4,3.75,15.00
"493435","2010-01-04 12:57:00","21929","JUMBO BAG PINK VINTAGE PAISLEY",11,1.95,21.45
"493435","2010-01-04 12:57:00","21987","PACK OF 6 SKULL PAPER CUPS",7,0.65,4.55
"493435","2010-01-04 12:57:00","21988","PACK OF 6 SKULL PAPER PLATES",4,0.85,3.40
"493435","2010-01-04 12:57:00","21989","PACK OF 20 SKULL PAPER NAPKINS",6,0.85,5.10
"493435","2010-01-04 12:57:00","22025","RING OF ROSES BIRTHDAY CARD",12,0.42,5.04
"493435","2010-01-04 12:57:00","22028","PENNY FARTHING BIRTHDAY CARD",12,0.42,5.04
"493435","2010-01-04 12:57:00","22033","BOTANICAL ROSE GREETING CARD",12,0.42,5.04
"493435","2010-01-04 12:57:00","22036","DINOSAUR BIRTHDAY CARD",12,0.42,5.04
"493435","2010-01-04 12:57:00","22040","BOTANICAL ROSE GIFT WRAP",25,0.42,10.50
"493435","2010-01-04 12:57:00","22100","SKULLS SQUARE TISSUE BOX",6,1.25,7.50
"493435","2010-01-04 12:57:00","22132","RED LOVE HEART SHAPE CUP",12,0.85,10.20
"493435","2010-01-04 12:57:00","22133","PINK LOVE HEART SHAPE CUP",12,0.85,10.20
"493435","2010-01-04 12:57:00","22136","LOVE HEART SOCK HANGER",6,1.65,9.90
"493435","2010-01-04 12:57:00","22319","HAIRCLIPS FORTIES FABRIC ASSORTED",12,0.65,7.80
"493435","2010-01-04 12:57:00","22332","SKULLS PARTY BAG + STICKER SET",6,1.65,9.90
"493435","2010-01-04 12:57:00","22352","LUNCHBOX WITH CUTLERY RETROSPOT ",6,2.55,15.30
"493435","2010-01-04 12:57:00","37112","YELLOW BIRDS FELT DES FOODCOVER",2,3.75,7.50
"493435","2010-01-04 12:57:00","40016","CHINESE DRAGON PAPER LANTERNS",12,0.42,5.04
"493435","2010-01-04 12:57:00","40046A","RED DAISY PAPER LAMPSHADE",7,1.25,8.75
"493435","2010-01-04 12:57:00","51008","AFGHAN SLIPPER SOCK PAIR",10,3.45,34.50
"493435","2010-01-04 12:57:00","72038P","PRICE'S CANDLE PEACH",200,0.08,16.00
"493435","2010-01-04 12:57:00","72232","FENG SHUI PILLAR CANDLE",24,0.19,4.56
"493435","2010-01-04 12:57:00","72484","ROSES IN WHITE HEART CANDLE ",48,0.38,18.24
"493435","2010-01-04 12:57:00","72800D","S/4 BLUE DINNER CANDLE SILVER FLOCK",12,0.79,9.48
"493435","2010-01-04 12:57:00","84007","MAGIC GARDEN MOUNT FUJI",6,2.55,15.30
"493435","2010-01-04 12:57:00","84031A","CHARLIE+LOLA RED HOT WATER BOTTLE ",24,1.95,46.80
"493435","2010-01-04 12:57:00","84031B","CHARLIE LOLA BLUE HOT WATER BOTTLE ",24,1.95,46.80
"493435","2010-01-04 12:57:00","84032A","CHARLIE+LOLA PINK HOT WATER BOTTLE",36,1.25,45.00
"493435","2010-01-04 12:57:00","84288B","SET/2 BLUE  NOODLE BASKETS",4,1.95,7.80
"493435","2010-01-04 12:57:00","84380","SET OF 3 BUTTERFLY COOKIE CUTTERS",4,1.25,5.00
"493435","2010-01-04 12:57:00","84558A","3D DOG PICTURE PLAYING CARDS",6,2.95,17.70
"493435","2010-01-04 12:57:00","84559A","3D SHEET OF DOG STICKERS",8,0.85,6.80
"493435","2010-01-04 12:57:00","84578","ELEPHANT TOY WITH BLUE T-SHIRT",4,3.75,15.00
"493435","2010-01-04 12:57:00","84596E","SMALL LICORICE DES PINK BOWL",6,1.25,7.50
"493435","2010-01-04 12:57:00","84992","72 SWEETHEART FAIRY CAKE CASES",24,0.55,13.20
"493435","2010-01-04 12:57:00","85049B","LUSH GREENS RIBBONS",8,1.25,10.00
"493435","2010-01-04 12:57:00","85231B","CINAMMON SET OF 9 T-LIGHTS",6,0.85,5.10
"493435","2010-01-04 12:57:00","85231L","LAVENDER SCENTED SET/9 T-LIGHTS",6,0.85,5.10
"495546","2010-01-25 15:54:00","17084N","FAIRY DREAMS INCENSE ",25,0.21,5.25
"495546","2010-01-25 15:54:00","20676","RED SPOTTY BOWL",8,1.25,10.00
"495546","2010-01-25 15:54:00","20713","JUMBO BAG OWLS",8,1.95,15.60
"495546","2010-01-25 15:54:00","20752","RETRO BLUE SPOTTY WASHING UP GLOVES",4,2.10,8.40
"495546","2010-01-25 15:54:00","20914","SET/5 RED SPOTTY LID GLASS BOWLS",1,2.95,2.95
"495546","2010-01-25 15:54:00","21076","SET/20 COLLAGE PAPER NAPKIN ",6,0.85,5.10
"495546","2010-01-25 15:54:00","21084","SET/6 COLLAGE PAPER CUPS",4,0.65,2.60
"495546","2010-01-25 15:54:00","21167","WHITE SAGE INCENSE",25,0.21,5.25
"495546","2010-01-25 15:54:00","21190","PINK HEARTS PAPER GARLAND",6,1.65,9.90
"495546","2010-01-25 15:54:00","21204","DAISIES  HONEYCOMB GARLAND ",4,1.65,6.60
"495546","2010-01-25 15:54:00","21206","STRAWBERRY HONEYCOMB  GARLAND ",6,1.65,9.90
"495546","2010-01-25 15:54:00","21242","RED SPOTTY PLATE ",8,1.69,13.52
"495546","2010-01-25 15:54:00","21249","WOODLAND  HEIGHT CHART STICKERS ",5,2.95,14.75
"495546","2010-01-25 15:54:00","21251","DINOSAUR HEIGHT CHART STICKER SET",4,2.95,11.80
"495546","2010-01-25 15:54:00","21484","CHICK GREY HOT WATER BOTTLE",6,3.45,20.70
"495546","2010-01-25 15:54:00","21531","RETRO SPOT SUGAR JAM BOWL",2,2.55,5.10
"495546","2010-01-25 15:54:00","21535","RETRO SPOT SMALL MILK JUG",2,2.55,5.10
"495546","2010-01-25 15:54:00","21542","WOODLAND WATER TRANSFER TATTOOS ",13,0.85,11.05
"495546","2010-01-25 15:54:00","21557","SET OF 6 FUNKY BEAKERS",2,2.95,5.90
"495546","2010-01-25 15:54:00","21561","DINOSAUR LUNCHBOX WITH CUTLERY",2,2.55,5.10
"495546","2010-01-25 15:54:00","21563","RED HEART SHAPE LOVE BUCKET ",3,2.95,8.85
"495546","2010-01-25 15:54:00","21709","FOLDING UMBRELLA  CHOC/WHITE  SPOT",2,4.95,9.90
"495546","2010-01-25 15:54:00","21755","LOVE BUILDING BLOCK WORD",2,5.95,11.90
"495546","2010-01-25 15:54:00","21790","VINTAGE SNAP CARDS",6,0.85,5.10
"495546","2010-01-25 15:54:00","21792","CLASSIC FRENCH STYLE BASKET GREEN ",2,6.75,13.50
"495546","2010-01-25 15:54:00","21916","SET 12 RETRO WHITE CHALK STICKS",12,0.42,5.04
"495546","2010-01-25 15:54:00","21917","SET 12 KIDS  WHITE CHALK STICKS",10,0.42,4.20
"495546","2010-01-25 15:54:00","21918","SET 12 KIDS COLOUR  CHALK STICKS",10,0.42,4.20
"495546","2010-01-25 15:54:00","21931","JUMBO STORAGE BAG SUKI",6,1.95,11.70
"495546","2010-01-25 15:54:00","21985","PACK OF 12 HEARTS DESIGN TISSUES ",24,0.29,6.96
"495546","2010-01-25 15:54:00","22074","6 RIBBONS SHIMMERING PINKS ",2,1.65,3.30
"495546","2010-01-25 15:54:00","22074","6 RIBBONS SHIMMERING PINKS ",6,1.65,9.90
"495546","2010-01-25 15:54:00","22093","MOTORING TISSUE BOX",1,1.25,1.25
"495546","2010-01-25 15:54:00","22094","RED POLKA DOT TISSUE BOX",1,1.25,1.25
"495546","2010-01-25 15:54:00","22131","FOOD CONTAINER SET 3 LOVE HEART ",6,1.95,11.70
"495546","2010-01-25 15:54:00","22136","LOVE HEART SOCK HANGER",6,1.65,9.90
"495546","2010-01-25 15:54:00","22147","FELTCRAFT BUTTERFLY HEARTS",6,1.45,8.70
"495546","2010-01-25 15:54:00","22195","LARGE HEART MEASURING SPOONS",6,1.65,9.90
"495546","2010-01-25 15:54:00","22320","BIRDS MOBILE VINTAGE DESIGN",2,5.95,11.90
"495546","2010-01-25 15:54:00","22322","BIRD DECORATION GREEN  SPOT",12,0.85,10.20
"495546","2010-01-25 15:54:00","22367","CHILDS APRON SPACEBOY DESIGN",7,1.95,13.65
"495546","2010-01-25 15:54:00","22414","DOORMAT NEIGHBOURHOOD WITCH ",1,6.75,6.75
"495546","2010-01-25 15:54:00","35160","BUDDHA INCENSE HOLDER ASSORTED",3,0.85,2.55
"495546","2010-01-25 15:54:00","37462B","PET MUG, BUDGIE",10,0.42,4.20
"495546","2010-01-25 15:54:00","48111","DOOR MAT 3 SMILEY CATS",1,6.75,6.75
"495546","2010-01-25 15:54:00","48188","DOOR MAT WELCOME PUPPIES",1,6.75,6.75
"495546","2010-01-25 15:54:00","72023F","RED ORGANIC CANDLE IN GLASS",12,1.25,15.00
"495546","2010-01-25 15:54:00","72232","FENG SHUI PILLAR CANDLE",12,0.19,2.28
"495546","2010-01-25 15:54:00","72739B","WHITE CHOCOLATE SCENT CANDLE",144,0.65,93.60
"495546","2010-01-25 15:54:00","72739C","DARK CHOCOLATE SCENTCANDLE",132,0.65,85.80
"495546","2010-01-25 15:54:00","79323GR","GREEN CHERRY LIGHTS",1,6.75,6.75
"495546","2010-01-25 15:54:00","79323P","PINK CHERRY LIGHTS",1,6.75,6.75
"495546","2010-01-25 15:54:00","84029E","RED WOOLLY HOTTIE WHITE HEART.",6,3.75,22.50
"495546","2010-01-25 15:54:00","84050","PINK HEART SHAPE EGG FRYING PAN",6,1.65,9.90
"495546","2010-01-25 15:54:00","84206A","3 BLACK CATS W HEARTS BLANK CARD",24,0.19,4.56
"495546","2010-01-25 15:54:00","84270","ASSTD DESIGN BUBBLE GUM RING",30,0.21,6.30
"495546","2010-01-25 15:54:00","84371","BIG PINK POODLE",22,5.00,110.00
"495546","2010-01-25 15:54:00","84559D","3D SHEET OF SEA WORLD STICKERS",9,0.85,7.65
"495546","2010-01-25 15:54:00","84627","CANDY STRIPE ROSE C/COVER ",2,5.95,11.90
"495546","2010-01-25 15:54:00","84691","PACK 20 DOLLY PEGS",6,0.85,5.10
"495546","2010-01-25 15:54:00","84970S","HANGING HEART ZINC T-LIGHT HOLDER",12,0.85,10.20
"495546","2010-01-25 15:54:00","85049D","BRIGHT BLUES RIBBONS ",7,1.25,8.75
"495546","2010-01-25 15:54:00","85184C","S/4 VALENTINE DECOUPAGE HEART BOX",6,2.95,17.70
"495546","2010-01-25 15:54:00","85231L","LAVENDER SCENTED SET/9 T-LIGHTS",10,0.85,8.50
"495546","2010-01-25 15:54:00","90167","BEADED LOVE HEART JEWELLERY SET",12,0.85,10.20
"496445","2010-02-01 13:59:00","16156N","WRAP, FRIENDSHIP ON GREEN",25,0.42,10.50
"496445","2010-02-01 13:59:00","20713","JUMBO BAG OWLS",10,1.95,19.50
"496445","2010-02-01 13:59:00","20992","JAZZ HEARTS PURSE NOTEBOOK",12,0.85,10.20
"496445","2010-02-01 13:59:00","21439","BASKET OF TOADSTOOLS",12,1.25,15.00
"496445","2010-02-01 13:59:00","21488","RED WHITE SCARF  HOT WATER BOTTLE",12,3.95,47.40
"496445","2010-02-01 13:59:00","21579","LOLITA  DESIGN  COTTON TOTE BAG",6,2.25,13.50
"496445","2010-02-01 13:59:00","21580","RABBIT  DESIGN  COTTON TOTE BAG",6,2.25,13.50
"496445","2010-02-01 13:59:00","21637","ASSORTED SANSKRIT MINI NOTEBOOK",18,1.25,22.50
"496445","2010-02-01 13:59:00","21677","HEARTS  STICKERS",12,0.85,10.20
"496445","2010-02-01 13:59:00","21765","HANGING METAL BIRD BATH",2,7.95,15.90
"496445","2010-02-01 13:59:00","21906","PHARMACIE FIRST AID TIN",4,6.75,27.00
"496445","2010-02-01 13:59:00","21911","GARDEN METAL SIGN ",12,1.65,19.80
"496445","2010-02-01 13:59:00","22027","TEA PARTY BIRTHDAY CARD",12,0.42,5.04
"496445","2010-02-01 13:59:00","22068","BLACK PIRATE TREASURE CHEST",12,1.65,19.80
"496445","2010-02-01 13:59:00","22195","LARGE HEART MEASURING SPOONS",12,1.65,19.80
"496445","2010-02-01 13:59:00","22212","FOUR HOOK  WHITE LOVEBIRDS",6,2.10,12.60
"496445","2010-02-01 13:59:00","22219","LOVEBIRD HANGING DECORATION WHITE ",12,0.85,10.20
"496445","2010-02-01 13:59:00","22227","DECORATION, HANGING HEART+MIRROR ",24,0.65,15.60
"496445","2010-02-01 13:59:00","22236","CAKE STAND 3 TIER MAGIC GARDEN",2,12.75,25.50
"496445","2010-02-01 13:59:00","22247","BUNNY DECORATION MAGIC GARDEN",16,0.85,13.60
"496445","2010-02-01 13:59:00","22326","ROUND SNACK BOXES SET OF4 WOODLAND ",6,2.95,17.70
"496445","2010-02-01 13:59:00","22327","ROUND SNACK BOXES SET OF 4 SKULLS",6,2.95,17.70
"496445","2010-02-01 13:59:00","37462B","PET MUG, BUDGIE",24,0.42,10.08
"496445","2010-02-01 13:59:00","37462E","PET MUG, GOLDFISH",24,0.42,10.08
"496445","2010-02-01 13:59:00","48111","DOOR MAT 3 SMILEY CATS",10,5.95,59.50
"496445","2010-02-01 13:59:00","48129","DOOR MAT TOPIARY",10,5.95,59.50
"496445","2010-02-01 13:59:00","48194","DOORMAT HEARTS",10,5.95,59.50
"496445","2010-02-01 13:59:00","84212","ASSORTED FLOWER COLOUR LEIS",24,0.65,15.60
"496445","2010-02-01 13:59:00","84378","SET OF 3 HEART COOKIE CUTTERS",12,1.25,15.00
"496445","2010-02-01 13:59:00","84947","ANTIQUE SILVER TEA GLASS ENGRAVED",24,1.25,30.00
"496445","2010-02-01 13:59:00","84949","SILVER HANGING T-LIGHT HOLDER",12,1.65,19.80
"496445","2010-02-01 13:59:00","84971L","LARGE HEART FLOWERS HOOK   ",12,1.25,15.00
"496445","2010-02-01 13:59:00","84988","SET OF 72 PINK HEART PAPER DOILIES",24,1.45,34.80
"496445","2010-02-01 13:59:00","85059","FRENCH ENAMEL WATER BASIN",8,3.75,30.00
"496445","2010-02-01 13:59:00","85184C","S/4 VALENTINE DECOUPAGE HEART BOX",6,2.95,17.70
"498351","2010-02-18 12:34:00","16237","SLEEPING CAT ERASERS",30,0.21,6.30
"498351","2010-02-18 12:34:00","21485","RED SPOT HEART HOT WATER BOTTLE",4,4.95,19.80
"498351","2010-02-18 12:34:00","22256","FELT FARM ANIMAL CHICKEN",12,1.25,15.00
"498351","2010-02-18 12:34:00","22290","STANDING METAL RABBIT WITH EGG",6,2.10,12.60
"498351","2010-02-18 12:34:00","22386","JUMBO BAG PINK WITH WHITE SPOTS",10,1.95,19.50
"498351","2010-02-18 12:34:00","22411","JUMBO SHOPPER VINTAGE RED PAISLEY",20,1.95,39.00
"498351","2010-02-18 12:34:00","22657","HEN & 2 CHICKS IN BASKET",24,0.85,20.40
"498351","2010-02-18 12:34:00","84227","HEN HOUSE W CHICK IN NEST",40,0.42,16.80
"498351","2010-02-18 12:34:00","85205A","IVORY FELT EASTER RABBIT GARLAND",6,2.55,15.30
"502038","2010-03-22 13:49:00","15039","SANDALWOOD FAN",10,0.85,8.50
"502038","2010-03-22 13:49:00","20692","FLORAL ELEPHANT SOFT TOY",3,4.25,12.75
"502038","2010-03-22 13:49:00","20713","JUMBO BAG OWLS",10,1.95,19.50
"502038","2010-03-22 13:49:00","20749","ASSORTED COLOUR MINI CASES",2,7.95,15.90
"502038","2010-03-22 13:49:00","21080","SET/20 RED SPOTTY PAPER NAPKINS ",12,0.85,10.20
"502038","2010-03-22 13:49:00","21086","SET/6 RED SPOTTY PAPER CUPS",12,0.65,7.80
"502038","2010-03-22 13:49:00","21116","OWL DOORSTOP",3,4.95,14.85
"502038","2010-03-22 13:49:00","21207","SKULL AND CROSSBONES  GARLAND ",12,1.65,19.80
"502038","2010-03-22 13:49:00","21238","RED SPOTTY CUP",8,0.85,6.80
"502038","2010-03-22 13:49:00","21507","ELEPHANT, BIRTHDAY CARD, ",12,0.42,5.04
"502038","2010-03-22 13:49:00","21509","COWBOYS AND INDIANS BIRTHDAY CARD ",12,0.42,5.04
"502038","2010-03-22 13:49:00","21533","RETRO SPOT LARGE MILK JUG",3,4.95,14.85
"502038","2010-03-22 13:49:00","21535","RETRO SPOT SMALL MILK JUG",6,2.55,15.30
"502038","2010-03-22 13:49:00","21635","MADRAS NOTEBOOK LARGE ",6,3.75,22.50
"502038","2010-03-22 13:49:00","21790","VINTAGE SNAP CARDS",12,0.85,10.20
"502038","2010-03-22 13:49:00","21791","VINTAGE HEADS AND TAILS CARD GAME ",12,1.25,15.00
"502038","2010-03-22 13:49:00","21914","BLUE HARMONICA IN BOX ",12,1.25,15.00
"502038","2010-03-22 13:49:00","21929","JUMBO BAG PINK VINTAGE PAISLEY",10,1.95,19.50
"502038","2010-03-22 13:49:00","21950","SET OF 6 DOTS CHOPSTICKS",5,1.25,6.25
"502038","2010-03-22 13:49:00","22021","BLUE FELT EASTER EGG BASKET",12,1.65,19.80
"502038","2010-03-22 13:49:00","22035","VINTAGE CARAVAN GREETING CARD ",12,0.42,5.04
"502038","2010-03-22 13:49:00","22036","DINOSAUR BIRTHDAY CARD",12,0.42,5.04
"502038","2010-03-22 13:49:00","22076","6 RIBBONS EMPIRE  ",12,1.65,19.80
"502038","2010-03-22 13:49:00","22087","PAPER BUNTING WHITE LACE",6,2.95,17.70
"502038","2010-03-22 13:49:00","22088","PAPER BUNTING COLOURED LACE",6,2.95,17.70
"502038","2010-03-22 13:49:00","22185","SLATE TILE NATURAL HANGING",12,1.65,19.80
"502038","2010-03-22 13:49:00","22233","JIGSAW RABBIT AND BIRDHOUSE",12,1.65,19.80
"502038","2010-03-22 13:49:00","22241","GARLAND WOODEN HAPPY EASTER",12,1.25,15.00
"502038","2010-03-22 13:49:00","22263","FELT EGG COSY LADYBIRD ",12,0.85,10.20
"502038","2010-03-22 13:49:00","22269","EGG CUP NATURAL CHICKEN",8,1.25,10.00
"502038","2010-03-22 13:49:00","22272","FELTCRAFT DOLL MARIA",6,2.95,17.70
"502038","2010-03-22 13:49:00","22274","FELTCRAFT DOLL EMILY",6,2.95,17.70
"502038","2010-03-22 13:49:00","22285","DECORATION HEN ON NEST, HANGING",12,1.65,19.80
"502038","2010-03-22 13:49:00","22352","LUNCHBOX WITH CUTLERY RETROSPOT ",6,2.55,15.30
"502038","2010-03-22 13:49:00","40016","CHINESE DRAGON PAPER LANTERNS",24,0.42,10.08
"502038","2010-03-22 13:49:00","84050","PINK HEART SHAPE EGG FRYING PAN",6,1.65,9.90
"502038","2010-03-22 13:49:00","84270","ASSTD DESIGN BUBBLE GUM RING",30,0.21,6.30
"502038","2010-03-22 13:49:00","84279B","CHERRY BLOSSOM DECORATIVE FLASK",8,3.75,30.00
"502038","2010-03-22 13:49:00","84466","TOP SECRET PEN SET",12,1.25,15.00
"502038","2010-03-22 13:49:00","84691","PACK 20 DOLLY PEGS",12,0.85,10.20
"502038","2010-03-22 13:49:00","85014B","RED/WHITE DOTS RUFFLED UMBRELLA",3,5.95,17.85
"502038","2010-03-22 13:49:00","85099B","JUMBO BAG RED WHITE SPOTTY ",10,1.95,19.50
"502038","2010-03-22 13:49:00","85114C","RED ENCHANTED FOREST PLACEMAT",6,1.65,9.90
"502038","2010-03-22 13:49:00","85206A","CREAM FELT EASTER EGG BASKET",12,1.65,19.80
"502039","2010-03-22 13:50:00","21915","RED  HARMONICA IN BOX ",12,1.25,15.00
"502039","2010-03-22 13:50:00","22077","6 RIBBONS RUSTIC CHARM",12,1.65,19.80
"507710","2010-05-11 11:29:00","15036","ASSORTED COLOURS SILK FAN",12,0.75,9.00
"507710","2010-05-11 11:29:00","16016","LARGE CHINESE STYLE SCISSOR",10,0.85,8.50
"507710","2010-05-11 11:29:00","16161G","WRAP BAD HAIR DAY",25,0.10,2.50
"507710","2010-05-11 11:29:00","16169P","WRAP GREEN RUSSIAN FOLKART ",25,0.42,10.50
"507710","2010-05-11 11:29:00","16237","SLEEPING CAT ERASERS",30,0.21,6.30
"507710","2010-05-11 11:29:00","17039","INLAID WOOD INCENSE HOLDER",6,0.29,1.74
"507710","2010-05-11 11:29:00","17181","CIRCLE OF FRIENDS CANDLE HOLDER",1,2.55,2.55
"507710","2010-05-11 11:29:00","18007","ESSENTIAL BALM 3.5g TIN IN ENVELOPE",15,0.18,2.70
"507710","2010-05-11 11:29:00","20914","SET/5 RED SPOTTY LID GLASS BOWLS",2,2.95,5.90
"507710","2010-05-11 11:29:00","20981","12 PENCILS TALL TUBE WOODLAND",6,0.85,5.10
"507710","2010-05-11 11:29:00","21077","SET/20 WOODLAND PAPER NAPKINS ",6,0.85,5.10
"507710","2010-05-11 11:29:00","21206","STRAWBERRY HONEYCOMB  GARLAND ",11,1.65,18.15
"507710","2010-05-11 11:29:00","21440","12 MINI TOADSTOOL PEGS",6,1.25,7.50
"507710","2010-05-11 11:29:00","21469","POLKA DOT RAFFIA FOOD COVER",48,1.25,60.00
"507710","2010-05-11 11:29:00","21495","SKULLS WRAP",25,0.42,10.50
"507710","2010-05-11 11:29:00","21504","SKULLS GREETING CARD",12,0.42,5.04
"507710","2010-05-11 11:29:00","21507","ELEPHANT, BIRTHDAY CARD, ",12,0.42,5.04
"507710","2010-05-11 11:29:00","21509","COWBOYS AND INDIANS BIRTHDAY CARD ",12,0.42,5.04
"507710","2010-05-11 11:29:00","21542","WOODLAND WATER TRANSFER TATTOOS ",20,0.85,17.00
"507710","2010-05-11 11:29:00","21544","SKULLS  WATER TRANSFER TATTOOS ",10,0.85,8.50
"507710","2010-05-11 11:29:00","21544","SKULLS  WATER TRANSFER TATTOOS ",12,0.85,10.20
"507710","2010-05-11 11:29:00","21559","STRAWBERRY LUNCH BOX WITH CUTLERY",3,2.55,7.65
"507710","2010-05-11 11:29:00","21704","BAG 250g SWIRLY MARBLES",10,0.85,8.50
"507710","2010-05-11 11:29:00","21713","CITRONELLA CANDLE FLOWERPOT",48,0.85,40.80
"507710","2010-05-11 11:29:00","21791","VINTAGE HEADS AND TAILS CARD GAME ",4,1.25,5.00
"507710","2010-05-11 11:29:00","21833","CAMOUFLAGE LED TORCH",6,1.69,10.14
"507710","2010-05-11 11:29:00","21903","MAN FLU METAL SIGN",2,2.10,4.20
"507710","2010-05-11 11:29:00","21916","SET 12 RETRO WHITE CHALK STICKS",13,0.42,5.46
"507710","2010-05-11 11:29:00","21930","JUMBO STORAGE BAG SKULLS",10,1.95,19.50
"507710","2010-05-11 11:29:00","21967","PACK OF 12 SKULL TISSUES",12,0.29,3.48
"507710","2010-05-11 11:29:00","21989","PACK OF 20 SKULL PAPER NAPKINS",6,0.85,5.10
"507710","2010-05-11 11:29:00","22029","SPACEBOY BIRTHDAY CARD",12,0.42,5.04
"507710","2010-05-11 11:29:00","22045","SPACEBOY GIFT WRAP",25,0.42,10.50
"507710","2010-05-11 11:29:00","22047","EMPIRE GIFT WRAP",25,0.42,10.50
"507710","2010-05-11 11:29:00","22069","BROWN  PIRATE TREASURE CHEST ",4,1.65,6.60
"507710","2010-05-11 11:29:00","22088","PAPER BUNTING COLOURED LACE",2,2.95,5.90
"507710","2010-05-11 11:29:00","22211","WOOD STAMP SET FLOWERS",8,1.65,13.20
"507710","2010-05-11 11:29:00","22326","ROUND SNACK BOXES SET OF4 WOODLAND ",2,2.95,5.90
"507710","2010-05-11 11:29:00","22327","ROUND SNACK BOXES SET OF 4 SKULLS",2,2.95,5.90
"507710","2010-05-11 11:29:00","22328","ROUND SNACK BOXES SET OF 4 FRUITS ",1,2.95,2.95
"507710","2010-05-11 11:29:00","22331","WOODLAND PARTY BAG + STICKER SET",7,1.65,11.55
"507710","2010-05-11 11:29:00","22411","JUMBO SHOPPER VINTAGE RED PAISLEY",10,1.95,19.50
"507710","2010-05-11 11:29:00","22412","METAL SIGN NEIGHBOURHOOD WITCH ",6,2.10,12.60
"507710","2010-05-11 11:29:00","22414","DOOR MAT NEIGHBOURHOOD WITCH ",1,7.49,7.49
"507710","2010-05-11 11:29:00","22417","PACK OF 60 SPACEBOY CAKE CASES",6,0.55,3.30
"507710","2010-05-11 11:29:00","22435","SET OF 9 HEART SHAPED BALLOONS",10,1.25,12.50
"507710","2010-05-11 11:29:00","22437","SET OF 9 BLACK SKULL BALLOONS",10,0.85,8.50
"507710","2010-05-11 11:29:00","22451","SILK PURSE RUSSIAN DOLL RED",12,3.35,40.20
"507710","2010-05-11 11:29:00","22495","SET OF 2 ROUND TINS CAMEMBERT ",3,2.95,8.85
"507710","2010-05-11 11:29:00","22495","SET OF 2 ROUND TINS CAMEMBERT ",12,2.95,35.40
"507710","2010-05-11 11:29:00","22496","SET OF 2 ROUND TINS DUTCH CHEESE",1,2.95,2.95
"507710","2010-05-11 11:29:00","22496","SET OF 2 ROUND TINS DUTCH CHEESE",12,2.95,35.40
"507710","2010-05-11 11:29:00","22535","MAGIC DRAWING SLATE BUNNIES ",48,0.42,20.16
"507710","2010-05-11 11:29:00","22536","MAGIC DRAWING SLATE PURDEY",48,0.42,20.16
"507710","2010-05-11 11:29:00","22550","HOLIDAY FUN LUDO",4,3.75,15.00
"507710","2010-05-11 11:29:00","22553","PLASTERS IN TIN SKULLS",24,1.65,39.60
"507710","2010-05-11 11:29:00","22555","PLASTERS IN TIN STRONGMAN",20,1.65,33.00
"507710","2010-05-11 11:29:00","22559","SEASIDE FLYING DISC",5,1.25,6.25
"507710","2010-05-11 11:29:00","22559","SEASIDE FLYING DISC",6,1.25,7.50
"507710","2010-05-11 11:29:00","22567","20 DOLLY PEGS RETROSPOT",8,1.25,10.00
"507710","2010-05-11 11:29:00","22605","WOODEN CROQUET GARDEN SET",2,12.75,25.50
"507710","2010-05-11 11:29:00","22606","WOODEN SKITTLES GARDEN SET",2,15.95,31.90
"507710","2010-05-11 11:29:00","22613","PACK OF 20 SPACEBOY NAPKINS",6,0.85,5.10
"507710","2010-05-11 11:29:00","22617","BAKING SET SPACEBOY DESIGN",2,4.95,9.90
"507710","2010-05-11 11:29:00","22622","BOX OF VINTAGE ALPHABET BLOCKS",2,9.95,19.90
"507710","2010-05-11 11:29:00","35160","BUDDHA INCENSE HOLDER ASSORTED",4,0.85,3.40
"507710","2010-05-11 11:29:00","40016","CHINESE DRAGON PAPER LANTERNS",12,0.42,5.04
"507710","2010-05-11 11:29:00","44091A","BLUE CRUSOE CHECK LAMPSHADE",2,0.42,0.84
"507710","2010-05-11 11:29:00","44091C","MULTICOLOUR CRUSOE CHECK LAMPSHADE",2,0.42,0.84
"507710","2010-05-11 11:29:00","47504G","ENGLISH ROSE TAPE MEASURE",6,1.25,7.50
"507710","2010-05-11 11:29:00","48188","DOOR MAT WELCOME PUPPIES",10,6.35,63.50
"507710","2010-05-11 11:29:00","72232","FENG SHUI PILLAR CANDLE",12,0.19,2.28
"507710","2010-05-11 11:29:00","72801D","S/4 SKY BLUE DINNER CANDLES",12,1.25,15.00
"507710","2010-05-11 11:29:00","79000","MOROCCAN TEA GLASS",12,0.85,10.20
"507710","2010-05-11 11:29:00","84077","WORLD WAR 2 GLIDERS ASSTD DESIGNS",48,0.21,10.08
"507710","2010-05-11 11:29:00","84692","BOX OF 24 COCKTAIL PARASOLS",25,0.42,10.50
"507710","2010-05-11 11:29:00","84858B","BLUE RIVIERA HANDBAG",30,1.25,37.50
"507710","2010-05-11 11:29:00","84985A","SET OF 72 GREEN PAPER DOILIES",5,1.45,7.25
"507710","2010-05-11 11:29:00","85014A","BLACK/BLUE DOTS RUFFLED UMBRELLA",2,5.95,11.90
"507710","2010-05-11 11:29:00","85099B","RED RETROSPOT JUMBO BAG ",20,1.95,39.00
"507710","2010-05-11 11:29:00","85114B","IVORY ENCHANTED FOREST PLACEMAT",6,1.65,9.90
"507710","2010-05-11 11:29:00","85180A","RED HEARTS LIGHT CHAIN ",2,4.65,9.30
"509574","2010-05-24 13:50:00","20674","GREEN SPOTTY BOWL",8,1.25,10.00
"509574","2010-05-24 13:50:00","21078","SET/20 STRAWBERRY PAPER NAPKINS ",12,0.85,10.20
"509574","2010-05-24 13:50:00","21125","SET 6 FOOTBALL CELEBRATION CANDLES",12,1.25,15.00
"509574","2010-05-24 13:50:00","21126","SET OF 6 GIRLS CELEBRATION CANDLES",12,1.25,15.00
"509574","2010-05-24 13:50:00","21241","GREEN SPOTTY CUP",8,0.85,6.80
"509574","2010-05-24 13:50:00","21246","RED SPOTTY BIG BOWL",6,4.95,29.70
"509574","2010-05-24 13:50:00","21562","HAWAIIAN GRASS SKIRT ",6,2.10,12.60
"509574","2010-05-24 13:50:00","21563","RED HEART SHAPE LOVE BUCKET ",6,2.95,17.70
"509574","2010-05-24 13:50:00","21755","LOVE BUILDING BLOCK WORD",3,5.95,17.85
"509574","2010-05-24 13:50:00","21897","POTTING SHED CANDLE CITRONELLA",6,2.95,17.70
"509574","2010-05-24 13:50:00","21906","PHARMACIE FIRST AID TIN",4,6.75,27.00
"509574","2010-05-24 13:50:00","21973","SET OF 36 MUSHROOM PAPER DOILIES",12,1.45,17.40
"509574","2010-05-24 13:50:00","21976","PACK OF 60 MUSHROOM CAKE CASES",24,0.55,13.20
"509574","2010-05-24 13:50:00","22087","PAPER BUNTING WHITE LACE",12,2.95,35.40
"509574","2010-05-24 13:50:00","22088","PAPER BUNTING COLOURED LACE",6,2.95,17.70
"509574","2010-05-24 13:50:00","22134","LADLE LOVE HEART RED ",12,0.42,5.04
"509574","2010-05-24 13:50:00","22136","LOVE HEART SOCK HANGER",12,1.65,19.80
"509574","2010-05-24 13:50:00","22178","VICTORIAN GLASS HANGING T-LIGHT",12,1.25,15.00
"509574","2010-05-24 13:50:00","22242","HOOK, 5 HANGER , MAGIC TOADSTOOL",12,1.65,19.80
"509574","2010-05-24 13:50:00","22243","HOOK, 5 HANGER ,MAGIC TOADSTOOL RED",12,1.65,19.80
"509574","2010-05-24 13:50:00","22326","ROUND SNACK BOXES SET OF4 WOODLAND ",12,2.95,35.40
"509574","2010-05-24 13:50:00","22327","ROUND SNACK BOXES SET OF 4 SKULLS",12,2.95,35.40
"509574","2010-05-24 13:50:00","22356","CHARLOTTE BAG PINK WITH WHITE SPOTS",10,0.85,8.50
"509574","2010-05-24 13:50:00","22366","DOOR MAT AIRMAIL ",10,6.35,63.50
"509574","2010-05-24 13:50:00","22379","RECYCLING BAG RETROSPOT ",10,2.10,21.00
"509574","2010-05-24 13:50:00","22454","MEASURING TAPE RUSSIAN DOLL RED",6,2.95,17.70
"509574","2010-05-24 13:50:00","22460","EMBOSSED GLASS TEALIGHT HOLDER",12,1.25,15.00
"509574","2010-05-24 13:50:00","22501","PICNIC BASKET WICKER LARGE",2,9.95,19.90
"509574","2010-05-24 13:50:00","22505","MEMO BOARD COTTAGE DESIGN",4,4.95,19.80
"509574","2010-05-24 13:50:00","22607","WOODEN ROUNDERS GARDEN SET ",2,8.50,17.00
"509574","2010-05-24 13:50:00","22634","CHILDS BREAKFAST SET SPACEBOY ",2,9.95,19.90
"509574","2010-05-24 13:50:00","72351B","SET/6 PINK  BUTTERFLY T-LIGHTS",12,2.10,25.20
"509574","2010-05-24 13:50:00","84212","ASSORTED FLOWER COLOUR LEIS",24,0.65,15.60
"509574","2010-05-24 13:50:00","84378","SET OF 3 HEART COOKIE CUTTERS",12,1.25,15.00
"509574","2010-05-24 13:50:00","84849B","FAIRY SOAP SOAP HOLDER",12,1.69,20.28
"509574","2010-05-24 13:50:00","84949","SILVER HANGING T-LIGHT HOLDER",12,1.65,19.80
"509574","2010-05-24 13:50:00","85014B","RED/WHITE DOTS RUFFLED UMBRELLA",3,5.95,17.85
"509574","2010-05-24 13:50:00","85173","SET/6 FROG PRINCE T-LIGHT CANDLES",6,2.55,15.30
"520665","2010-08-27 13:05:00","10135","COLOURING PENCILS BROWN TUBE",10,1.25,12.50
"520665","2010-08-27 13:05:00","15034","PAPER POCKET TRAVELING FAN ",48,0.14,6.72
"520665","2010-08-27 13:05:00","16236","KITTY PENCIL ERASERS",28,0.21,5.88
"520665","2010-08-27 13:05:00","20941","FROG CANDLE",12,1.25,15.00
"520665","2010-08-27 13:05:00","20982","12 PENCILS TALL TUBE SKULLS",8,0.85,6.80
"520665","2010-08-27 13:05:00","20983","12 PENCILS TALL TUBE RED SPOTTY",8,0.85,6.80
"520665","2010-08-27 13:05:00","21439","BASKET OF TOADSTOOLS",24,1.25,30.00
"520665","2010-08-27 13:05:00","21495","SKULLS AND CROSSBONES WRAP",25,0.42,10.50
"520665","2010-08-27 13:05:00","21504","SKULLS GREETING CARD",12,0.42,5.04
"520665","2010-08-27 13:05:00","21507","ELEPHANT, BIRTHDAY CARD, ",12,0.42,5.04
"520665","2010-08-27 13:05:00","21509","COWBOYS AND INDIANS BIRTHDAY CARD ",12,0.42,5.04
"520665","2010-08-27 13:05:00","21541","DINOSAURS WATER TRANSFER TATTOOS ",10,0.85,8.50
"520665","2010-08-27 13:05:00","21544","SKULLS  WATER TRANSFER TATTOOS ",10,0.85,8.50
"520665","2010-08-27 13:05:00","21547","CERAMIC BIRDHOUSE CRESTED TIT SMALL",3,2.95,8.85
"520665","2010-08-27 13:05:00","21548","CERAMIC BIRDHOUSE FINCH BLUE ROOF",3,2.95,8.85
"520665","2010-08-27 13:05:00","21704","BAG 250g SWIRLY MARBLES",10,0.85,8.50
"520665","2010-08-27 13:05:00","21790","VINTAGE SNAP CARDS",6,0.85,5.10
"520665","2010-08-27 13:05:00","21889","WOODEN BOX OF DOMINOES",6,1.25,7.50
"520665","2010-08-27 13:05:00","21913","VINTAGE SEASIDE JIGSAW PUZZLES",2,3.75,7.50
"520665","2010-08-27 13:05:00","21928","JUMBO BAG SCANDINAVIAN PAISLEY",10,1.95,19.50
"520665","2010-08-27 13:05:00","22194","BLACK DINER WALL CLOCK",2,8.50,17.00
"520665","2010-08-27 13:05:00","22352","LUNCH BOX WITH CUTLERY RETROSPOT ",4,2.55,10.20
"520665","2010-08-27 13:05:00","22386","JUMBO BAG PINK WITH WHITE SPOTS",10,1.95,19.50
"520665","2010-08-27 13:05:00","22405","MONEY BOX POCKET MONEY DESIGN",12,1.25,15.00
"520665","2010-08-27 13:05:00","22411","JUMBO SHOPPER VINTAGE RED PAISLEY",10,1.95,19.50
"520665","2010-08-27 13:05:00","22418","10 COLOUR SPACEBOY PEN",12,0.85,10.20
"520665","2010-08-27 13:05:00","22520","CHILDS GARDEN TROWEL BLUE ",6,0.85,5.10
"520665","2010-08-27 13:05:00","22561","WOODEN SCHOOL COLOURING SET",6,1.65,9.90
"520665","2010-08-27 13:05:00","22624","IVORY KITCHEN SCALES",4,8.50,34.00
"520665","2010-08-27 13:05:00","22625","RED KITCHEN SCALES",4,8.50,34.00
"520665","2010-08-27 13:05:00","22629","SPACEBOY LUNCH BOX ",1,1.95,1.95
"520665","2010-08-27 13:05:00","22629","SPACEBOY LUNCH BOX ",3,1.95,5.85
"520665","2010-08-27 13:05:00","22630","DOLLY GIRL LUNCH BOX",4,1.95,7.80
"520665","2010-08-27 13:05:00","22650","CERAMIC PIRATE CHEST MONEY BANK",4,1.45,5.80
"520665","2010-08-27 13:05:00","22753","SMALL YELLOW BABUSHKA NOTEBOOK ",12,0.85,10.20
"520665","2010-08-27 13:05:00","40016","CHINESE DRAGON PAPER LANTERNS",24,0.42,10.08
"520665","2010-08-27 13:05:00","79000","MOROCCAN TEA GLASS",12,0.85,10.20
"520665","2010-08-27 13:05:00","84077","WORLD WAR 2 GLIDERS ASSTD DESIGNS",48,0.21,10.08
"520665","2010-08-27 13:05:00","84270","ASSTD DESIGN BUBBLE GUM RING",60,0.21,12.60
"520665","2010-08-27 13:05:00","84559A","3D SHEET OF DOG STICKERS",4,0.85,3.40
"520665","2010-08-27 13:05:00","84559B","3D SHEET OF CAT STICKERS",4,0.85,3.40
"520665","2010-08-27 13:05:00","84559D","3D SHEET OF SEA WORLD STICKERS",4,0.85,3.40
"520665","2010-08-27 13:05:00","84580","MOUSE TOY WITH PINK T-SHIRT",4,3.75,15.00
"520665","2010-08-27 13:05:00","84901","BLACK FACE LAMB WITH PANTS",4,3.75,15.00
"520665","2010-08-27 13:05:00","84946","ANTIQUE SILVER TEA GLASS ETCHED",6,1.25,7.50
"520665","2010-08-27 13:05:00","84947","ANTIQUE SILVER TEA GLASS ENGRAVED",12,1.25,15.00
"520665","2010-08-27 13:05:00","84949","SILVER HANGING T-LIGHT HOLDER",6,1.65,9.90
"520665","2010-08-27 13:05:00","85174","S/4 CACTI CANDLES",2,4.95,9.90
"530926","2010-11-04 16:50:00","21186","WHITE DOVE HONEYCOMB PAPER GARLAND",96,1.45,139.20
"530926","2010-11-04 16:50:00","21187","WHITE BELL HONEYCOMB PAPER GARLAND ",48,1.45,69.60
"530926","2010-11-04 16:50:00","21192","WHITE BELL HONEYCOMB PAPER ",12,1.65,19.80
"530926","2010-11-04 16:50:00","84947","ANTIQUE SILVER TEA GLASS ENGRAVED",36,1.25,45.00
"530926","2010-11-04 16:50:00","84949","SILVER HANGING T-LIGHT HOLDER",24,1.65,39.60
