"customer_id","invoice_no","invoice_date","stock_code","cancelled_qty","total_purchased","excess_qty"
"15749","C550456","2011-04-18 13:08:00","47566B",1300,0,1300
"14277","C524235","2010-09-28 11:02:00","84925D",372,0,372
"13694","C504840","2010-04-16 15:30:00","85017C",288,0,288
"15291","C523402","2010-09-21 20:24:00","84568",288,0,288
"18041","C522818","2010-09-16 19:58:00","84568",288,0,288
"16742","C572410","2011-10-24 11:58:00","22699",168,0,168
"16546","C536812","2010-12-02 16:58:00","22588",192,30,162
"12755","C489713","2009-12-02 10:55:00","21094",150,0,150
"17307","C494907","2010-01-19 16:36:00","20772",144,0,144
"13091","C490807","2009-12-08 12:25:00","10138",96,0,96
"13091","C490946","2009-12-08 14:28:00","10138",96,0,96
"17681","C491593","2009-12-11 13:11:00","20879",96,0,96
"14258","C493168","2009-12-22 11:50:00","21904",96,0,96
"16900","C579092","2011-11-28 10:50:00","16054",108,36,72
"14337","C490942","2009-12-08 14:04:00","84270",60,0,60
"17107","C574748","2011-11-07 08:41:00","22382",100,40,60
"16570","C490117","2009-12-03 17:38:00","22258",48,0,48
"13694","C517818","2010-08-02 12:18:00","20804",48,0,48
"15935","C490996","2009-12-08 17:23:00","21984",48,0,48
"15181","C491027","2009-12-08 19:04:00","22125",48,0,48
"14030","C489577","2009-12-01 13:38:00","22127",48,0,48
"13725","C568830","2011-09-29 11:34:00","23287",43,0,43
"13725","C568830","2011-09-29 11:34:00","23286",40,0,40
"15823","C540307","2011-01-06 12:58:00","21537",48,8,40
"17193","C490306","2009-12-04 14:40:00","21989",36,0,36
"13091","C490807","2009-12-08 12:25:00","21098",36,0,36
"13091","C490946","2009-12-08 14:28:00","21098",36,0,36
"16898","C538081","2010-12-09 14:29:00","22630",33,0,33
"14337","C490942","2009-12-08 14:04:00","85175",32,0,32
"17954","C502849","2010-03-28 14:15:00","84270",30,0,30
"12487","C491036","2009-12-09 09:16:00","21680",30,0,30
"14970","C513587","2010-06-27 10:41:00","79323LP",30,0,30
"13694","C511814","2010-06-10 15:54:00","79323W",29,0,29
"17706","C511813","2010-06-10 15:51:00","79323S",29,0,29
"14970","C513587","2010-06-27 10:41:00","79323S",26,0,26
"12613","C494604","2010-01-15 12:22:00","21496",25,0,25
"13091","C490946","2009-12-08 14:28:00","85217",24,0,24
"13091","C490807","2009-12-08 12:25:00","21700",24,0,24
"13091","C490946","2009-12-08 14:28:00","21700",24,0,24
"13091","C490807","2009-12-08 12:25:00","21743",24,0,24
"13091","C490946","2009-12-08 14:28:00","21743",24,0,24
"13091","C490946","2009-12-08 14:28:00","22174",24,0,24
"13091","C490807","2009-12-08 12:25:00","22174",24,0,24
"15935","C490996","2009-12-08 17:23:00","21902",24,0,24
"15935","C490996","2009-12-08 17:23:00","21901",24,0,24
"15935","C490996","2009-12-08 17:23:00","21899",24,0,24
"13091","C490807","2009-12-08 12:25:00","85217",24,0,24
"14337","C490942","2009-12-08 14:04:00","21700",24,0,24
"14337","C490942","2009-12-08 14:04:00","85216",24,0,24
"14337","C490942","2009-12-08 14:04:00","85217",24,0,24
"14748","C540937","2011-01-12 12:09:00","22932",24,0,24
"12807","C533696","2010-11-18 13:20:00","84970S",24,0,24
"14970","C513587","2010-06-27 10:41:00","79323GR",24,0,24
"16858","C494486","2010-01-14 17:02:00","35603B",24,0,24
"15137","C491019","2009-12-08 18:47:00","21212",24,0,24
"16450","C491412","2009-12-10 19:05:00","20956",24,0,24
"15137","C497150","2010-02-05 15:56:00","22335",24,0,24
"12933","C491398","2009-12-10 16:45:00","16046",24,0,24
"12933","C491398","2009-12-10 16:45:00","21642",24,0,24
"15137","C497150","2010-02-05 15:56:00","22339",24,0,24
"16133","C562280","2011-08-04 10:31:00","84926F",24,0,24
"14258","C507451","2010-05-10 10:04:00","79323B",24,0,24
"13799","C524376","2010-09-28 17:40:00","21830",48,24,24
"16077","C508455","2010-05-14 16:38:00","79341",312,288,24
"15311","C507361","2010-05-07 15:55:00","79323W",24,0,24
"15935","C490996","2009-12-08 17:23:00","35594",24,0,24
"12560","C564913","2011-08-31 12:39:00","22998",24,0,24
"12755","C489713","2009-12-02 10:55:00","22070",23,0,23
"16742","C572410","2011-10-24 11:58:00","23170",20,0,20
"16258","C511653","2010-06-09 14:03:00","79323W",20,0,20
"17426","C510212","2010-05-28 08:12:00","79323S",20,0,20
"14290","C512768","2010-06-17 16:35:00","79323W",20,0,20
"15311","C507361","2010-05-07 15:55:00","79323B",19,0,19
"17617","C508727","2010-05-18 09:52:00","79323LP",19,0,19
"14113","C510208","2010-05-28 08:00:00","79323W",19,0,19
"12755","C489713","2009-12-02 10:55:00","22071",18,0,18
"13091","C490807","2009-12-08 12:25:00","20940",18,0,18
"13091","C490946","2009-12-08 14:28:00","20940",18,0,18
"14895","C513485","2010-06-24 17:48:00","79323W",17,0,17
"14277","C490120","2009-12-03 17:52:00","22333",16,0,16
"17706","C511813","2010-06-10 15:51:00","79341",16,0,16
"14337","C490942","2009-12-08 14:04:00","11001",16,0,16
"13091","C490946","2009-12-08 14:28:00","85175",96,80,16
"14277","C490798","2009-12-08 11:51:00","22333",16,0,16
"13091","C490946","2009-12-08 14:28:00","84596B",16,0,16
"13091","C490807","2009-12-08 12:25:00","84596B",16,0,16
"13091","C490807","2009-12-08 12:25:00","85175",96,80,16
"15935","C490996","2009-12-08 17:23:00","85172",16,0,16
"16928","C529908","2010-10-31 14:12:00","21291",32,16,16
"17340","C579878","2011-11-30 17:12:00","84849A",16,0,16
"13091","C490807","2009-12-08 12:25:00","84596E",16,0,16
"13281","C506001","2010-04-27 11:00:00","20979",16,0,16
"14970","C513587","2010-06-27 10:41:00","79323P",16,0,16
"14337","C490942","2009-12-08 14:04:00","85172",16,0,16
"13091","C490946","2009-12-08 14:28:00","84596E",16,0,16
"17706","C511813","2010-06-10 15:51:00","79323W",14,0,14
"17706","C511813","2010-06-10 15:51:00","79323GR",13,0,13
"13694","C511814","2010-06-10 15:54:00","79323GR",13,0,13
"17611","C514139","2010-06-30 13:47:00","79323W",13,0,13
"12989","C508459","2010-05-14 17:23:00","79323P",13,0,13
"12967","C580954","2011-12-06 14:19:00","21428",25,12,13
"14337","C490942","2009-12-08 14:04:00","21679",12,0,12
"13883","C493332","2009-12-23 10:00:00","20952",12,0,12
"17716","C567704","2011-09-22 09:41:00","22349",12,0,12
"18072","C559347","2011-07-07 17:22:00","85032D",12,0,12
"17426","C510212","2010-05-28 08:12:00","79323W",12,0,12
"12770","C514095","2010-06-30 12:17:00","20682",12,0,12
"12839","C493836","2010-01-07 13:49:00","21355",24,12,12
"16807","C499413","2010-02-26 15:52:00","85098B",12,0,12
"16436","C490739","2009-12-07 17:50:00","22295",12,0,12
"16262","C496071","2010-01-28 16:43:00","72802A",12,0,12
"16128","C489527","2009-12-01 11:50:00","21173",12,0,12
"13026","C576401","2011-11-15 10:52:00","21990",12,0,12
"15997","C503518","2010-04-01 13:04:00","20689",12,0,12
"15935","C490996","2009-12-08 17:23:00","35976B",12,0,12
"13057","C501655","2010-03-18 13:00:00","21477",12,0,12
"17850","C510226","2010-05-28 08:48:00","79323S",12,0,12
"15935","C490996","2009-12-08 17:23:00","22341",12,0,12
"15935","C490996","2009-12-08 17:23:00","22135",12,0,12
"17850","C510226","2010-05-28 08:48:00","79323G",12,0,12
"15935","C490996","2009-12-08 17:23:00","22077",12,0,12
"13091","C490807","2009-12-08 12:25:00","20658",12,0,12
"13091","C490946","2009-12-08 14:28:00","20658",12,0,12
"17850","C510226","2010-05-28 08:48:00","79323B",12,0,12
"13091","C490807","2009-12-08 12:25:00","21490",12,0,12
"13091","C490946","2009-12-08 14:28:00","21490",12,0,12
"15935","C490996","2009-12-08 17:23:00","21010",12,0,12
"15823","C540307","2011-01-06 12:58:00","22212",12,0,12
"15767","C500565","2010-03-08 15:48:00","85123A",12,0,12
"15767","C500565","2010-03-08 15:48:00","15056N",12,0,12
"15311","C507361","2010-05-07 15:55:00","79323S",12,0,12
"15137","C491019","2009-12-08 18:47:00","21731",12,0,12
"15101","C511443","2010-06-08 12:24:00","79191B",12,0,12
"15031","C512272","2010-06-14 13:32:00","84249D",12,0,12
"15031","C512272","2010-06-14 13:32:00","84247L",12,0,12
"15031","C512272","2010-06-14 13:32:00","22037",12,0,12
"15031","C512272","2010-06-14 13:32:00","22028",12,0,12
"15031","C512272","2010-06-14 13:32:00","22027",12,0,12
"15031","C512272","2010-06-14 13:32:00","21509",12,0,12
"12472","C491052","2009-12-09 10:47:00","21284",12,0,12
"14864","C490987","2009-12-08 17:07:00","72739C",12,0,12
"12472","C491052","2009-12-09 10:47:00","21286",12,0,12
"14562","C559983","2011-07-14 11:41:00","23083",12,0,12
"14430","C508707","2010-05-17 17:12:00","79323P",12,0,12
"13381","C489632","2009-12-01 15:18:00","20814",12,0,12
"14337","C490942","2009-12-08 14:04:00","21889",12,0,12
"14337","C490942","2009-12-08 14:04:00","21832",12,0,12
"14337","C490942","2009-12-08 14:04:00","21791",12,0,12
"14337","C490942","2009-12-08 14:04:00","21701",12,0,12
"14290","C494992","2010-01-20 12:04:00","22135",12,0,12
"14290","C494992","2010-01-20 12:04:00","22134",12,0,12
"14277","C490120","2009-12-03 17:52:00","21099",12,0,12
"14277","C490798","2009-12-08 11:51:00","21099",12,0,12
"14277","C490120","2009-12-03 17:52:00","21094",12,0,12
"14277","C490798","2009-12-08 11:51:00","21094",12,0,12
"14277","C490120","2009-12-03 17:52:00","21092",12,0,12
"14277","C490798","2009-12-08 11:51:00","21092",12,0,12
"14277","C490120","2009-12-03 17:52:00","21086",12,0,12
"14277","C490798","2009-12-08 11:51:00","21086",12,0,12
"13282","C567712","2011-09-22 10:08:00","22725",11,0,11
"16406","C499161","2010-02-24 17:01:00","84520D",11,0,11
"15513","C513489","2010-06-24 18:33:00","79323LP",11,0,11
"17617","C508727","2010-05-18 09:52:00","79323W",10,0,10
"17426","C510212","2010-05-28 08:12:00","79341",10,0,10
"16436","C490739","2009-12-07 17:50:00","22003",10,0,10
"15485","C508410","2010-05-14 16:02:00","79323G",10,0,10
"15485","C508410","2010-05-14 16:02:00","79323B",10,0,10
"17511","C508399","2010-05-14 15:31:00","79323P",34,24,10
"17552","C570480","2011-10-10 17:00:00","22382",10,0,10
"14105","C512300","2010-06-14 15:30:00","79323G",10,0,10
"16406","C499161","2010-02-24 17:01:00","21080",11,1,10
"14430","C508707","2010-05-17 17:12:00","79323W",10,0,10
"14277","C490120","2009-12-03 17:52:00","22138",9,0,9
"17406","C498295","2010-02-18 09:04:00","84466",9,0,9
"14277","C490798","2009-12-08 11:51:00","22138",9,0,9
"12683","C565615","2011-09-05 15:20:00","21197",21,12,9
"12921","C491594","2009-12-11 13:13:00","85220",9,0,9
"14507","C491402","2009-12-10 17:16:00","21108",9,0,9
"12578","C542273","2011-01-27 10:01:00","20980",9,0,9
"17345","C489636","2009-12-01 15:34:00","21330",9,0,9
"16210","C511833","2010-06-10 17:05:00","79341",8,0,8
"13113","C570221","2011-10-09 12:56:00","20723",18,10,8
"17661","C500573","2010-03-08 16:28:00","79323LP",8,0,8
"16807","C499747","2010-03-02 11:38:00","85097B",8,0,8
"17115","C509570","2010-05-24 13:26:00","79323B",12,4,8
"17345","C489636","2009-12-01 15:34:00","21329",8,0,8
"12474","C574061","2011-11-02 14:18:00","22779",12,4,8
"17755","C526456","2010-10-11 15:45:00","20675",8,0,8
"14606","C565848","2011-09-07 12:48:00","21670",38,30,8
"14527","C495697","2010-01-26 12:29:00","21340",8,0,8
"17426","C510212","2010-05-28 08:12:00","79341",8,0,8
"14277","C490120","2009-12-03 17:52:00","22331",8,0,8
"17511","C508399","2010-05-14 15:31:00","79341",8,0,8
"14337","C490942","2009-12-08 14:04:00","84032A",8,0,8
"13394","C574027","2011-11-02 12:32:00","22662",8,0,8
"14337","C490942","2009-12-08 14:04:00","22111",8,0,8
"14277","C490798","2009-12-08 11:51:00","22331",8,0,8
"15831","C541589","2011-01-19 14:44:00","79323W",8,0,8
"17769","C509391","2010-05-23 10:43:00","22534",17,9,8
"13799","C508421","2010-05-14 16:14:00","79323P",32,24,8
"17755","C526456","2010-10-11 15:45:00","20677",8,0,8
"15935","C490996","2009-12-08 17:23:00","22054",8,0,8
"15935","C490996","2009-12-08 17:23:00","84879",8,0,8
"12921","C507456","2010-05-10 10:24:00","79323B",8,0,8
"14337","C490942","2009-12-08 14:04:00","21581",8,0,8
"14337","C490942","2009-12-08 14:04:00","21479",8,0,8
"13148","C495170","2010-01-21 12:45:00","22319",8,0,8
"14290","C512768","2010-06-17 16:35:00","79341",8,0,8
"17730","C518845","2010-08-12 11:19:00","71459",8,0,8
"16735","C507650","2010-05-10 15:54:00","79323W",8,0,8
"13209","C551683","2011-05-03 12:47:00","22362",14,6,8
"15179","C491614","2009-12-11 13:55:00","22334",7,0,7
"15179","C491614","2009-12-11 13:55:00","22333",7,0,7
"15527","C508726","2010-05-18 09:43:00","79323W",24,17,7
"17426","C510212","2010-05-28 08:12:00","79323GR",7,0,7
"14191","C491446","2009-12-11 10:47:00","47503J",7,0,7
"14667","C508922","2010-05-19 10:59:00","79323P",10,3,7
"13777","C520965","2010-09-01 12:19:00","35001G",7,0,7
"12921","C491594","2009-12-11 13:13:00","22055",7,0,7
"15796","C531179","2010-11-05 14:56:00","22617",6,0,6
"12705","C489911","2009-12-03 10:26:00","85232A",6,0,6
"12748","C562188","2011-08-03 12:16:00","85099B",100,94,6
"12907","C499008","2010-02-24 11:56:00","21463",6,0,6
"13069","C578832","2011-11-25 15:18:00","22834",32,26,6
"13081","C505395","2010-04-22 09:46:00","84803B",6,0,6
"13091","C490946","2009-12-08 14:28:00","20670",6,0,6
"13091","C490807","2009-12-08 12:25:00","20670",6,0,6
"13178","C508307","2010-05-14 11:12:00","84678",6,0,6
"13293","C489476","2009-12-01 10:55:00","22149",6,0,6
"13446","C499530","2010-03-01 11:28:00","85066",6,0,6
"13539","C550029","2011-04-14 11:27:00","90185C",6,0,6
"13545","C489553","2009-12-01 12:41:00","35001W",6,0,6
"13564","C499462","2010-02-28 11:22:00","84625D",6,0,6
"13696","C494332","2010-01-13 12:08:00","21626",6,0,6
"13777","C499291","2010-02-25 19:32:00","79301",6,0,6
"13874","C491600","2009-12-11 13:23:00","85180A",6,0,6
"13916","C489504","2009-12-01 11:10:00","85083",6,0,6
"14013","C490746","2009-12-07 18:09:00","22138",6,0,6
"14277","C490798","2009-12-08 11:51:00","20681",6,0,6
"14277","C490120","2009-12-03 17:52:00","20681",6,0,6
"14277","C490798","2009-12-08 11:51:00","20682",6,0,6
"14277","C490120","2009-12-03 17:52:00","20682",6,0,6
"14277","C490120","2009-12-03 17:52:00","22352",12,6,6
"14277","C490798","2009-12-08 11:51:00","22352",12,6,6
"14277","C490798","2009-12-08 11:51:00","22353",6,0,6
"14277","C490120","2009-12-03 17:52:00","22353",6,0,6
"14337","C490942","2009-12-08 14:04:00","20935",6,0,6
"14337","C490942","2009-12-08 14:04:00","20936",6,0,6
"14337","C490942","2009-12-08 14:04:00","21480",6,0,6
"14337","C490942","2009-12-08 14:04:00","21481",6,0,6
"14337","C490942","2009-12-08 14:04:00","21482",6,0,6
"14337","C490942","2009-12-08 14:04:00","21485",6,0,6
"14337","C490942","2009-12-08 14:04:00","21576",6,0,6
"14337","C490942","2009-12-08 14:04:00","21578",6,0,6
"14337","C490942","2009-12-08 14:04:00","21579",6,0,6
"14337","C490942","2009-12-08 14:04:00","21580",6,0,6
"14337","C490942","2009-12-08 14:04:00","84029E",6,0,6
"14337","C490942","2009-12-08 14:04:00","84032B",6,0,6
"14399","C496687","2010-02-03 13:08:00","22342",6,0,6
"14426","C559939","2011-07-14 10:19:00","84688",12,6,6
"14430","C508707","2010-05-17 17:12:00","79323LP",6,0,6
"14507","C491402","2009-12-10 17:16:00","22130",6,0,6
"14527","C507358","2010-05-07 15:30:00","79323B",6,0,6
"14527","C514340","2010-07-01 15:01:00","84596J",6,0,6
"14680","C568879","2011-09-29 12:38:00","21668",6,0,6
"14685","C491676","2009-12-13 12:09:00","21868",12,6,6
"14695","C490700","2009-12-07 14:37:00","90214A",6,0,6
"14695","C490700","2009-12-07 14:37:00","90214C",6,0,6
"14695","C490700","2009-12-07 14:37:00","90214E",6,0,6
"14695","C490700","2009-12-07 14:37:00","90214G",6,0,6
"14695","C490700","2009-12-07 14:37:00","90214I",6,0,6
"14695","C490700","2009-12-07 14:37:00","90214J",6,0,6
"14695","C490700","2009-12-07 14:37:00","90214L",6,0,6
"14695","C490700","2009-12-07 14:37:00","90214P",6,0,6
"14695","C490700","2009-12-07 14:37:00","90214S",6,0,6
"14817","C491022","2009-12-08 18:52:00","20665",6,0,6
"14817","C491022","2009-12-08 18:52:00","21157",6,0,6
"15194","C508761","2010-05-18 12:08:00","79323P",6,0,6
"15317","C490977","2009-12-08 16:43:00","85006",6,0,6
"15580","C497487","2010-02-09 15:59:00","22143",6,0,6
"15767","C500565","2010-03-08 15:48:00","21533",6,0,6
"15767","C500565","2010-03-08 15:48:00","21535",6,0,6
"15796","C531179","2010-11-05 14:56:00","22138",6,0,6
"15814","C580970","2011-12-06 15:01:00","22946",6,0,6
"15823","C540307","2011-01-06 12:58:00","85014A",6,0,6
"15935","C490996","2009-12-08 17:23:00","22131",6,0,6
"15935","C490996","2009-12-08 17:23:00","22276",6,0,6
"15935","C490996","2009-12-08 17:23:00","35599D",6,0,6
"15935","C490996","2009-12-08 17:23:00","35979",6,0,6
"15935","C490996","2009-12-08 17:23:00","85016",6,0,6
"15950","C495635","2010-01-26 10:54:00","79341",6,0,6
"16128","C489527","2009-12-01 11:50:00","85124A",6,0,6
"16570","C515095","2010-07-08 11:42:00","22302",6,0,6
"16732","C530910","2010-11-04 15:56:00","22359",6,0,6
"16853","C491002","2009-12-08 17:32:00","79342B",6,0,6
"16940","C510202","2010-05-28 07:44:00","79323B",6,0,6
"16940","C510202","2010-05-28 07:44:00","79341",6,0,6
"16955","C489555","2009-12-01 12:44:00","21260",6,0,6
"17170","C530399","2010-11-02 17:45:00","22618",6,0,6
"17338","C508740","2010-05-18 11:27:00","79323P",6,0,6
"17426","C516460","2010-07-20 13:50:00","79323W",6,0,6
"17603","C496287","2010-01-29 17:03:00","79323LP",6,0,6
"15861","C521971","2010-09-09 19:31:00","79191C",8,3,5
"16166","C508411","2010-05-14 16:07:00","79323P",5,0,5
"13650","C520961","2010-09-01 12:12:00","22591",5,0,5
"14337","C490942","2009-12-08 14:04:00","84031B",5,0,5
"15856","C556457","2011-06-10 16:50:00","37449",5,0,5
"14864","C490987","2009-12-08 17:07:00","85103",5,0,5
"13749","C493864","2010-01-07 16:52:00","85226A",5,0,5
"12921","C491594","2009-12-11 13:13:00","22063",5,0,5
"12896","C491037","2009-12-09 09:28:00","22121",5,0,5
"15125","C508724","2010-05-18 09:29:00","79323P",5,0,5
"14970","C513587","2010-06-27 10:41:00","79323W",29,24,5
"16422","C489587","2009-12-01 13:52:00","21639",5,0,5
"17426","C510212","2010-05-28 08:12:00","79323P",9,4,5
"17426","C510212","2010-05-28 08:12:00","79323G",5,0,5
"16670","C520994","2010-09-01 13:32:00","79323B",5,0,5
"15194","C508761","2010-05-18 12:08:00","79323LP",5,0,5
"16167","C508926","2010-05-19 11:17:00","79323LP",5,0,5
"14337","C490942","2009-12-08 14:04:00","84031A",5,0,5
"17755","C526456","2010-10-11 15:45:00","37447",5,0,5
"14337","C490942","2009-12-08 14:04:00","84030E",5,0,5
"16013","C545833","2011-03-07 13:14:00","22158",5,0,5
"15805","C508677","2010-05-17 16:39:00","79341",5,0,5
"13089","C513745","2010-06-28 12:24:00","79323P",5,0,5
"14257","C571858","2011-10-19 13:38:00","23149",5,0,5
"16001","C512326","2010-06-15 09:51:00","22335",5,0,5
"14738","C514010","2010-06-30 10:04:00","79323W",5,0,5
"15805","C508677","2010-05-17 16:39:00","79323S",5,0,5
"15805","C508677","2010-05-17 16:39:00","79323B",9,4,5
"17596","C502062","2010-03-22 15:00:00","22055",5,0,5
"15867","C503715","2010-04-06 14:55:00","20816",5,0,5
"12770","C514095","2010-06-30 12:17:00","20684",5,0,5
"15179","C491614","2009-12-11 13:55:00","21892",5,0,5
"13000","C508725","2010-05-18 09:33:00","79323W",4,0,4
"13979","C508057","2010-05-12 13:20:00","79323S",4,0,4
"14389","C491414","2009-12-10 19:13:00","22356",4,0,4
"13979","C508057","2010-05-12 13:20:00","79323LP",4,0,4
"16166","C508432","2010-05-14 16:22:00","79323G",4,0,4
"16485","C510213","2010-05-28 08:15:00","79323B",4,0,4
"13327","C508695","2010-05-17 17:01:00","79323B",4,0,4
"14337","C490942","2009-12-08 14:04:00","84029G",4,0,4
"16166","C508432","2010-05-14 16:22:00","79323GR",4,0,4
"13958","C491466","2009-12-11 11:52:00","21206",4,0,4
"15858","C492721","2009-12-18 10:54:00","21315",4,0,4
"15823","C540307","2011-01-06 12:58:00","79323B",4,0,4
"17469","C504561","2010-04-14 13:59:00","20770",4,0,4
"12712","C494492","2010-01-14 17:21:00","84466",4,0,4
"14410","C560855","2011-07-21 13:00:00","21877",5,1,4
"13915","C490929","2009-12-08 13:42:00","22139",4,0,4
"18286","C513486","2010-06-24 17:51:00","79323B",8,4,4
"14337","C490942","2009-12-08 14:04:00","20694",4,0,4
"13915","C490929","2009-12-08 13:42:00","22138",4,0,4
"14350","C546519","2011-03-14 12:27:00","84559B",4,0,4
"15819","C503223","2010-03-30 16:24:00","84849A",4,0,4
"16735","C507650","2010-05-10 15:54:00","79323B",4,0,4
"16735","C507650","2010-05-10 15:54:00","79323GR",4,0,4
"14627","C491618","2009-12-11 14:08:00","21490",4,0,4
"13889","C516754","2010-07-22 16:32:00","79323LP",4,0,4
"15031","C512272","2010-06-14 13:32:00","22145",4,0,4
"14667","C508922","2010-05-19 10:59:00","79323B",4,0,4
"14337","C490942","2009-12-08 14:04:00","21888",4,0,4
"16001","C512326","2010-06-15 09:51:00","35957",4,0,4
"15125","C508724","2010-05-18 09:29:00","79323LP",28,24,4
"15796","C489538","2009-12-01 12:18:00","22183",4,0,4
"14120","C525539","2010-10-05 19:12:00","82483",4,0,4
"17211","C527389","2010-10-17 13:14:00","79323B",4,0,4
"13042","C506828","2010-05-04 13:10:00","79323W",5,1,4
"15971","C491023","2009-12-08 18:57:00","85174",64,60,4
"18223","C508738","2010-05-18 11:04:00","79323LP",4,0,4
"16838","C512913","2010-06-18 15:06:00","79323B",4,0,4
"17894","C534442","2010-11-22 15:23:00","22567",12,8,4
"16853","C491002","2009-12-08 17:32:00","79323S",4,0,4
"17049","C510217","2010-05-28 08:23:00","79341",4,0,4
"15194","C490980","2009-12-08 16:55:00","21890",4,0,4
"17049","C510217","2010-05-28 08:23:00","79323W",4,0,4
"15680","C492668","2009-12-17 18:08:00","85047",4,0,4
"17049","C510217","2010-05-28 08:23:00","79323G",4,0,4
"17049","C510217","2010-05-28 08:23:00","79323B",4,0,4
"14454","C497206","2010-02-07 12:12:00","22342",4,0,4
"15971","C492211","2009-12-15 16:45:00","85174",64,60,4
"15941","C515793","2010-07-14 16:01:00","79323P",10,6,4
"14527","C494033","2010-01-11 10:56:00","84078A",4,0,4
"17667","C506827","2010-05-04 13:08:00","79323W",4,0,4
"14290","C494992","2010-01-20 12:04:00","22204",4,0,4
"15935","C490996","2009-12-08 17:23:00","22113",4,0,4
"13082","C517624","2010-07-30 11:55:00","20798",4,0,4
"13091","C490946","2009-12-08 14:28:00","84029E",4,0,4
"13091","C490807","2009-12-08 12:25:00","84029E",4,0,4
"13091","C490807","2009-12-08 12:25:00","84030C",4,0,4
"13091","C490946","2009-12-08 14:28:00","84030C",4,0,4
"17576","C490098","2009-12-03 16:11:00","21868",5,1,4
"15091","C489541","2009-12-01 12:18:00","21254",4,0,4
"13148","C495170","2010-01-21 12:45:00","85006",3,0,3
"12577","C574512","2011-11-04 13:28:00","23085",6,3,3
"16220","C491606","2009-12-11 13:36:00","35001C",3,0,3
"16395","C490469","2009-12-06 12:23:00","90195A",3,0,3
"14389","C491414","2009-12-10 19:13:00","21929",3,0,3
"13503","C511518","2010-06-08 16:25:00","22466",3,0,3
"13098","C542245","2011-01-26 15:06:00","22941",3,0,3
"12921","C491594","2009-12-11 13:13:00","85218",3,0,3
"15321","C492692","2009-12-17 18:46:00","22278",3,0,3
"12921","C489591","2009-12-01 14:17:00","79323B",3,0,3
"17801","C511485","2010-06-08 14:11:00","51014A",3,0,3
"14410","C560855","2011-07-21 13:00:00","22261",4,1,3
"15523","C491156","2009-12-10 09:54:00","22061",3,0,3
"14621","C491533","2009-12-11 12:32:00","72807C",3,0,3
"14337","C490942","2009-12-08 14:04:00","20695",3,0,3
"12921","C491594","2009-12-11 13:13:00","22061",3,0,3
"14030","C489577","2009-12-01 13:38:00","37503",3,0,3
"15538","C500722","2010-03-09 15:40:00","21639",3,0,3
"15538","C500722","2010-03-09 15:40:00","21645",3,0,3
"16779","C493673","2010-01-05 12:26:00","85219",3,0,3
"15538","C499419","2010-02-26 16:26:00","21645",3,0,3
"15538","C500722","2010-03-09 15:40:00","21648",3,0,3
"13612","C515307","2010-07-09 16:18:00","79323W",3,0,3
"14173","C491076","2009-12-09 12:52:00","85047",3,0,3
"12907","C499008","2010-02-24 11:56:00","85180A",3,0,3
"12907","C499008","2010-02-24 11:56:00","85179A",3,0,3
"16858","C513944","2010-06-29 13:14:00","79323GR",3,0,3
"14425","C526137","2010-10-08 14:24:00","72807A",3,0,3
"15580","C497487","2010-02-09 15:59:00","20707",3,0,3
"13659","C518968","2010-08-12 15:48:00","22424",3,0,3
"14462","C543239","2011-02-04 13:47:00","84800M",3,0,3
"17706","C511813","2010-06-10 15:51:00","79323B",3,0,3
"17049","C510217","2010-05-28 08:23:00","79323S",3,0,3
"15736","C525563","2010-10-05 19:59:00","22423",6,3,3
"14817","C491022","2009-12-08 18:52:00","22139",3,0,3
"15767","C500565","2010-03-08 15:48:00","15056BL",3,0,3
"14825","C524560","2010-09-29 14:39:00","79323P",3,0,3
"17113","C516762","2010-07-22 17:00:00","79320",3,0,3
"15767","C500565","2010-03-08 15:48:00","20679",3,0,3
"15767","C490309","2009-12-04 14:56:00","22138",3,0,3
"15767","C500565","2010-03-08 15:48:00","85232B",3,0,3
"17213","C522163","2010-09-13 11:04:00","84849A",3,0,3
"13451","C501905","2010-03-21 16:01:00","37495",3,0,3
"14290","C494992","2010-01-20 12:04:00","22138",3,0,3
"17345","C489636","2009-12-01 15:34:00","84032B",3,0,3
"17411","C511674","2010-06-09 14:52:00","79323GR",3,0,3
"14521","C519685","2010-08-19 13:04:00","22138",6,3,3
"14914","C504358","2010-04-13 10:14:00","47594B",3,0,3
"14525","C556453","2011-06-10 16:33:00","21622",6,3,3
"14952","C502084","2010-03-22 15:52:00","22216",3,0,3
"17485","C489610","2009-12-01 14:52:00","21892",3,0,3
"14337","C490942","2009-12-08 14:04:00","22125",3,0,3
"17511","C501536","2010-03-17 13:16:00","22215",3,0,3
"15867","C503715","2010-04-06 14:55:00","17165D",3,0,3
"13211","C490510","2009-12-06 14:37:00","47589",3,0,3
"14970","C501873","2010-03-21 12:29:00","79323LP",3,0,3
"12708","C500551","2010-03-08 15:33:00","85232A",6,3,3
"15874","C529145","2010-10-26 15:33:00","85047",3,0,3
"12705","C489911","2009-12-03 10:26:00","21491",3,0,3
"17581","C491461","2009-12-11 11:35:00","22202",3,0,3
"17597","C529185","2010-10-26 18:41:00","22139",3,0,3
"17627","C491413","2009-12-10 19:08:00","15060B",3,0,3
"13078","C494358","2010-01-13 15:07:00","35004S",3,0,3
"13503","C514309","2010-07-01 13:13:00","22466",3,0,3
"12424","C510878","2010-06-04 09:59:00","22220",3,0,3
"18053","C519003","2010-08-12 18:49:00","22636",3,0,3
"13768","C491620","2009-12-11 14:09:00","22072",3,0,3
"13768","C491620","2009-12-11 14:09:00","22138",3,0,3
"15031","C512272","2010-06-14 13:32:00","22142",4,1,3
"16080","C523381","2010-09-21 19:40:00","22617",9,6,3
"14133","C543776","2011-02-11 16:12:00","22962",3,0,3
"13889","C516754","2010-07-22 16:32:00","79323B",3,0,3
"13902","C490993","2009-12-08 17:13:00","37495",3,0,3
"13958","C491466","2009-12-11 11:52:00","20663",3,0,3
"16128","C489527","2009-12-01 11:50:00","21041",3,0,3
"13983","C506756","2010-05-04 11:59:00","79323P",3,0,3
"16772","C492932","2009-12-21 12:17:00","48185",2,0,2
"17345","C489636","2009-12-01 15:34:00","21576",2,0,2
"14507","C491402","2009-12-10 17:16:00","22150",2,0,2
"17345","C489636","2009-12-01 15:34:00","21578",2,0,2
"13816","C570963","2011-10-13 11:49:00","23280",2,0,2
"17345","C489636","2009-12-01 15:34:00","22142",2,0,2
"16742","C572410","2011-10-24 11:58:00","23174",2,0,2
"17345","C489636","2009-12-01 15:34:00","22145",2,0,2
"17345","C489636","2009-12-01 15:34:00","84029E",4,2,2
"16163","C490051","2009-12-03 13:06:00","22215",2,0,2
"14627","C491618","2009-12-11 14:08:00","21730",2,0,2
"17365","C496362","2010-02-01 10:22:00","35400",2,0,2
"15538","C506532","2010-04-30 11:08:00","21260",2,0,2
"13564","C495516","2010-01-25 14:26:00","20851",2,0,2
"15808","C503233","2010-03-30 17:03:00","21903",2,0,2
"12770","C514095","2010-06-30 12:17:00","20681",2,0,2
"16159","C522157","2010-09-13 10:52:00","21232",2,0,2
"17411","C511674","2010-06-09 14:52:00","79341",2,0,2
"15527","C493986","2010-01-10 12:27:00","79340W",2,0,2
"13098","C542245","2011-01-26 15:06:00","22727",2,0,2
"14410","C578371","2011-11-24 11:16:00","22554",2,0,2
"14290","C494992","2010-01-20 12:04:00","22192",2,0,2
"13834","C492653","2009-12-17 17:47:00","22170",2,0,2
"14621","C489583","2009-12-01 13:47:00","72802B",2,0,2
"14527","C514340","2010-07-01 15:01:00","84926C",6,4,2
"13098","C552719","2011-05-11 09:47:00","22838",2,0,2
"12720","C521022","2010-09-01 15:12:00","22540",2,0,2
"15461","C489518","2009-12-01 11:35:00","20892",2,0,2
"13834","C492653","2009-12-17 17:47:00","84608",2,0,2
"17428","C519040","2010-08-13 11:25:00","79323B",2,0,2
"13093","C502061","2010-03-22 14:56:00","21477",2,0,2
"17448","C504363","2010-04-13 10:48:00","85176",2,0,2
"14606","C492674","2009-12-17 18:15:00","85063",2,0,2
"14410","C560855","2011-07-21 13:00:00","21873",4,2,2
"13835","C509045","2010-05-20 10:20:00","79323W",6,4,2
"16104","C514020","2010-06-30 10:34:00","79323B",4,2,2
"17485","C489610","2009-12-01 14:52:00","22138",2,0,2
"14290","C494992","2010-01-20 12:04:00","22193",2,0,2
"14952","C494957","2010-01-20 10:53:00","85185E",2,0,2
"17496","C507191","2010-05-06 16:17:00","79323P",2,0,2
"15358","C495035","2010-01-20 14:16:00","21527",2,0,2
"14963","C522741","2010-09-16 13:07:00","47594A",2,0,2
"17511","C498280","2010-02-17 16:22:00","21363",2,0,2
"15341","C510203","2010-05-28 07:45:00","79000",2,0,2
"15031","C512272","2010-06-14 13:32:00","84288B",2,0,2
"14606","C493689","2010-01-05 12:45:00","79000",18,16,2
"13564","C504322","2010-04-12 14:56:00","20798",6,4,2
"14292","C489543","2009-12-01 12:19:00","35400",2,0,2
"14527","C514340","2010-07-01 15:01:00","21166",2,0,2
"13693","C506826","2010-05-04 13:07:00","79323B",2,0,2
"15323","C513459","2010-06-24 15:49:00","22618",2,0,2
"14546","C497193","2010-02-07 10:29:00","21426",2,0,2
"17511","C498280","2010-02-17 16:22:00","47552A",2,0,2
"15874","C532403","2010-11-11 19:35:00","20931",2,0,2
"13635","C493089","2009-12-22 10:48:00","85047",2,0,2
"16512","C491626","2009-12-11 14:31:00","21766",2,0,2
"16485","C510213","2010-05-28 08:15:00","79323GR",2,0,2
"14356","C570490","2011-10-10 17:16:00","22367",2,0,2
"16104","C511815","2010-06-10 16:03:00","79323S",5,3,2
"14970","C501873","2010-03-21 12:29:00","79323P",2,0,2
"14606","C565848","2011-09-07 12:48:00","22644",2,0,2
"13098","C542245","2011-01-26 15:06:00","22943",2,0,2
"15916","C510437","2010-05-30 14:10:00","79323B",2,0,2
"17531","C515256","2010-07-09 11:52:00","21360",2,0,2
"14606","C491430","2009-12-11 09:39:00","22187",3,1,2
"14030","C491404","2009-12-10 17:34:00","22061",2,0,2
"14321","C525904","2010-10-07 15:46:00","20702",2,0,2
"13107","C491018","2009-12-08 18:43:00","85047",2,0,2
"15916","C510437","2010-05-30 14:10:00","79323S",2,0,2
"15137","C491019","2009-12-08 18:47:00","22189",2,0,2
"17581","C560649","2011-07-20 11:35:00","84857B",2,0,2
"16362","C566209","2011-09-09 15:04:00","23356",4,2,2
"17596","C502062","2010-03-22 15:00:00","21531",2,0,2
"15281","C555605","2011-06-06 11:38:00","22971",2,0,2
"16167","C508926","2010-05-19 11:17:00","79323G",2,0,2
"18287","C489592","2009-12-01 14:19:00","22301",2,0,2
"16353","C510811","2010-06-03 19:20:00","21833",2,0,2
"17610","C490513","2009-12-06 14:58:00","20973",2,0,2
"15260","C511646","2010-06-09 13:43:00","22221",2,0,2
"16296","C493867","2010-01-07 17:14:00","21344",2,0,2
"13089","C509140","2010-05-20 12:26:00","85121B",2,0,2
"16283","C514162","2010-06-30 15:32:00","79323P",2,0,2
"17610","C507653","2010-05-10 16:03:00","79323LP",2,0,2
"14389","C491414","2009-12-10 19:13:00","20717",2,0,2
"14319","C491467","2009-12-11 11:59:00","35400",2,0,2
"17611","C507652","2010-05-10 16:02:00","79323P",2,0,2
"12679","C569981","2011-10-06 19:36:00","22314",2,0,2
"12679","C569981","2011-10-06 19:36:00","22312",2,0,2
"12986","C528451","2010-10-22 11:23:00","21623",2,0,2
"16109","C499746","2010-03-02 11:33:00","35400",2,0,2
"15003","C502191","2010-03-23 11:44:00","22444",4,2,2
"15935","C490996","2009-12-08 17:23:00","22180",2,0,2
"15005","C497621","2010-02-11 12:23:00","20668",2,0,2
"17645","C491602","2009-12-11 13:31:00","22138",2,0,2
"12625","C543050","2011-02-03 10:14:00","22637",2,0,2
"16255","C507184","2010-05-06 16:01:00","79323P",4,2,2
"17675","C545841","2011-03-07 13:36:00","22729",2,0,2
"15059","C490460","2009-12-06 12:06:00","85159A",2,0,2
"13564","C495516","2010-01-25 14:26:00","20753",2,0,2
"13749","C493864","2010-01-07 16:52:00","72814",2,0,2
"15194","C490980","2009-12-08 16:55:00","85048",2,0,2
"13510","C491822","2009-12-14 13:51:00","21743",2,0,2
"17696","C559952","2011-07-14 10:57:00","21258",2,0,2
"13767","C489554","2009-12-01 12:43:00","35001B",2,0,2
"14527","C520036","2010-08-23 13:23:00","84078A",2,0,2
"15935","C490996","2009-12-08 17:23:00","48195",2,0,2
"16229","C495281","2010-01-22 12:27:00","85047",2,0,2
"13958","C491466","2009-12-11 11:52:00","21202",2,0,2
"14527","C514340","2010-07-01 15:01:00","84406B",2,0,2
"14299","C525551","2010-10-05 19:40:00","21291",2,0,2
"14546","C497193","2010-02-07 10:29:00","21427",2,0,2
"13958","C491466","2009-12-11 11:52:00","22066",2,0,2
"14530","C529538","2010-10-28 16:34:00","72807B",2,0,2
"13768","C489549","2009-12-01 12:33:00","35400",2,0,2
"13768","C493541","2010-01-04 16:00:00","35400",2,0,2
"13777","C520965","2010-09-01 12:19:00","15044A",2,0,2
"13777","C499291","2010-02-25 19:32:00","20779",2,0,2
"14527","C514340","2010-07-01 15:01:00","84510B",2,0,2
"16229","C495281","2010-01-22 12:27:00","85042",2,0,2
"13777","C499291","2010-02-25 19:32:00","35004B",2,0,2
"14717","C490480","2009-12-06 12:46:00","22187",2,0,2
"13342","C507204","2010-05-06 16:44:00","21534",2,0,2
"14442","C495959","2010-01-28 10:01:00","21308",2,0,2
"15580","C505350","2010-04-21 14:06:00","20684",4,2,2
"14755","C496223","2010-01-29 13:55:00","21730",2,0,2
"15555","C507598","2010-05-10 13:22:00","84687",2,0,2
"14564","C491208","2009-12-10 14:16:00","22200",2,0,2
"14527","C514340","2010-07-01 15:01:00","84510F",2,0,2
"14808","C573502","2011-10-31 12:02:00","23229",2,0,2
"17755","C526456","2010-10-11 15:45:00","21054",2,0,2
"12468","C494869","2010-01-19 12:13:00","47594B",2,0,2
"17802","C505010","2010-04-19 13:08:00","21732",2,0,2
"16200","C506829","2010-05-04 13:13:00","79323B",2,0,2
"16875","C569971","2011-10-06 19:20:00","23000",2,0,2
"18094","C501350","2010-03-16 10:52:00","79323GR",2,0,2
"14483","C559829","2011-07-13 09:45:00","22371",2,0,2
"17755","C526456","2010-10-11 15:45:00","47590B",2,0,2
"15722","C500709","2010-03-09 13:58:00","84836",2,0,2
"13113","C549666","2011-04-11 12:17:00","21530",2,0,2
"13098","C542245","2011-01-26 15:06:00","22726",2,0,2
"14372","C491818","2009-12-14 13:43:00","21752",2,0,2
"16180","C515790","2010-07-14 15:53:00","37449",2,0,2
"16001","C512326","2010-06-15 09:51:00","35400",2,0,2
"16168","C492667","2009-12-17 18:06:00","85132B",2,0,2
"17113","C516762","2010-07-22 17:00:00","79323P",2,0,2
"17113","C516762","2010-07-22 17:00:00","79323W",2,0,2
"16168","C516581","2010-07-21 13:19:00","85099C",2,0,2
"16843","C495023","2010-01-20 13:29:00","20682",2,0,2
"14844","C519378","2010-08-16 13:31:00","84406B",2,0,2
"14415","C497810","2010-02-12 14:37:00","21398",2,0,2
"16163","C490051","2009-12-03 13:06:00","22220",2,0,2
"15767","C500565","2010-03-08 15:48:00","85066",2,0,2
"12472","C536548","2010-12-01 14:33:00","22767",2,0,2
"17213","C500002","2010-03-04 09:39:00","20821",2,0,2
"13093","C504365","2010-04-13 10:49:00","51012C",2,0,2
"13799","C508421","2010-05-14 16:14:00","79323B",2,0,2
"15031","C512272","2010-06-14 13:32:00","22144",2,0,2
"17706","C511813","2010-06-10 15:51:00","79323G",14,12,2
"14410","C560855","2011-07-21 13:00:00","47504H",4,2,2
"14555","C514060","2010-06-30 11:54:00","21647",2,0,2
"13451","C546641","2011-03-15 13:01:00","22180",6,4,2
"13269","C572531","2011-10-24 15:57:00","23122",2,0,2
"17307","C501659","2010-03-18 13:28:00","84868B",2,0,2
"13313","C489828","2009-12-02 13:53:00","72807C",2,0,2
"13342","C507204","2010-05-06 16:44:00","21532",2,0,2
"13510","C508375","2010-05-14 13:44:00","22464",2,0,2
"16554","C580966","2011-12-06 14:52:00","22130",1,0,1
"16556","C490744","2009-12-07 18:00:00","21622",1,0,1
"16556","C502335","2010-03-24 10:44:00","21622",1,0,1
"16556","C490744","2009-12-07 18:00:00","85014B",1,0,1
"12424","C490756","2009-12-08 09:27:00","21125",1,0,1
"16580","C491551","2009-12-11 12:40:00","21232",1,0,1
"16580","C491551","2009-12-11 12:40:00","84279B",1,0,1
"16661","C507603","2010-05-10 13:40:00","85184B",1,0,1
"16661","C507603","2010-05-10 13:40:00","85232B",1,0,1
"16670","C522832","2010-09-17 10:28:00","22486",1,0,1
"16684","C531569","2010-11-09 10:32:00","37444A",1,0,1
"16705","C580703","2011-12-05 16:26:00","22725",1,0,1
"16705","C552027","2011-05-05 18:09:00","22801",1,0,1
"16714","C489528","2009-12-01 11:50:00","85048",1,0,1
"16729","C562561","2011-08-05 17:13:00","22656",1,0,1
"18084","C543778","2011-02-11 16:30:00","22698",1,0,1
"16732","C530664","2010-11-04 10:43:00","22656",1,0,1
"12921","C491594","2009-12-11 13:13:00","22061",1,0,1
"12921","C494444","2010-01-14 13:09:00","10138",1,0,1
"16768","C497507","2010-02-10 11:34:00","20751",1,0,1
"16768","C497507","2010-02-10 11:34:00","84934",1,0,1
"16779","C493673","2010-01-05 12:26:00","37451",1,0,1
"16779","C493673","2010-01-05 12:26:00","47569",1,0,1
"16794","C575963","2011-11-13 12:30:00","22371",2,1,1
"16795","C527930","2010-10-19 13:32:00","21380",1,0,1
"16795","C495468","2010-01-25 12:10:00","22185",1,0,1
"16795","C495468","2010-01-25 12:10:00","85195",1,0,1
"16797","C489803","2009-12-02 12:34:00","21843",1,0,1
"16797","C498580","2010-02-21 14:51:00","22191",1,0,1
"16797","C512796","2010-06-18 10:25:00","85014B",1,0,1
"12909","C499748","2010-03-02 11:40:00","20730",1,0,1
"16822","C490986","2009-12-08 17:05:00","85066",1,0,1
"16858","C513944","2010-06-29 13:14:00","79323P",1,0,1
"16892","C541674","2011-01-20 13:19:00","22606",1,0,1
"12907","C499008","2010-02-24 11:56:00","21730",1,0,1
"16917","C491590","2009-12-11 13:07:00","35400",1,0,1
"16918","C508617","2010-05-17 13:29:00","21429",1,0,1
"12872","C497900","2010-02-14 12:50:00","35004B",1,0,1
"16928","C543819","2011-02-13 16:04:00","22839",2,1,1
"16933","C550099","2011-04-14 12:28:00","20682",1,0,1
"16933","C495018","2010-01-20 13:15:00","72803B",1,0,1
"16933","C495018","2010-01-20 13:15:00","84876C",1,0,1
"16940","C498051","2010-02-16 11:37:00","47580",3,2,1
"18223","C574954","2011-11-08 09:52:00","23235",1,0,1
"18223","C508738","2010-05-18 11:04:00","79323B",1,0,1
"16950","C529184","2010-10-26 18:39:00","22154",49,48,1
"18223","C495924","2010-01-27 14:37:00","79323GR",1,0,1
"16955","C490983","2009-12-08 16:57:00","22073",1,0,1
"16961","C490148","2009-12-04 09:37:00","85123A",1,0,1
"16995","C536818","2010-12-02 17:09:00","84947",1,0,1
"17005","C506493","2010-04-30 10:52:00","21217",1,0,1
"17049","C510217","2010-05-28 08:23:00","79323LP",5,4,1
"17071","C513480","2010-06-24 17:06:00","79323B",1,0,1
"17083","C491609","2009-12-11 13:41:00","35400",1,0,1
"17084","C531434","2010-11-08 12:00:00","20686",1,0,1
"17091","C489578","2009-12-01 13:40:00","21481",1,0,1
"17092","C496610","2010-02-02 16:47:00","20754",1,0,1
"17092","C508076","2010-05-12 16:05:00","79323W",4,3,1
"12835","C496016","2010-01-28 13:16:00","21844",1,0,1
"17107","C519250","2010-08-15 15:18:00","84508A",1,0,1
"17115","C496035","2010-01-28 14:25:00","21477",1,0,1
"12835","C491469","2009-12-11 12:02:00","20679",1,0,1
"17147","C522845","2010-09-17 11:00:00","22211",1,0,1
"17180","C503974","2010-04-08 17:46:00","35918B",1,0,1
"12782","C523772","2010-09-24 11:04:00","20734",1,0,1
"17213","C500002","2010-03-04 09:39:00","79323B",1,0,1
"17213","C490866","2009-12-08 12:51:00","79323S",1,0,1
"17213","C490866","2009-12-08 12:51:00","85065",1,0,1
"17239","C491370","2009-12-10 15:58:00","85066",1,0,1
"17243","C495309","2010-01-22 14:16:00","21346",1,0,1
"17243","C506674","2010-05-02 10:22:00","79323GR",5,4,1
"12770","C514095","2010-06-30 12:17:00","20686",1,0,1
"18267","C498299","2010-02-18 09:12:00","21380",1,0,1
"12770","C503745","2010-04-07 10:44:00","20686",1,0,1
"12770","C517961","2010-08-03 12:33:00","20684",1,0,1
"17345","C489636","2009-12-01 15:34:00","21577",1,0,1
"17345","C489636","2009-12-01 15:34:00","21579",1,0,1
"17345","C489636","2009-12-01 15:34:00","22144",1,0,1
"17353","C495679","2010-01-26 11:38:00","78056",1,0,1
"17365","C496362","2010-02-01 10:22:00","84466",1,0,1
"17377","C492533","2009-12-17 13:00:00","20700",1,0,1
"17377","C539224","2010-12-16 13:01:00","22656",1,0,1
"17412","C515962","2010-07-16 07:21:00","21524",1,0,1
"17426","C510212","2010-05-28 08:12:00","79323B",1,0,1
"12749","C528602","2010-10-22 15:06:00","22968",1,0,1
"17426","C510212","2010-05-28 08:12:00","79323LP",5,4,1
"12746","C490988","2009-12-08 17:08:00","21533",1,0,1
"12709","C580989","2011-12-06 16:42:00","22331",1,0,1
"17442","C500769","2010-03-10 10:37:00","22192",1,0,1
"17485","C489610","2009-12-01 14:52:00","20682",1,0,1
"17485","C489610","2009-12-01 14:52:00","21364",1,0,1
"17485","C489610","2009-12-01 14:52:00","22164",1,0,1
"17485","C489610","2009-12-01 14:52:00","85123A",1,0,1
"17511","C498280","2010-02-17 16:22:00","10138",1,0,1
"17511","C498280","2010-02-17 16:22:00","21361",1,0,1
"17511","C559136","2011-07-06 13:21:00","21788",1,0,1
"17511","C498280","2010-02-17 16:22:00","22127",1,0,1
"17511","C498280","2010-02-17 16:22:00","22130",1,0,1
"17511","C498280","2010-02-17 16:22:00","22192",1,0,1
"17511","C509950","2010-05-26 12:46:00","22276",1,0,1
"17511","C501536","2010-03-17 13:16:00","22278",1,0,1
"17511","C498280","2010-02-17 16:22:00","35832",1,0,1
"17511","C501536","2010-03-17 13:16:00","47503K",1,0,1
"17511","C498280","2010-02-17 16:22:00","47562",1,0,1
"17511","C504570","2010-04-14 14:23:00","79320",1,0,1
"17511","C498280","2010-02-17 16:22:00","79320",1,0,1
"17511","C509950","2010-05-26 12:46:00","79320",1,0,1
"17511","C498280","2010-02-17 16:22:00","79340W",1,0,1
"12705","C536242","2010-11-30 14:39:00","21653",1,0,1
"17511","C501536","2010-03-17 13:16:00","85044",1,0,1
"17511","C498280","2010-02-17 16:22:00","85045",1,0,1
"17531","C491001","2009-12-08 17:30:00","20747",1,0,1
"17539","C499751","2010-03-02 11:46:00","85070",1,0,1
"17581","C510832","2010-06-03 20:14:00","20682",1,0,1
"17581","C510832","2010-06-03 20:14:00","22138",1,0,1
"17588","C511293","2010-06-07 15:04:00","79323P",1,0,1
"17610","C490513","2009-12-06 14:58:00","15044D",1,0,1
"17610","C490513","2009-12-06 14:58:00","21734",1,0,1
"17610","C490513","2009-12-06 14:58:00","22171",1,0,1
"17610","C495528","2010-01-25 15:00:00","22203",1,0,1
"17610","C507653","2010-05-10 16:03:00","79323B",1,0,1
"17610","C490513","2009-12-06 14:58:00","79340W",1,0,1
"17610","C490513","2009-12-06 14:58:00","85043",1,0,1
"12677","C490701","2009-12-07 14:38:00","22138",1,0,1
"17632","C493259","2009-12-22 14:25:00","85047",1,0,1
"17632","C493086","2009-12-22 10:40:00","85047",1,0,1
"17641","C489551","2009-12-01 12:35:00","85048",1,0,1
"17677","C491598","2009-12-11 13:19:00","22277",1,0,1
"13736","C512052","2010-06-13 10:27:00","82613B",1,0,1
"13758","C495944","2010-01-27 16:19:00","85043",1,0,1
"13758","C495944","2010-01-27 16:19:00","85047",1,0,1
"13767","C493861","2010-01-07 16:19:00","79340W",1,0,1
"13768","C491620","2009-12-11 14:09:00","21527",1,0,1
"13768","C491599","2009-12-11 13:20:00","21537",1,0,1
"13768","C493831","2010-01-07 13:26:00","21659",1,0,1
"13768","C491599","2009-12-11 13:20:00","21843",1,0,1
"13768","C491620","2009-12-11 14:09:00","21843",1,0,1
"13768","C509632","2010-05-25 10:19:00","21843",1,0,1
"13736","C512052","2010-06-13 10:27:00","71038",1,0,1
"13777","C553530","2011-05-17 15:08:00","35004B",1,0,1
"13777","C579752","2011-11-30 14:46:00","72802C",1,0,1
"13777","C520965","2010-09-01 12:19:00","79301",1,0,1
"13777","C510677","2010-06-02 17:06:00","79301",1,0,1
"13777","C520358","2010-08-25 13:35:00","79301",1,0,1
"17677","C534791","2010-11-24 11:35:00","85047",1,0,1
"13778","C514215","2010-06-30 17:34:00","85135A",1,0,1
"13798","C516149","2010-07-18 10:52:00","20903",1,0,1
"13798","C516149","2010-07-18 10:52:00","21927",1,0,1
"13798","C538350","2010-12-10 15:01:00","22067",1,0,1
"13711","C510206","2010-05-28 07:58:00","79323W",5,4,1
"13711","C489588","2009-12-01 14:01:00","22120",1,0,1
"13807","C490742","2009-12-07 17:58:00","21527",1,0,1
"13816","C570963","2011-10-13 11:49:00","85183A",1,0,1
"13834","C492653","2009-12-17 17:47:00","21752",1,0,1
"13834","C492653","2009-12-17 17:47:00","22220",1,0,1
"13855","C493808","2010-01-07 11:34:00","20700",1,0,1
"13872","C491028","2009-12-08 19:06:00","46775A",1,0,1
"17677","C536253","2010-11-30 14:53:00","85047",1,0,1
"13890","C500764","2010-03-10 10:35:00","21153",1,0,1
"13902","C490993","2009-12-08 17:13:00","21463",1,0,1
"12615","C489534","2009-12-01 12:09:00","35832",1,0,1
"13924","C569891","2011-10-06 15:46:00","21722",1,0,1
"13958","C491466","2009-12-11 11:52:00","79321",1,0,1
"13980","C524398","2010-09-28 18:37:00","85141",1,0,1
"13983","C524364","2010-09-28 17:11:00","22198",1,0,1
"14013","C490746","2009-12-07 18:09:00","85063",1,0,1
"14013","C490746","2009-12-07 18:09:00","85067",1,0,1
"13659","C554848","2011-05-26 19:56:00","85170B",1,0,1
"14031","C501131","2010-03-12 17:04:00","21310",1,0,1
"14031","C501131","2010-03-12 17:04:00","84706B",1,0,1
"14049","C578124","2011-11-23 10:30:00","21459",1,0,1
"14049","C578124","2011-11-23 10:30:00","21461",1,0,1
"14081","C494238","2010-01-12 15:30:00","84782A",1,0,1
"14081","C494238","2010-01-12 15:30:00","84782C",1,0,1
"14105","C512300","2010-06-14 15:30:00","79323B",1,0,1
"14113","C491741","2009-12-14 11:00:00","21536",1,0,1
"14113","C511015","2010-06-04 15:08:00","79323B",1,0,1
"14141","C569945","2011-10-06 18:14:00","21875",1,0,1
"14175","C506759","2010-05-04 12:05:00","79323B",1,0,1
"14191","C554905","2011-05-27 11:17:00","15044B",1,0,1
"13650","C520961","2010-09-01 12:12:00","21232",1,0,1
"14191","C491446","2009-12-11 10:47:00","47504J",3,2,1
"14221","C490155","2009-12-04 10:28:00","82483",1,0,1
"13643","C491017","2009-12-08 18:38:00","85044",1,0,1
"13643","C492672","2009-12-17 18:13:00","85044",1,0,1
"14267","C491031","2009-12-08 19:09:00","37449",1,0,1
"12590","C517056","2010-07-26 13:06:00","22312",1,0,1
"12590","C504167","2010-04-12 07:20:00","20914",1,0,1
"13623","C495155","2010-01-21 12:33:00","79065A",1,0,1
"13623","C495155","2010-01-21 12:33:00","47502",1,0,1
"13594","C493830","2010-01-07 13:25:00","22061",1,0,1
"13594","C493830","2010-01-07 13:25:00","21752",1,0,1
"13576","C509343","2010-05-21 12:44:00","84989A",1,0,1
"13564","C499462","2010-02-28 11:22:00","84279B",1,0,1
"13564","C525982","2010-10-08 11:24:00","72008",1,0,1
"13564","C495516","2010-01-25 14:26:00","20752",1,0,1
"13545","C489553","2009-12-01 12:41:00","35004S",1,0,1
"12540","C567521","2011-09-20 16:33:00","22486",1,0,1
"17707","C501315","2010-03-16 09:31:00","72807A",1,0,1
"12500","C501481","2010-03-17 10:16:00","47504J",1,0,1
"14277","C490768","2009-12-08 11:10:00","82484",1,0,1
"14277","C490768","2009-12-08 11:10:00","84472",1,0,1
"13534","C525026","2010-10-03 12:07:00","22486",1,0,1
"14290","C494992","2010-01-20 12:04:00","21533",1,0,1
"14290","C494992","2010-01-20 12:04:00","21534",1,0,1
"13527","C495368","2010-01-24 12:28:00","21623",1,0,1
"14290","C494992","2010-01-20 12:04:00","22139",1,0,1
"14290","C494992","2010-01-20 12:04:00","22202",1,0,1
"14290","C492657","2009-12-17 17:52:00","79323W",1,0,1
"14292","C541415","2011-01-17 16:20:00","21527",1,0,1
"14292","C541415","2011-01-17 16:20:00","22464",1,0,1
"14292","C541415","2011-01-17 16:20:00","85123A",1,0,1
"14295","C540793","2011-01-11 11:53:00","22942",1,0,1
"12484","C489955","2009-12-03 10:57:00","20870",1,0,1
"12477","C564142","2011-08-23 11:49:00","79191C",1,0,1
"13485","C520542","2010-08-26 16:08:00","22423",1,0,1
"17755","C526456","2010-10-11 15:45:00","20726",1,0,1
"17755","C526456","2010-10-11 15:45:00","21242",1,0,1
"17755","C526456","2010-10-11 15:45:00","21244",1,0,1
"17755","C526456","2010-10-11 15:45:00","37449",1,0,1
"13468","C513483","2010-06-24 17:36:00","22210",1,0,1
"13421","C497904","2010-02-14 12:59:00","21892",1,0,1
"13421","C513100","2010-06-21 15:21:00","21843",1,0,1
"13414","C490991","2009-12-08 17:10:00","21554",1,0,1
"13414","C490991","2009-12-08 17:10:00","21553",1,0,1
"13407","C507579","2010-05-10 12:40:00","85014B",1,0,1
"17769","C509391","2010-05-23 10:43:00","22300",1,0,1
"13393","C506758","2010-05-04 12:03:00","79323B",1,0,1
"12471","C522268","2010-09-13 12:34:00","22221",1,0,1
"13381","C489632","2009-12-01 15:18:00","20814",1,0,1
"13365","C532362","2010-11-11 17:24:00","22946",1,0,1
"13365","C532362","2010-11-11 17:24:00","22634",1,0,1
"13353","C533099","2010-11-16 11:14:00","22890",1,0,1
"13353","C533099","2010-11-16 11:14:00","22840",1,0,1
"14356","C570490","2011-10-10 17:16:00","21671",1,0,1
"14356","C570490","2011-10-10 17:16:00","22776",1,0,1
"14382","C532820","2010-11-14 16:27:00","47567B",1,0,1
"14389","C491414","2009-12-10 19:13:00","20716",1,0,1
"14389","C491414","2009-12-10 19:13:00","21100",1,0,1
"14389","C491414","2009-12-10 19:13:00","21977",1,0,1
"14410","C578371","2011-11-24 11:16:00","22555",3,2,1
"14410","C548503","2011-03-31 14:23:00","22649",2,1,1
"14410","C578371","2011-11-24 11:16:00","22964",1,0,1
"14410","C560855","2011-07-21 13:00:00","23193",2,1,1
"14410","C560866","2011-07-21 14:04:00","35921",1,0,1
"14410","C560866","2011-07-21 14:04:00","47563A",4,3,1
"14410","C578371","2011-11-24 11:16:00","48173C",1,0,1
"17802","C505010","2010-04-19 13:08:00","22236",1,0,1
"13353","C533099","2010-11-16 11:14:00","21843",1,0,1
"14440","C528446","2010-10-22 11:01:00","85047",4,3,1
"14442","C581323","2011-12-08 11:53:00","21533",1,0,1
"14475","C543621","2011-02-10 14:59:00","22788",1,0,1
"14502","C574712","2011-11-06 14:25:00","22393",1,0,1
"14505","C498563","2010-02-21 12:17:00","21532",1,0,1
"14505","C498563","2010-02-21 12:17:00","79340P",1,0,1
"14507","C491402","2009-12-10 17:16:00","20893",1,0,1
"17820","C539071","2010-12-15 17:04:00","22279",1,0,1
"14507","C491402","2009-12-10 17:16:00","35631B",1,0,1
"14507","C491402","2009-12-10 17:16:00","35962",1,0,1
"14507","C491402","2009-12-10 17:16:00","85078",1,0,1
"14514","C491693","2009-12-13 13:22:00","72807B",1,0,1
"14527","C514340","2010-07-01 15:01:00","21158",1,0,1
"14527","C514340","2010-07-01 15:01:00","21159",1,0,1
"14527","C514340","2010-07-01 15:01:00","21160",1,0,1
"14527","C514340","2010-07-01 15:01:00","21175",1,0,1
"14527","C514340","2010-07-01 15:01:00","21889",1,0,1
"14527","C514340","2010-07-01 15:01:00","37509",1,0,1
"14527","C514340","2010-07-01 15:01:00","47559B",1,0,1
"14527","C495175","2010-01-21 13:15:00","47567",1,0,1
"14527","C514340","2010-07-01 15:01:00","47568",1,0,1
"14527","C490269","2009-12-04 12:33:00","78056",1,0,1
"17820","C539071","2010-12-15 17:04:00","22423",1,0,1
"17820","C539071","2010-12-15 17:04:00","22697",1,0,1
"14527","C514340","2010-07-01 15:01:00","84596K",1,0,1
"14527","C495685","2010-01-26 12:04:00","85136B",1,0,1
"14527","C498985","2010-02-24 11:41:00","85232A",1,0,1
"14543","C511649","2010-06-09 13:55:00","21559",1,0,1
"14546","C497193","2010-02-07 10:29:00","21431",1,0,1
"14546","C497193","2010-02-07 10:29:00","85025B",1,0,1
"13319","C562957","2011-08-11 10:15:00","22540",1,0,1
"14590","C526270","2010-10-11 11:12:00","21530",2,1,1
"14606","C495943","2010-01-27 16:14:00","21351",1,0,1
"14606","C497502","2010-02-10 11:16:00","21649",1,0,1
"13319","C512299","2010-06-14 15:28:00","22275",1,0,1
"14606","C565843","2011-09-07 12:15:00","21788",1,0,1
"14606","C490507","2009-12-06 14:12:00","21950",1,0,1
"14606","C490507","2009-12-06 14:12:00","22187",2,1,1
"14606","C510732","2010-06-03 11:00:00","79323P",1,0,1
"14606","C493689","2010-01-05 12:45:00","84971L",1,0,1
"14606","C493689","2010-01-05 12:45:00","85063",1,0,1
"14621","C491533","2009-12-11 12:32:00","72802B",1,0,1
"14621","C489583","2009-12-01 13:47:00","72802C",1,0,1
"14621","C489583","2009-12-01 13:47:00","72807B",1,0,1
"14621","C489583","2009-12-01 13:47:00","85047",1,0,1
"14627","C491618","2009-12-11 14:08:00","22283",1,0,1
"17820","C555253","2011-06-01 15:14:00","22699",1,0,1
"17820","C555253","2011-06-01 15:14:00","23174",1,0,1
"14685","C491650","2009-12-13 10:32:00","84706B",1,0,1
"17841","C495511","2010-01-25 14:04:00","20779",1,0,1
"17841","C517234","2010-07-27 13:47:00","21425",1,0,1
"17841","C512100","2010-06-13 13:35:00","84388",1,0,1
"17841","C491632","2009-12-11 15:14:00","84689",1,0,1
"17848","C490495","2009-12-06 13:38:00","84968B",1,0,1
"12468","C494869","2010-01-19 12:13:00","35970",1,0,1
"12468","C525532","2010-10-05 19:05:00","22138",1,0,1
"17850","C510226","2010-05-28 08:48:00","79341",1,0,1
"14713","C507219","2010-05-06 19:14:00","79323S",1,0,1
"13281","C506001","2010-04-27 11:00:00","20727",1,0,1
"14748","C489530","2009-12-01 11:56:00","72803A",1,0,1
"14763","C490743","2009-12-07 17:59:00","37449",1,0,1
"14808","C573502","2011-10-31 12:02:00","22550",7,6,1
"14808","C559530","2011-07-10 12:04:00","22655",1,0,1
"17861","C491162","2009-12-10 10:33:00","85097B",1,0,1
"17861","C491162","2009-12-10 10:33:00","85098B",1,0,1
"13276","C516947","2010-07-25 15:25:00","84782C",1,0,1
"14895","C491521","2009-12-11 12:29:00","22204",1,0,1
"14895","C491521","2009-12-11 12:29:00","79323GR",1,0,1
"14895","C491521","2009-12-11 12:29:00","79340P",1,0,1
"14896","C508456","2010-05-14 16:41:00","79323B",3,2,1
"14896","C508456","2010-05-14 16:41:00","79323S",3,2,1
"14911","C490997","2009-12-08 17:24:00","21053",1,0,1
"14911","C502332","2010-03-24 10:42:00","21662",1,0,1
"14911","C502332","2010-03-24 10:42:00","21663",1,0,1
"14911","C502332","2010-03-24 10:42:00","22496",1,0,1
"14911","C498122","2010-02-16 15:33:00","47567",1,0,1
"14925","C490931","2009-12-08 13:44:00","85048",1,0,1
"14952","C502291","2010-03-24 08:49:00","22236",1,0,1
"14963","C522741","2010-09-16 13:07:00","47594B",1,0,1
"14970","C508476","2010-05-16 12:09:00","79323G",25,24,1
"13211","C490520","2009-12-06 15:21:00","47589",1,0,1
"14970","C508476","2010-05-16 12:09:00","79323P",1,0,1
"13211","C490510","2009-12-06 14:37:00","20973",1,0,1
"14970","C501873","2010-03-21 12:29:00","79323S",1,0,1
"13151","C501914","2010-03-22 09:40:00","85096",1,0,1
"14978","C525445","2010-10-05 13:54:00","48188",2,1,1
"14994","C502744","2010-03-26 12:40:00","35400",2,1,1
"15005","C512543","2010-06-16 13:17:00","21160",1,0,1
"15005","C498390","2010-02-18 14:48:00","22166",1,0,1
"15005","C497621","2010-02-11 12:23:00","22166",1,0,1
"15031","C512272","2010-06-14 13:32:00","20758",1,0,1
"15031","C512272","2010-06-14 13:32:00","20767",1,0,1
"13151","C501914","2010-03-22 09:40:00","21784",1,0,1
"13151","C501914","2010-03-22 09:40:00","21309",1,0,1
"13151","C501914","2010-03-22 09:40:00","21277",1,0,1
"15031","C512272","2010-06-14 13:32:00","22035",1,0,1
"13148","C495170","2010-01-21 12:45:00","22341",1,0,1
"13148","C503733","2010-04-07 10:36:00","22220",1,0,1
"15031","C512272","2010-06-14 13:32:00","84378",4,3,1
"15059","C490402","2009-12-06 10:57:00","85159A",1,0,1
"13148","C516952","2010-07-25 15:38:00","22176",1,0,1
"15128","C554339","2011-05-23 17:39:00","22625",1,0,1
"13148","C495170","2010-01-21 12:45:00","21153",1,0,1
"13136","C493869","2010-01-07 17:19:00","85044",1,0,1
"13136","C553024","2011-05-12 19:28:00","23190",1,0,1
"13115","C543757","2011-02-11 15:05:00","22068",1,0,1
"15179","C491614","2009-12-11 13:55:00","21155",1,0,1
"13115","C498196","2010-02-17 13:06:00","21335",1,0,1
"13112","C491005","2009-12-08 17:40:00","79340W",1,0,1
"17867","C489813","2009-12-02 13:02:00","84472",1,0,1
"15218","C495632","2010-01-26 10:47:00","85048",1,0,1
"15254","C489595","2009-12-01 14:20:00","21752",1,0,1
"15298","C504567","2010-04-14 14:15:00","37488A",1,0,1
"15311","C503366","2010-03-31 14:20:00","21014",1,0,1
"15311","C503366","2010-03-31 14:20:00","21381",1,0,1
"15311","C495186","2010-01-21 14:30:00","37451",1,0,1
"13098","C572478","2011-10-24 13:39:00","84879",1,0,1
"17867","C489813","2009-12-02 13:02:00","84622",1,0,1
"15326","C494493","2010-01-14 17:26:00","22187",1,0,1
"15326","C494593","2010-01-15 12:11:00","85063",2,1,1
"15369","C536164","2010-11-30 12:09:00","75013B",1,0,1
"15446","C506835","2010-05-04 13:44:00","79323W",1,0,1
"15461","C489518","2009-12-01 11:35:00","22138",1,0,1
"15461","C489518","2009-12-01 11:35:00","85048",1,0,1
"13098","C542245","2011-01-26 15:06:00","22729",1,0,1
"15502","C527660","2010-10-18 14:23:00","17013D",1,0,1
"13098","C552704","2011-05-10 16:05:00","22729",1,0,1
"15523","C501934","2010-03-22 11:42:00","22061",1,0,1
"15527","C493986","2010-01-10 12:27:00","21843",1,0,1
"15538","C499419","2010-02-26 16:26:00","21627",1,0,1
"15538","C499419","2010-02-26 16:26:00","21628",1,0,1
"15538","C499419","2010-02-26 16:26:00","21630",1,0,1
"15538","C500722","2010-03-09 15:40:00","21634",1,0,1
"15538","C499419","2010-02-26 16:26:00","21685",1,0,1
"15538","C499419","2010-02-26 16:26:00","21760",1,0,1
"15538","C498598","2010-02-21 16:06:00","21769",1,0,1
"15538","C499419","2010-02-26 16:26:00","22088",1,0,1
"15538","C499419","2010-02-26 16:26:00","22120",1,0,1
"15538","C499419","2010-02-26 16:26:00","22303",1,0,1
"15538","C499419","2010-02-26 16:26:00","71477",1,0,1
"15538","C498599","2010-02-21 16:06:00","85067",1,0,1
"15538","C506532","2010-04-30 11:08:00","85232A",1,0,1
"15547","C490498","2009-12-06 13:43:00","37483",1,0,1
"15550","C506908","2010-05-05 10:40:00","79323W",1,0,1
"17886","C491739","2009-12-14 10:51:00","22220",1,0,1
"15580","C518372","2010-08-08 10:40:00","37447",1,0,1
"15580","C518372","2010-08-08 10:40:00","37450",1,0,1
"15580","C497487","2010-02-09 15:59:00","84907",1,0,1
"15581","C514229","2010-07-01 10:33:00","15058C",2,1,1
"15600","C517374","2010-07-28 17:10:00","21232",1,0,1
"15614","C489524","2009-12-01 11:48:00","21258",1,0,1
"15615","C491029","2009-12-08 19:07:00","21843",1,0,1
"15615","C554874","2011-05-27 11:02:00","22767",1,0,1
"15622","C493829","2010-01-07 13:24:00","20695",1,0,1
"15622","C580968","2011-12-06 14:57:00","23534",4,3,1
"15640","C498050","2010-02-16 11:25:00","20712",1,0,1
"15684","C494452","2010-01-14 13:51:00","85047",1,0,1
"15722","C504672","2010-04-15 15:20:00","21259",1,0,1
"15750","C489643","2009-12-01 16:26:00","47594B",1,0,1
"13093","C502061","2010-03-22 14:56:00","51012L",1,0,1
"17931","C500152","2010-03-04 17:49:00","22142",1,0,1
"15768","C492194","2009-12-15 15:57:00","21870",1,0,1
"15768","C492194","2009-12-15 15:57:00","35968",1,0,1
"15782","C492655","2009-12-17 17:50:00","22191",1,0,1
"15791","C506883","2010-05-04 17:10:00","47503K",1,0,1
"17954","C502849","2010-03-28 14:15:00","17165B",1,0,1
"12349","C490283","2009-12-04 12:49:00","20747",1,0,1
"15805","C508227","2010-05-13 16:24:00","22191",1,0,1
"15805","C492658","2009-12-17 17:53:00","22191",1,0,1
"15805","C508227","2010-05-13 16:24:00","35004C",1,0,1
"15807","C510820","2010-06-03 19:48:00","79072",1,0,1
"17954","C502849","2010-03-28 14:15:00","17165D",1,0,1
"15822","C502431","2010-03-24 12:53:00","22182",1,0,1
"15822","C502431","2010-03-24 12:53:00","22183",1,0,1
"15822","C490509","2009-12-06 14:34:00","22184",1,0,1
"13093","C498582","2010-02-21 15:01:00","22111",1,0,1
"12463","C572479","2011-10-24 13:43:00","37449",1,0,1
"13093","C494986","2010-01-20 11:31:00","21477",1,0,1
"15838","C510293","2010-05-28 11:50:00","21843",1,0,1
"15856","C556457","2011-06-10 16:50:00","72760B",1,0,1
"15861","C496087","2010-01-28 19:44:00","22138",1,0,1
"15861","C496087","2010-01-28 19:44:00","82613A",1,0,1
"15861","C496087","2010-01-28 19:44:00","84971S",1,0,1
"15874","C548723","2011-04-04 09:02:00","20830",1,0,1
"15874","C532403","2010-11-11 19:35:00","72351A",1,0,1
"15874","C532403","2010-11-11 19:35:00","84709B",1,0,1
"15874","C570122","2011-10-07 12:58:00","84950",1,0,1
"15898","C494592","2010-01-15 12:08:00","77081",1,0,1
"15898","C494592","2010-01-15 12:08:00","85043",1,0,1
"15898","C494592","2010-01-15 12:08:00","85047",1,0,1
"15916","C510437","2010-05-30 14:10:00","79323LP",2,1,1
"15916","C510437","2010-05-30 14:10:00","79323P",2,1,1
"17954","C491084","2009-12-09 13:24:00","85033G",1,0,1
"13081","C562124","2011-08-02 17:23:00","15058A",1,0,1
"17965","C505455","2010-04-22 11:34:00","21734",1,0,1
"13077","C528365","2010-10-21 16:05:00","21414",1,0,1
"17965","C505455","2010-04-22 11:34:00","22138",1,0,1
"13057","C501655","2010-03-18 13:00:00","20833",1,0,1
"18009","C524390","2010-09-28 18:24:00","22752",1,0,1
"13048","C506124","2010-04-27 14:14:00","21792",1,0,1
"13047","C501429","2010-03-16 12:41:00","21671",1,0,1
"15955","C525946","2010-10-07 17:45:00","21533",1,0,1
"15993","C579945","2011-12-01 10:41:00","22697",1,0,1
"16001","C512326","2010-06-15 09:51:00","21728",1,0,1
"16001","C512326","2010-06-15 09:51:00","22190",1,0,1
"16039","C507185","2010-05-06 16:02:00","79323G",1,0,1
"16048","C566782","2011-09-15 10:12:00","85163B",1,0,1
"13032","C525062","2010-10-03 14:20:00","85048",1,0,1
"16085","C501538","2010-03-17 14:03:00","85042",1,0,1
"16094","C491605","2009-12-11 13:33:00","84750B",1,0,1
"16104","C511815","2010-06-10 16:03:00","79323G",4,3,1
"16104","C514020","2010-06-30 10:34:00","79323G",4,3,1
"16104","C514020","2010-06-30 10:34:00","79323S",4,3,1
"16118","C526461","2010-10-11 16:11:00","85099C",1,0,1
"18070","C490994","2009-12-08 17:15:00","85047",1,0,1
"12997","C504275","2010-04-12 14:23:00","85042",1,0,1
"16143","C495037","2010-01-20 14:21:00","21843",1,0,1
"16148","C492700","2009-12-17 19:07:00","79321",1,0,1
"16148","C492700","2009-12-17 19:07:00","85042",1,0,1
"16148","C492699","2009-12-17 19:06:00","85047",1,0,1
"16167","C508926","2010-05-19 11:17:00","79323B",1,0,1
"16167","C508926","2010-05-19 11:17:00","79323S",5,4,1
"16167","C508926","2010-05-19 11:17:00","79342B",1,0,1
"16168","C492667","2009-12-17 18:06:00","22193",1,0,1
"16168","C515796","2010-07-14 16:11:00","84031A",1,0,1
"16168","C492667","2009-12-17 18:06:00","84032B",1,0,1
"16180","C515790","2010-07-14 15:53:00","79323W",1,0,1
"16191","C493091","2009-12-22 10:54:00","85222",1,0,1
"16206","C491821","2009-12-14 13:50:00","21730",1,0,1
"12986","C530187","2010-11-02 11:01:00","22193",3,2,1
"16229","C495281","2010-01-22 12:27:00","79320",1,0,1
"16229","C495281","2010-01-22 12:27:00","85044",1,0,1
"16240","C569034","2011-09-30 10:42:00","23110",1,0,1
"12986","C528451","2010-10-22 11:23:00","21464",1,0,1
"16283","C514162","2010-06-30 15:32:00","79323B",1,0,1
"16347","C512592","2010-06-16 16:34:00","22456",1,0,1
"16353","C490949","2009-12-08 14:30:00","47503F",1,0,1
"16395","C490469","2009-12-06 12:23:00","21528",1,0,1
"16395","C490469","2009-12-06 12:23:00","84466",1,0,1
"16404","C490666","2009-12-07 12:32:00","21361",1,0,1
"12982","C510828","2010-06-03 20:06:00","84927F",1,0,1
"12943","C543761","2011-02-11 15:13:00","22569",1,0,1
"16428","C567358","2011-09-19 16:31:00","22699",1,0,1
"12943","C532383","2010-11-11 18:25:00","22569",1,0,1
"12940","C569038","2011-09-30 10:46:00","23345",1,0,1
"16441","C524860","2010-09-30 20:11:00","21843",1,0,1
"16520","C499851","2010-03-02 16:40:00","21462",1,0,1
"16523","C490947","2009-12-08 14:29:00","21100",1,0,1
"16541","C490251","2009-12-04 12:29:00","84081",1,0,1
"16549","C490122","2009-12-03 17:59:00","21540",1,0,1
