"stock_code","distinct_customers"
"10002",164
"10080",23
"10109",1
"10120",52
"10123C",39
"10123G",12
"10124A",18
"10124G",9
"10125",87
"10133",153
"10134",44
"10135",178
"10138",14
"11001",118
"15030",23
"15034",123
"15036",303
"15039",127
"15044A",116
"15044B",97
"15044C",100
"15044D",105
"15056BL",321
"15056N",347
"15056P",186
"15058A",76
"15058B",65
"15058C",56
"15059A",1
"15060B",174
"16008",64
"16010",4
"16011",83
"16012",67
"16014",46
"16015",40
"16016",57
"16020C",22
"16033",43
"16043",11
"16044",2
"16045",65
"16046",44
"16047",21
"16048",59
"16049",22
"16050",4
"16051",3
"16052",18
"16053",8
"16054",32
"16119",7
"16151A",5
"16156L",33
"16156N",51
"16156S",271
"16161C",2
"16161E",8
"16161G",31
"16161M",36
"16161P",289
"16161U",203
"16162L",16
"16162M",10
"16168M",42
"16168S",4
"16169A",1
"16169C",42
"16169D",9
"16169E",143
"16169F",34
"16169G",1
"16169K",56
"16169M",56
"16169N",52
"16169P",46
"16201A",7
"16201B",2
"16202A",16
"16202B",13
"16202C",10
"16202E",12
"16206B",14
"16207A",17
"16207B",12
"16212",29
"16215",3
"16216",69
"16218",60
"16219",58
"16225",90
"16235",124
"16236",108
"16237",209
"16238",104
"16239",13
"16243B",1
"16244A",6
"16244B",8
"16245A",7
"16248B",12
"16254",17
"16256B",17
"16256C",8
"16258A",58
"16258B",13
"16259",46
"17001",20
"17003",215
"17007B",6
"17011A",6
"17011B",2
"17011C",1
"17011D",2
"17011E",1
"17011F",15
"17012A",30
"17012B",43
"17012C",47
"17012D",41
"17012E",12
"17012F",38
"17013B",2
"17013C",2
"17013D",17
"17013F",4
"17014A",9
"17014C",1
"17014D",5
"17014E",4
"17014F",4
"17021",45
"17027A",1
"17028J",1
"17033",58
"17038",21
"17039",20
"17061",1
"17084A",14
"17084G",2
"17084J",17
"17084N",42
"17084P",23
"17084R",29
"17090A",24
"17090D",21
"17091A",78
"17091B",35
"17091F",6
"17091J",108
"17096",25
"17107D",68
"17108D",17
"17109A",12
"17109B",13
"17109C",13
"17109D",33
"17129C",7
"17129D",12
"17129F",19
"17136A",28
"17164B",64
"17164D",26
"17165B",43
"17165D",62
"17174",7
"17178",20
"17181",26
"17191A",9
"18007",40
"18010",6
"18094C",22
"18096C",12
"18097A",10
"18097B",3
"18097C",110
"18098A",2
"18098B",3
"18098C",104
"20615",59
"20616",31
"20617",59
"20618",50
"20619",46
"20620",1
"20621",23
"20622",59
"20652",73
"20653",26
"20654",65
"20655",55
"20657",54
"20658",153
"20659",55
"20660",22
"20661",37
"20662",23
"20663",13
"20664",11
"20665",167
"20666",22
"20667",6
"20668",181
"20669",103
"20670",20
"20671",70
"20672",21
"20673",2
"20674",196
"20675",281
"20676",372
"20677",268
"20678",1
"20679",271
"20680",4
"20681",184
"20682",296
"20683",1
"20684",117
"20685",626
"20686",117
"20688",9
"20689",25
"20692",75
"20693",10
"20694",23
"20695",24
"20696",28
"20697",17
"20698",17
"20699",42
"20700",11
"20701",12
"20702",151
"20703",122
"20704",60
"20705",47
"20707",48
"20711",326
"20712",387
"20713",371
"20714",10
"20715",1
"20716",121
"20717",283
"20718",428
"20719",365
"20721",1
"20723",356
"20724",524
"20725",845
"20726",585
"20727",705
"20728",702
"20729",39
"20730",34
"20731",40
"20733",67
"20734",50
"20735",30
"20736",18
"20738",46
"20747",48
"20748",86
"20749",426
"20750",471
"20751",264
"20752",188
"20753",30
"20754",363
"20755",74
"20756",40
"20757",49
"20758",61
"20759",35
"20760",47
"20761",93
"20762",88
"20763",54
"20764",107
"20765",96
"20766",100
"20767",112
"20768",98
"20769",48
"20770",94
"20771",91
"20772",105
"20773",78
"20774",68
"20775",43
"20776",50
"20777",78
"20778",66
"20780",35
"20781",34
"20782",39
"20783",20
"20784",6
"20785",14
"20786",9
"20787",7
"20791",1
"20793",13
"20794",27
"20795",15
"20796",11
"20798",35
"20799",11
"20800",2
"20801",61
"20802",68
"20803",50
"20804",21
"20812",3
"20814",7
"20816",5
"20818",20
"20819",39
"20820",6
"20821",10
"20822",1
"20823",14
"20825",5
"20826",11
"20827",5
"20828",261
"20829",207
"20830",36
"20831",34
"20832",86
"20833",3
"20835",8
"20836",18
"20837",17
"20838",36
"20839",53
"20840",50
"20845",15
"20846",105
"20847",17
"20848",10
"20849",15
"20850",19
"20851",21
"20854",66
"20855",41
"20856",70
"20857",57
"20858",1
"20860",10
"20861",15
"20862",21
"20863",35
"20864",20
"20865",24
"20866",76
"20867",68
"20868",40
"20869",30
"20870",4
"20871",72
"20877",3
"20878",61
"20879",8
"20881",1
"20882",1
"20884",2
"20885",1
"20886",163
"20887",4
"20888",10
"20889",12
"20890",1
"20891",1
"20892",21
"20893",41
"20894",47
"20895",3
"20896",13
"20897",29
"20898",35
"20899",12
"20901",14
"20902",11
"20903",19
"20905",3
"20906",25
"20910",11
"20913",26
"20914",647
"20931",91
"20932",54
"20933",38
"20934",44
"20935",35
"20936",42
"20939",1
"20940",15
"20941",54
"20942",4
"20943",46
"20950",57
"20952",19
"20953",7
"20956",117
"20957",12
"20958",9
"20960",85
"20961",177
"20963",168
"20964",6
"20966",137
"20967",187
"20968",14
"20969",285
"20970",278
"20971",490
"20972",568
"20973",309
"20974",370
"20975",460
"20976",51
"20977",242
"20978",253
"20979",310
"20980",35
"20981",290
"20982",316
"20983",359
"20984",178
"20985",162
"20986",94
"20987",11
"20988",8
"20989",29
"20990",54
"20991",12
"20992",222
"20993",23
"20994",12
"20996",179
"20997",25
"20998",52
"21000",37
"21001",29
"21002",25
"21003",10
"21004",40
"21007",36
"21009",72
"21010",62
"21011",84
"21012",112
"21014",91
"21015",80
"21016",58
"21017",32
"21018",30
"21025",30
"21026",48
"21027",39
"21028",31
"21030",37
"21031",23
"21032",28
"21033",163
"21034",800
"21035",327
"21036",1
"21038",39
"21039",141
"21040",43
"21041",191
"21042",200
"21043",81
"21051",79
"21054",119
"21055",122
"21056",119
"21058",148
"21059",158
"21060",102
"21061",104
"21062",102
"21063",143
"21064",75
"21065",44
"21066",81
"21067",130
"21068",149
"21069",110
"21070",107
"21071",163
"21076",60
"21077",111
"21078",342
"21080",798
"21081",4
"21082",94
"21084",113
"21085",42
"21086",311
"21087",19
"21088",95
"21089",32
"21090",129
"21091",31
"21092",15
"21094",328
"21095",24
"21096",91
"21097",5
"21098",269
"21099",20
"21100",119
"21102",10
"21106",98
"21107",167
"21108",325
"21109",131
"21110",173
"21111",109
"21112",104
"21114",359
"21115",266
"21116",164
"21117",23
"21118",7
"21121",466
"21122",441
"21123",125
"21124",406
"21125",162
"21126",169
"21127",25
"21128",22
"21129",24
"21130",29
"21131",18
"21132",25
"21133",38
"21134",40
"21135",251
"21136",449
"21137",198
"21143",128
"21144",40
"21145",34
"21146",47
"21147",33
"21153",91
"21154",327
"21155",364
"21156",472
"21157",66
"21158",184
"21159",146
"21160",44
"21161",120
"21162",172
"21163",158
"21164",356
"21165",321
"21166",475
"21167",32
"21169",278
"21171",142
"21172",420
"21173",44
"21174",402
"21175",553
"21179",231
"21181",598
"21185",34
"21186",187
"21187",90
"21188",69
"21189",53
"21190",71
"21191",96
"21192",96
"21193",14
"21194",51
"21195",49
"21196",16
"21197",29
"21198",75
"21199",86
"21200",64
"21201",109
"21202",53
"21203",85
"21204",109
"21205",86
"21206",117
"21207",167
"21208",65
"21209",66
"21210",508
"21211",139
"21212",1115
"21213",528
"21214",106
"21215",127
"21216",269
"21217",423
"21218",313
"21219",77
"21220",65
"21221",55
"21222",70
"21223",33
"21224",140
"21225",2
"21226",17
"21228",25
"21231",500
"21232",689
"21238",324
"21239",266
"21240",287
"21241",129
"21242",289
"21243",210
"21244",207
"21245",146
"21246",99
"21247",44
"21248",106
"21249",156
"21250",47
"21251",91
"21252",14
"21253",41
"21255",46
"21256",31
"21257",206
"21258",186
"21259",300
"21260",303
"21261",37
"21262",69
"21263",39
"21264",51
"21265",26
"21267",3
"21268",31
"21269",52
"21270",24
"21272",167
"21274",61
"21275",45
"21276",24
"21277",36
"21278",63
"21279",51
"21280",44
"21281",34
"21282",49
"21283",59
"21284",80
"21285",56
"21286",56
"21287",67
"21288",105
"21289",52
"21291",95
"21292",69
"21293",29
"21294",83
"21298",14
"21299",25
"21300",11
"21303",24
"21304",16
"21306",48
"21307",41
"21308",3
"21309",5
"21310",3
"21311",62
"21312",19
"21313",173
"21314",369
"21316",33
"21317",56
"21318",70
"21319",44
"21320",31
"21321",10
"21322",12
"21323",46
"21324",101
"21326",307
"21327",212
"21328",257
"21329",253
"21330",101
"21331",23
"21332",36
"21333",150
"21335",17
"21336",13
"21337",7
"21338",9
"21339",12
"21340",249
"21341",15
"21343",3
"21344",21
"21347",4
"21348",91
"21349",113
"21350",39
"21351",113
"21352",77
"21353",8
"21354",123
"21355",213
"21356",116
"21357",105
"21358",130
"21359",57
"21360",81
"21361",181
"21363",224
"21364",118
"21365",51
"21366",24
"21367",37
"21368",32
"21369",15
"21370",15
"21371",33
"21372",28
"21373",52
"21374",57
"21375",26
"21376",35
"21377",37
"21378",47
"21379",43
"21380",325
"21381",234
"21382",78
"21383",169
"21384",99
"21385",320
"21386",72
"21387",4
"21388",27
"21389",149
"21390",280
"21391",113
"21392",32
"21393",34
"21394",100
"21395",79
"21396",45
"21397",99
"21398",82
"21399",76
"21400",54
"21401",72
"21402",81
"21403",80
"21407",231
"21408",114
"21409",1
"21410",81
"21411",358
"21412",33
"21413",25
"21414",17
"21415",41
"21416",15
"21417",41
"21418",24
"21419",12
"21420",21
"21421",60
"21422",71
"21424",51
"21425",41
"21426",44
"21427",55
"21428",228
"21429",418
"21430",323
"21431",167
"21432",152
"21437",88
"21438",33
"21439",112
"21440",72
"21441",67
"21442",66
"21443",18
"21444",18
"21445",88
"21446",122
"21447",149
"21448",132
"21450",3
"21452",228
"21454",78
"21455",60
"21456",42
"21457",45
"21458",51
"21459",33
"21460",20
"21461",17
"21462",131
"21463",169
"21464",127
"21465",117
"21466",147
"21467",145
"21468",91
"21469",130
"21470",160
"21471",165
"21472",161
"21473",65
"21474",69
"21475",1
"21476",53
"21477",35
"21478",57
"21479",410
"21480",35
"21481",439
"21482",104
"21484",367
"21485",657
"21486",127
"21488",216
"21489",6
"21490",36
"21491",184
"21493",22
"21494",147
"21495",201
"21496",1
"21497",330
"21498",454
"21499",302
"21500",301
"21503",57
"21504",158
"21506",310
"21507",267
"21508",215
"21509",264
"21511",1
"21518",58
"21519",181
"21520",61
"21523",357
"21524",474
"21525",1
"21527",352
"21528",145
"21529",94
"21530",99
"21531",324
"21532",58
"21533",425
"21534",199
"21535",461
"21536",42
"21537",174
"21538",40
"21539",290
"21540",52
"21541",119
"21542",112
"21543",13
"21544",229
"21545",52
"21547",69
"21548",55
"21549",36
"21550",42
"21551",16
"21552",25
"21553",24
"21554",17
"21555",38
"21556",132
"21557",71
"21558",267
"21559",396
"21561",260
"21562",47
"21563",180
"21564",134
"21576",118
"21577",241
"21578",184
"21579",80
"21580",76
"21581",104
"21582",15
"21584",253
"21585",1
"21586",172
"21587",207
"21588",191
"21589",73
"21590",203
"21591",264
"21592",312
"21593",69
"21609",142
"21610",72
"21611",93
"21612",76
"21613",111
"21614",123
"21615",115
"21616",126
"21617",102
"21618",86
"21619",138
"21620",139
"21621",583
"21622",329
"21623",311
"21624",281
"21625",186
"21626",136
"21627",31
"21628",24
"21629",27
"21630",21
"21631",38
"21632",30
"21633",32
"21634",42
"21635",35
"21636",74
"21637",40
"21638",84
"21639",12
"21640",99
"21641",43
"21642",150
"21643",76
"21644",72
"21645",85
"21647",91
"21648",96
"21649",19
"21650",84
"21651",81
"21652",64
"21653",75
"21654",53
"21655",56
"21656",66
"21657",76
"21658",166
"21659",45
"21661",55
"21662",59
"21663",21
"21664",44
"21665",35
"21666",49
"21667",119
"21668",255
"21669",262
"21670",260
"21671",265
"21672",278
"21673",263
"21674",8
"21675",124
"21676",75
"21677",144
"21678",39
"21679",181
"21680",110
"21681",62
"21682",116
"21683",96
"21684",65
"21685",2
"21686",10
"21687",55
"21688",97
"21689",49
"21690",65
"21691",56
"21692",81
"21693",84
"21694",51
"21695",65
"21696",80
"21697",6
"21698",38
"21699",2
"21700",186
"21702",5
"21703",293
"21704",287
"21705",142
"21706",134
"21707",107
"21708",72
"21709",69
"21710",80
"21711",51
"21713",232
"21714",230
"21715",255
"21716",241
"21717",122
"21718",223
"21719",69
"21720",73
"21721",73
"21722",33
"21723",66
"21724",81
"21725",81
"21726",93
"21728",33
"21729",19
"21730",155
"21731",415
"21732",50
"21733",744
"21734",14
"21735",139
"21736",22
"21737",118
"21738",89
"21739",83
"21740",44
"21741",108
"21742",156
"21743",117
"21744",131
"21745",236
"21746",234
"21747",83
"21749",153
"21750",43
"21752",28
"21754",682
"21755",661
"21756",327
"21757",15
"21758",34
"21759",11
"21760",12
"21761",21
"21763",15
"21764",11
"21765",104
"21767",1
"21768",95
"21769",42
"21770",423
"21772",1
"21773",87
"21774",79
"21775",63
"21777",169
"21779",21
"21780",17
"21781",150
"21784",78
"21785",71
"21786",132
"21787",221
"21788",141
"21789",138
"21790",793
"21791",641
"21792",110
"21793",81
"21794",123
"21795",64
"21796",57
"21801",69
"21802",89
"21803",86
"21804",92
"21805",77
"21806",95
"21807",114
"21808",70
"21809",118
"21810",171
"21811",199
"21812",103
"21813",76
"21814",59
"21815",58
"21816",34
"21817",102
"21818",197
"21819",178
"21820",112
"21821",86
"21822",73
"21823",136
"21824",137
"21825",62
"21826",136
"21827",89
"21828",107
"21829",211
"21830",151
"21832",204
"21833",210
"21836",77
"21837",61
"21838",1
"21839",71
"21841",106
"21842",32
"21843",599
"21844",252
"21845",104
"21846",51
"21847",20
"21849",46
"21850",29
"21851",34
"21852",1
"21864",166
"21865",129
"21866",190
"21867",122
"21868",377
"21869",82
"21870",243
"21871",299
"21872",169
"21873",98
"21874",211
"21875",218
"21876",239
"21877",323
"21878",225
"21879",81
"21880",123
"21881",49
"21882",61
"21883",132
"21884",61
"21888",444
"21889",595
"21890",335
"21891",483
"21892",447
"21893",13
"21894",120
"21895",61
"21896",187
"21897",86
"21898",73
"21899",313
"21900",361
"21901",315
"21902",250
"21903",230
"21904",103
"21905",132
"21906",214
"21907",381
"21908",382
"21910",84
"21911",200
"21912",447
"21913",170
"21914",446
"21915",467
"21916",304
"21917",246
"21918",369
"21922",204
"21923",80
"21924",82
"21925",100
"21926",90
"21927",93
"21928",450
"21929",504
"21930",386
"21931",546
"21932",315
"21933",294
"21934",164
"21935",234
"21936",396
"21937",286
"21942",41
"21943",37
"21944",53
"21945",61
"21946",25
"21947",122
"21948",71
"21949",91
"21950",2
"21955",279
"21967",250
"21972",105
"21973",117
"21974",355
"21975",543
"21976",404
"21977",767
"21980",406
"21981",282
"21982",335
"21983",208
"21984",256
"21985",493
"21986",275
"21987",209
"21988",209
"21989",264
"21990",170
"21991",109
"21992",242
"21993",208
"22021",161
"22023",177
"22024",170
"22025",148
"22026",140
"22027",335
"22028",203
"22029",429
"22030",353
"22031",65
"22032",64
"22033",80
"22034",71
"22035",152
"22036",77
"22037",270
"22038",43
"22039",27
"22040",82
"22041",101
"22042",89
"22043",86
"22044",80
"22045",290
"22046",147
"22047",211
"22048",93
"22049",95
"22050",100
"22051",95
"22052",105
"22053",61
"22054",45
"22055",252
"22056",23
"22057",113
"22058",71
"22059",183
"22060",112
"22061",219
"22062",69
"22063",142
"22064",213
"22065",249
"22066",185
"22067",108
"22068",111
"22069",66
"22070",217
"22071",200
"22072",200
"22073",227
"22074",127
"22075",201
"22076",197
"22077",685
"22078",246
"22079",397
"22080",336
"22081",170
"22082",512
"22083",589
"22084",464
"22085",141
"22086",896
"22087",314
"22088",266
"22089",290
"22090",631
"22091",184
"22092",105
"22093",179
"22094",181
"22095",125
"22096",129
"22097",158
"22098",161
"22099",168
"22100",71
"22101",44
"22102",35
"22103",43
"22104",31
"22105",23
"22106",29
"22107",118
"22108",34
"22109",205
"22110",217
"22111",717
"22112",631
"22113",488
"22114",626
"22115",244
"22116",96
"22117",142
"22118",195
"22119",244
"22120",196
"22121",303
"22122",113
"22123",77
"22124",29
"22125",117
"22127",128
"22128",143
"22129",97
"22130",298
"22131",276
"22132",154
"22133",109
"22134",80
"22135",58
"22136",117
"22137",24
"22138",1137
"22139",941
"22141",313
"22142",336
"22143",51
"22144",392
"22145",153
"22146",93
"22147",582
"22148",209
"22149",684
"22150",505
"22151",361
"22152",154
"22153",136
"22154",163
"22155",165
"22156",259
"22157",88
"22158",374
"22161",156
"22162",92
"22163",86
"22164",40
"22165",82
"22166",31
"22167",92
"22168",250
"22169",276
"22170",279
"22171",269
"22172",124
"22173",383
"22174",178
"22175",161
"22176",125
"22177",90
"22178",593
"22179",201
"22180",226
"22181",85
"22182",58
"22183",58
"22184",60
"22185",298
"22186",234
"22187",230
"22188",292
"22189",536
"22190",88
"22191",335
"22192",260
"22193",265
"22194",100
"22195",325
"22196",304
"22197",601
"22198",240
"22199",158
"22200",120
"22201",76
"22202",91
"22203",166
"22204",66
"22207",189
"22208",237
"22209",159
"22210",179
"22211",161
"22212",323
"22214",43
"22215",245
"22216",48
"22217",152
"22218",143
"22219",384
"22220",190
"22221",108
"22222",203
"22223",89
"22224",234
"22227",195
"22228",148
"22229",101
"22230",96
"22231",166
"22232",96
"22233",112
"22236",251
"22241",242
"22242",186
"22243",181
"22244",169
"22245",166
"22246",84
"22247",86
"22248",77
"22249",126
"22250",98
"22251",141
"22252",85
"22253",62
"22254",95
"22255",73
"22256",78
"22257",23
"22258",69
"22259",31
"22260",85
"22261",126
"22262",135
"22263",34
"22264",80
"22265",107
"22266",101
"22267",91
"22268",117
"22269",107
"22270",104
"22271",400
"22272",207
"22273",423
"22274",344
"22275",168
"22276",213
"22277",147
"22278",164
"22279",108
"22280",79
"22281",83
"22282",92
"22283",196
"22284",157
"22285",165
"22286",119
"22287",81
"22288",75
"22289",45
"22290",60
"22291",141
"22292",145
"22293",114
"22294",414
"22295",381
"22296",428
"22297",391
"22299",103
"22300",254
"22301",273
"22302",212
"22303",266
"22304",98
"22305",87
"22306",125
"22307",87
"22308",75
"22309",117
"22310",64
"22311",120
"22312",104
"22313",74
"22314",101
"22315",191
"22316",62
"22317",83
"22318",204
"22319",141
"22320",130
"22321",118
"22322",77
"22323",57
"22324",53
"22325",129
"22326",439
"22327",256
"22328",401
"22329",261
"22330",15
"22331",225
"22332",233
"22333",333
"22334",180
"22335",242
"22336",136
"22337",67
"22338",143
"22339",86
"22340",81
"22341",128
"22342",109
"22343",90
"22344",65
"22345",62
"22346",43
"22347",50
"22348",344
"22349",226
"22350",169
"22351",1
"22352",366
"22353",200
"22354",157
"22355",393
"22356",423
"22357",259
"22358",295
"22359",117
"22360",209
"22361",189
"22362",133
"22363",99
"22364",164
"22365",193
"22366",252
"22367",593
"22371",285
"22372",163
"22374",226
"22375",135
"22376",145
"22377",200
"22378",167
"22379",423
"22380",300
"22381",349
"22382",790
"22383",664
"22384",681
"22385",412
"22386",601
"22389",74
"22390",56
"22391",45
"22393",75
"22394",43
"22395",31
"22396",122
"22398",273
"22399",180
"22400",159
"22402",158
"22403",137
"22405",173
"22406",145
"22407",55
"22408",72
"22409",108
"22410",136
"22411",658
"22412",166
"22413",446
"22414",92
"22415",156
"22416",122
"22417",521
"22418",332
"22419",191
"22420",111
"22421",172
"22422",119
"22423",1314
"22424",310
"22425",195
"22426",182
"22427",460
"22428",126
"22429",364
"22430",230
"22431",269
"22432",266
"22433",211
"22434",203
"22435",303
"22436",173
"22437",258
"22438",117
"22439",216
"22440",187
"22441",295
"22442",140
"22443",193
"22444",249
"22445",147
"22446",61
"22447",41
"22448",79
"22449",155
"22450",117
"22451",134
"22452",112
"22453",78
"22454",115
"22456",385
"22457",874
"22458",121
"22459",124
"22460",206
"22461",82
"22464",397
"22465",270
"22466",199
"22467",398
"22468",196
"22469",886
"22470",827
"22471",91
"22472",131
"22473",120
"22474",144
"22475",115
"22476",145
"22477",155
"22478",176
"22479",129
"22480",197
"22481",132
"22482",154
"22483",223
"22485",280
"22486",22
"22487",611
"22488",426
"22489",417
"22491",264
"22492",363
"22493",244
"22494",200
"22495",165
"22496",153
"22497",160
"22498",211
"22499",452
"22500",155
"22501",346
"22502",335
"22503",29
"22504",55
"22505",397
"22507",445
"22508",400
"22509",142
"22510",70
"22511",90
"22512",54
"22513",106
"22514",151
"22515",139
"22516",106
"22517",106
"22518",141
"22519",142
"22520",256
"22521",257
"22522",249
"22523",248
"22524",188
"22525",189
"22526",153
"22528",284
"22529",114
"22530",285
"22531",251
"22532",130
"22533",162
"22534",353
"22535",204
"22536",243
"22537",225
"22538",56
"22539",138
"22540",114
"22541",34
"22543",72
"22544",196
"22545",106
"22546",106
"22547",84
"22548",293
"22549",403
"22550",275
"22551",616
"22553",507
"22554",587
"22555",521
"22556",591
"22557",580
"22558",541
"22559",118
"22560",420
"22561",556
"22562",251
"22563",293
"22564",208
"22565",173
"22566",192
"22567",287
"22568",389
"22569",360
"22570",351
"22571",294
"22572",211
"22573",235
"22574",253
"22575",207
"22576",191
"22577",517
"22578",484
"22579",347
"22580",275
"22581",208
"22582",225
"22583",250
"22584",417
"22585",612
"22586",184
"22587",194
"22588",320
"22589",170
"22591",148
"22592",207
"22593",247
"22594",232
"22595",481
"22596",309
"22597",167
"22598",82
"22599",114
"22600",278
"22601",257
"22602",305
"22603",236
"22604",162
"22605",377
"22606",269
"22607",419
"22608",75
"22609",118
"22610",157
"22611",135
"22612",83
"22613",166
"22614",222
"22615",110
"22616",319
"22617",600
"22618",180
"22619",421
"22620",449
"22621",507
"22622",346
"22623",334
"22624",579
"22625",440
"22626",200
"22627",322
"22628",172
"22629",456
"22630",423
"22631",271
"22632",438
"22633",473
"22634",322
"22635",325
"22636",312
"22637",329
"22638",56
"22639",192
"22640",58
"22641",49
"22642",113
"22643",72
"22644",304
"22645",341
"22646",404
"22647",60
"22649",200
"22650",150
"22651",112
"22652",440
"22653",156
"22654",300
"22655",45
"22656",30
"22657",7
"22659",294
"22660",96
"22661",246
"22662",426
"22663",268
"22664",107
"22665",326
"22666",701
"22667",406
"22668",296
"22669",263
"22670",218
"22671",140
"22672",227
"22673",130
"22674",182
"22675",179
"22676",105
"22677",101
"22678",92
"22679",88
"22680",97
"22681",79
"22682",84
"22683",88
"22684",81
"22685",82
"22686",70
"22687",97
"22688",77
"22689",182
"22690",278
"22691",124
"22692",293
"22693",197
"22694",484
"22695",151
"22696",203
"22697",480
"22698",402
"22699",524
"22700",79
"22701",65
"22702",66
"22703",57
"22704",207
"22705",114
"22706",109
"22707",70
"22708",115
"22709",68
"22710",112
"22711",148
"22712",209
"22713",148
"22714",187
"22715",125
"22716",244
"22717",118
"22718",114
"22719",69
"22720",640
"22721",183
"22722",394
"22723",170
"22725",217
"22726",404
"22727",473
"22728",357
"22729",236
"22730",289
"22731",165
"22732",195
"22733",216
"22734",444
"22735",133
"22736",232
"22737",300
"22738",274
"22739",329
"22740",163
"22741",132
"22742",132
"22743",199
"22744",196
"22745",377
"22746",319
"22747",241
"22748",410
"22749",383
"22750",362
"22751",269
"22752",323
"22753",205
"22754",237
"22755",243
"22756",124
"22757",161
"22758",151
"22759",472
"22760",82
"22761",27
"22762",91
"22763",95
"22764",23
"22765",36
"22766",343
"22767",197
"22768",243
"22769",32
"22770",49
"22771",201
"22772",105
"22773",95
"22774",75
"22775",98
"22776",420
"22777",67
"22778",107
"22779",112
"22780",110
"22781",160
"22782",75
"22783",38
"22784",234
"22785",82
"22786",62
"22788",51
"22789",138
"22790",1
"22791",226
"22792",128
"22794",130
"22795",227
"22796",201
"22797",98
"22798",173
"22799",85
"22800",149
"22801",173
"22802",39
"22803",22
"22804",351
"22805",89
"22806",42
"22807",125
"22808",58
"22809",259
"22810",213
"22811",51
"22812",270
"22813",222
"22814",101
"22815",111
"22816",258
"22817",104
"22818",252
"22819",125
"22820",67
"22821",83
"22822",139
"22823",17
"22824",47
"22825",32
"22826",33
"22827",29
"22828",9
"22829",83
"22830",14
"22831",101
"22832",71
"22833",9
"22834",300
"22835",451
"22837",221
"22838",184
"22839",142
"22840",281
"22841",219
"22842",183
"22843",135
"22844",229
"22845",192
"22846",189
"22847",264
"22848",75
"22849",101
"22850",1
"22851",306
"22852",108
"22853",100
"22854",169
"22855",271
"22856",25
"22857",60
"22858",104
"22859",115
"22860",85
"22861",36
"22862",143
"22863",120
"22864",1
"22865",566
"22866",530
"22867",521
"22868",13
"22869",24
"22870",16
"22871",11
"22872",16
"22873",17
"22874",15
"22875",17
"22876",12
"22877",18
"22878",13
"22879",7
"22880",10
"22881",9
"22882",18
"22883",9
"22884",14
"22885",13
"22886",8
"22887",10
"22888",9
"22889",8
"22890",148
"22891",108
"22892",162
"22893",70
"22894",125
"22895",232
"22896",187
"22897",190
"22898",261
"22899",249
"22900",252
"22902",102
"22903",39
"22904",269
"22905",111
"22906",274
"22907",445
"22908",266
"22909",578
"22910",701
"22911",115
"22912",81
"22913",84
"22914",117
"22915",116
"22916",135
"22917",138
"22918",135
"22919",136
"22920",138
"22921",121
"22922",82
"22923",70
"22924",69
"22925",130
"22926",152
"22927",101
"22928",64
"22929",17
"22930",120
"22931",95
"22932",51
"22933",82
"22934",65
"22935",46
"22936",30
"22937",122
"22938",237
"22939",109
"22940",392
"22941",315
"22942",176
"22943",215
"22944",89
"22945",244
"22946",152
"22947",124
"22948",93
"22949",130
"22950",256
"22951",345
"22952",570
"22953",76
"22954",28
"22955",131
"22956",189
"22957",179
"22959",251
"22960",583
"22961",558
"22962",183
"22963",170
"22964",228
"22965",187
"22966",422
"22967",122
"22968",182
"22969",472
"22970",180
"22971",164
"22972",147
"22973",88
"22974",128
"22975",113
"22976",81
"22977",101
"22978",153
"22979",225
"22980",198
"22981",58
"22982",120
"22983",264
"22984",115
"22985",101
"22986",162
"22987",10
"22988",207
"22989",241
"22990",117
"22991",185
"22992",217
"22993",431
"22994",89
"22995",90
"22996",155
"22997",101
"22998",217
"22999",108
"23000",125
"23002",85
"23003",38
"23004",73
"23005",105
"23006",88
"23007",110
"23008",99
"23009",48
"23010",73
"23012",151
"23013",135
"23014",122
"23015",15
"23016",19
"23017",20
"23018",19
"23019",26
"23020",67
"23021",24
"23022",19
"23023",23
"23024",8
"23025",40
"23026",43
"23027",26
"23028",88
"23029",97
"23031",93
"23032",117
"23033",42
"23034",57
"23035",110
"23036",14
"23037",17
"23038",4
"23039",22
"23040",33
"23041",46
"23042",25
"23043",18
"23044",24
"23045",22
"23046",31
"23047",25
"23048",81
"23049",103
"23050",116
"23051",95
"23052",147
"23053",105
"23054",81
"23055",33
"23056",33
"23057",38
"23058",39
"23060",34
"23061",76
"23064",20
"23065",81
"23066",69
"23067",63
"23068",106
"23069",27
"23070",29
"23071",16
"23072",21
"23073",49
"23074",32
"23075",61
"23076",202
"23077",217
"23078",159
"23079",83
"23080",148
"23081",80
"23082",205
"23083",161
"23084",450
"23085",64
"23086",31
"23087",43
"23088",52
"23089",101
"23090",96
"23091",160
"23092",96
"23093",105
"23094",65
"23096",89
"23099",46
"23100",180
"23101",175
"23102",128
"23103",231
"23104",38
"23106",49
"23107",60
"23108",271
"23109",178
"23110",157
"23111",80
"23112",134
"23113",39
"23114",40
"23115",38
"23116",17
"23117",39
"23118",154
"23119",97
"23120",69
"23121",81
"23122",89
"23123",64
"23124",23
"23125",15
"23126",198
"23127",146
"23128",112
"23129",138
"23130",139
"23131",91
"23132",115
"23133",94
"23134",29
"23135",31
"23136",39
"23137",18
"23138",60
"23139",20
"23140",29
"23141",18
"23142",34
"23143",12
"23144",180
"23145",128
"23146",151
"23147",170
"23148",143
"23149",17
"23150",33
"23151",18
"23152",108
"23153",67
"23154",141
"23155",84
"23156",117
"23157",111
"23158",96
"23159",121
"23160",50
"23161",58
"23162",96
"23163",95
"23164",70
"23165",167
"23166",138
"23167",129
"23168",140
"23169",203
"23170",224
"23171",195
"23172",160
"23173",248
"23174",190
"23175",206
"23176",159
"23177",174
"23178",50
"23179",36
"23180",29
"23181",60
"23182",140
"23183",45
"23184",129
"23185",27
"23186",57
"23187",66
"23188",207
"23189",89
"23190",145
"23191",182
"23192",224
"23193",109
"23194",142
"23196",170
"23197",116
"23198",259
"23199",344
"23200",262
"23201",396
"23202",377
"23203",505
"23204",199
"23205",201
"23206",401
"23207",377
"23208",305
"23209",469
"23210",115
"23211",82
"23212",104
"23213",95
"23214",79
"23215",162
"23216",32
"23217",64
"23218",27
"23219",41
"23220",55
"23221",85
"23222",49
"23223",51
"23224",44
"23225",46
"23226",56
"23227",61
"23228",58
"23229",186
"23230",178
"23231",190
"23232",188
"23233",130
"23234",201
"23235",88
"23236",203
"23237",131
"23238",150
"23239",125
"23240",323
"23241",183
"23242",132
"23243",275
"23244",87
"23245",472
"23247",231
"23249",57
"23250",64
"23251",80
"23252",104
"23253",44
"23254",204
"23255",116
"23256",232
"23263",269
"23264",177
"23265",180
"23266",201
"23267",79
"23268",68
"23269",63
"23270",96
"23271",69
"23272",34
"23273",88
"23274",85
"23275",171
"23280",87
"23281",56
"23282",67
"23283",146
"23284",378
"23285",108
"23286",125
"23287",114
"23288",107
"23289",111
"23290",125
"23291",104
"23292",113
"23293",323
"23294",214
"23295",250
"23296",243
"23297",123
"23298",573
"23299",110
"23300",351
"23301",405
"23302",140
"23303",6
"23304",9
"23305",9
"23306",182
"23307",366
"23308",209
"23309",178
"23310",146
"23311",246
"23312",168
"23313",254
"23314",87
"23315",63
"23316",75
"23317",56
"23318",270
"23319",300
"23320",260
"23321",378
"23322",350
"23323",210
"23324",38
"23325",27
"23326",52
"23327",33
"23328",195
"23329",168
"23330",158
"23331",67
"23332",207
"23333",179
"23334",83
"23335",62
"23336",46
"23337",49
"23338",62
"23339",43
"23340",112
"23341",75
"23342",105
"23343",286
"23344",391
"23345",100
"23346",106
"23347",51
"23348",95
"23349",214
"23350",205
"23351",242
"23352",151
"23353",227
"23354",235
"23355",474
"23356",316
"23357",79
"23358",61
"23359",73
"23360",94
"23365",107
"23366",115
"23367",184
"23368",134
"23369",80
"23370",86
"23371",98
"23372",76
"23373",86
"23374",108
"23375",85
"23376",104
"23377",69
"23378",127
"23379",49
"23380",86
"23381",59
"23382",136
"23388",115
"23389",159
"23390",117
"23391",58
"23392",70
"23393",165
"23394",90
"23395",141
"23396",134
"23397",139
"23398",53
"23399",146
"23400",76
"23401",59
"23402",47
"23403",80
"23404",104
"23405",54
"23406",65
"23407",103
"23408",53
"23409",39
"23410",16
"23411",42
"23412",64
"23413",34
"23414",58
"23415",42
"23416",18
"23417",21
"23418",55
"23419",56
"23420",26
"23421",24
"23422",29
"23423",47
"23424",87
"23425",35
"23426",126
"23427",87
"23428",25
"23429",19
"23430",16
"23431",63
"23432",65
"23433",76
"23434",129
"23435",40
"23436",91
"23437",108
"23438",88
"23439",268
"23440",5
"23441",3
"23442",7
"23444",63
"23445",81
"23446",3
"23447",4
"23448",3
"23449",1
"23451",38
"23452",69
"23453",40
"23454",41
"23455",32
"23456",33
"23457",27
"23458",30
"23459",19
"23460",41
"23461",75
"23462",43
"23463",7
"23464",6
"23465",15
"23466",20
"23467",5
"23468",11
"23469",61
"23470",70
"23471",26
"23472",29
"23473",41
"23474",26
"23475",25
"23476",18
"23477",8
"23478",9
"23479",35
"23480",143
"23481",23
"23482",32
"23483",57
"23484",25
"23485",70
"23486",64
"23487",41
"23489",125
"23490",83
"23491",64
"23492",24
"23493",282
"23494",145
"23495",21
"23496",21
"23497",150
"23498",77
"23499",86
"23500",76
"23501",77
"23502",80
"23503",284
"23504",164
"23505",93
"23506",114
"23507",91
"23508",95
"23509",51
"23510",90
"23511",83
"23512",46
"23513",59
"23514",57
"23515",58
"23516",39
"23517",50
"23518",40
"23519",18
"23520",30
"23521",21
"23522",20
"23523",35
"23524",42
"23525",38
"23526",79
"23527",40
"23528",30
"23529",26
"23530",60
"23531",77
"23532",23
"23533",27
"23534",159
"23535",135
"23536",68
"23537",20
"23538",25
"23539",32
"23540",9
"23541",97
"23542",55
"23543",81
"23544",17
"23545",76
"23546",106
"23547",57
"23548",42
"23549",46
"23550",60
"23551",88
"23552",93
"23553",50
"23554",49
"23555",45
"23556",46
"23557",25
"23558",43
"23559",69
"23560",20
"23561",13
"23562",37
"23564",39
"23565",28
"23566",44
"23567",15
"23568",24
"23569",152
"23570",203
"23571",195
"23574",9
"23575",22
"23576",28
"23578",11
"23579",22
"23580",20
"23581",230
"23582",186
"23583",233
"23597",28
"23598",40
"23630",1
"23660",30
"23661",23
"23664",1
"23681",105
"23691",36
"23692",2
"23694",23
"23695",41
"23697",26
"23702",3
"35001B",5
"35001G",46
"35001P",2
"35001W",78
"35004B",64
"35004C",112
"35004G",46
"35004P",17
"35004S",12
"35015",35
"35051B",2
"35071",5
"35085E",7
"35095A",61
"35095B",73
"35096A",18
"35096B",20
"35160",33
"35233",8
"35240",35
"35241",75
"35265",14
"35271S",17
"35400",241
"35443",9
"35471A",41
"35471D",158
"35537",3
"35591T",9
"35594",18
"35596",4
"35597A",4
"35597B",6
"35597D",7
"35598A",3
"35598B",37
"35598C",3
"35598D",43
"35599B",26
"35599D",23
"35600D",11
"35603B",1
"35603C",19
"35607A",27
"35607B",15
"35609A",17
"35610A",8
"35610B",13
"35610C",6
"35611B",2
"35633B",12
"35637A",41
"35637C",14
"35638A",6
"35638B",7
"35644",6
"35645",18
"35646",37
"35647",19
"35648",48
"35649",20
"35650",3
"35651",32
"35652",2
"35653",42
"35654",4
"35751C",2
"35751D",1
"35793",7
"35809A",76
"35809B",21
"35810A",72
"35810B",43
"35811A",24
"35815B",2
"35815P",7
"35816B",2
"35816P",7
"35817B",2
"35817P",9
"35818B",8
"35818P",18
"35819B",26
"35819P",7
"35821B",3
"35821P",2
"35822B",1
"35822P",1
"35823P",2
"35824B",4
"35824C",8
"35824P",2
"35832",132
"35833G",23
"35833P",32
"35837",1
"35838A",18
"35838B",21
"35840",5
"35909A",5
"35909B",6
"35910A",12
"35910B",6
"35911A",38
"35911B",12
"35912B",22
"35913B",17
"35914",25
"35915A",1
"35915B",31
"35915C",23
"35916A",7
"35916B",5
"35916C",9
"35918B",5
"35920",18
"35921",23
"35922",20
"35923",51
"35924",65
"35930",1
"35931",14
"35932",10
"35933",20
"35936",8
"35937",16
"35945",1
"35950",1
"35951",35
"35953",98
"35954",58
"35955",4
"35957",51
"35958",58
"35961",262
"35962",52
"35963",10
"35964",50
"35965",62
"35966",20
"35967",50
"35968",49
"35969",36
"35970",415
"35971",91
"35972",43
"35973",11
"35974",1
"35976B",1
"35979",19
"35980B",2
"35980C",28
"35981C",55
"35991",43
"35995",4
"35999",1
"37112",4
"37326",1
"37327",42
"37330",19
"37333",26
"37340",79
"37342",56
"37343",55
"37345",5
"37348",5
"37351",7
"37352",6
"37370",184
"37379A",5
"37379B",3
"37399",6
"37408",1
"37409",3
"37410",13
"37413",52
"37422",14
"37423",17
"37424",28
"37432",1
"37438",1
"37441",31
"37444A",16
"37444B",14
"37444C",14
"37446",168
"37447",141
"37448",198
"37449",205
"37450",138
"37451",1
"37461",35
"37462B",4
"37462E",9
"37464",45
"37467",28
"37468",11
"37471",4
"37474",33
"37475",45
"37476",22
"37477B",6
"37477C",1
"37479B",20
"37479P",17
"37481",1
"37482B",5
"37482P",50
"37483",10
"37484",1
"37485",10
"37487B",2
"37488A",4
"37489A",21
"37489B",17
"37489C",10
"37489D",20
"37491A",5
"37491B",5
"37491C",7
"37491D",5
"37492A",7
"37492B",33
"37492C",19
"37492D",18
"37494A",18
"37495",206
"37500",147
"37501",106
"37502",97
"37503",256
"37506",21
"37508",35
"37509",14
"40001",39
"40002",1
"40003",34
"40005B",11
"40016",133
"40018E",37
"40018F",69
"40046A",26
"40046C",3
"44089A",11
"44089C",14
"44091A",6
"44091C",10
"44092B",4
"44092C",6
"44217M",1
"44228",3
"44230",25
"44234",28
"44235",16
"44236",9
"44241C",7
"44242A",2
"44242B",8
"44265",4
"45008C",16
"45013",8
"45014",1
"45016",8
"46000M",206
"46000P",37
"46000R",42
"46000S",240
"46000U",39
"46037A",2
"46115B",19
"46118",23
"46126A",23
"46137D",2
"46138B",12
"46138D",1
"46307",4
"46775A",3
"46775B",3
"46775D",28
"46775E",8
"46776A",19
"46776B",16
"46776C",14
"46776D",7
"46776E",9
"46776F",13
"47013A",21
"47013C",18
"47016",4
"47021G",28
"47310M",37
"47341A",7
"47341B",13
"47343A",21
"47344B",10
"47347B",6
"47348A",12
"47351B",11
"47367B",35
"47369A",10
"47369B",10
"47420",23
"47421",23
"47422",28
"47469",21
"47471",35
"47480",62
"47481",31
"47502",40
"47503A",146
"47503E",21
"47503F",10
"47503G",21
"47503H",45
"47503J",31
"47503K",29
"47504E",31
"47504F",12
"47504G",38
"47504H",81
"47504J",2
"47504K",210
"47505",129
"47518F",22
"47552A",11
"47554",1
"47556",1
"47556B",209
"47559B",303
"47562",16
"47563A",39
"47563B",6
"47566",894
"47566B",350
"47567B",179
"47568",179
"47569",1
"47570",47
"47570B",129
"47574A",44
"47574B",25
"47578A",42
"47579",37
"47580",158
"47581B",24
"47583A",5
"47583B",6
"47585A",66
"47586A",23
"47587A",7
"47589",59
"47590A",355
"47590B",428
"47591A",32
"47591B",108
"47591C",111
"47591D",526
"47592A",31
"47592B",15
"47593A",36
"47593B",89
"47594A",65
"47594B",67
"47597",34
"47598",17
"47599A",202
"47599B",170
"48103",10
"48111",244
"48116",186
"48129",251
"48138",678
"48173A",1
"48173C",224
"48175",1
"48179",6
"48184",374
"48185",318
"48187",525
"48188",309
"48189",152
"48194",516
"48195",56
"48197",81
"51008",44
"51012C",22
"51012L",5
"51014A",161
"51014C",108
"51014L",111
"51020A",37
"51020B",40
"62018",70
"62043B",8
"62074B",8
"62086A",20
"62094B",20
"62095B",18
"62096A",47
"62096B",42
"62097A",1
"62097B",3
"70006",141
"70007",87
"71028B",7
"71038",85
"71050",7
"71053",293
"71101A",1
"71101E",34
"71143",10
"71215",10
"71270",29
"71279",34
"71403",20
"71406C",21
"71434B",1
"71459",445
"71477",302
"71495A",5
"71495B",8
"71496A",8
"71496B",6
"71510",11
"72008",134
"72023F",34
"72024U",10
"72038P",9
"72045D",3
"72051S",18
"72083A",7
"72084B",1
"72122",80
"72127",49
"72128",61
"72129",16
"72130",39
"72131",42
"72132",22
"72133",24
"72134",15
"72140E",26
"72140F",14
"72225C",25
"72225D",9
"72232",72
"72267",38
"72349B",123
"72351A",174
"72351B",208
"72369A",8
"72484",45
"72487",13
"72529W",39
"72586",95
"72598",74
"72606A",18
"72708",5
"72709",10
"72715",8
"72724",9
"72728",44
"72739B",10
"72739C",10
"72740A",5
"72741",510
"72750A",13
"72750B",31
"72750C",12
"72750D",11
"72751A",1
"72751B",1
"72751C",1
"72752A",1
"72752B",2
"72753A",10
"72753B",11
"72753C",5
"72753D",9
"72754A",4
"72754B",8
"72754D",1
"72755C",12
"72755D",12
"72756",114
"72760B",301
"72771B",6
"72771C",4
"72772",8
"72779",14
"72780",36
"72781",11
"72783",7
"72785A",4
"72785B",3
"72789",42
"72793",5
"72796A",5
"72796B",11
"72796C",1
"72798C",10
"72799A",14
"72799B",7
"72799C",32
"72799D",12
"72799E",105
"72799F",62
"72800A",19
"72800B",52
"72800C",49
"72800D",50
"72800E",139
"72800F",51
"72801C",40
"72801D",33
"72801E",19
"72801F",20
"72801G",43
"72802A",112
"72802B",119
"72802C",143
"72803A",61
"72803B",28
"72805",3
"72807A",95
"72807B",112
"72807C",164
"72811",18
"72812",14
"72814",42
"72815",53
"72816",65
"72817",97
"72818",82
"72819",59
"72821",13
"75011",11
"75013B",48
"75049L",106
"75131",40
"75149N",18
"75172",11
"75178",11
"77079",10
"77081",17
"77101A",55
"78026",1
"78027",3
"78033",13
"78034B",9
"78056",1
"78124",25
"79000",195
"79026B",17
"79029",201
"79030A",18
"79030D",35
"79030G",69
"79051A",39
"79062D",4
"79063C",13
"79063D",9
"79065A",1
"79066K",103
"79067",160
"79071B",51
"79072",41
"79140",2
"79144B",36
"79144C",19
"79149B",11
"79151B",2
"79157B",3
"79157V",3
"79160",51
"79161A",16
"79163",44
"79164",43
"79172D",4
"79190A",42
"79190B",57
"79190D",44
"79191B",46
"79191C",107
"79191D",28
"79192A",26
"79301",1
"79302M",40
"79303A",1
"79303B",4
"79303D",5
"79308B",1
"79315W",6
"79320",67
"79321",304
"79323B",35
"79323G",37
"79323GR",60
"79323LP",107
"79323P",132
"79323S",38
"79323W",174
"79328",6
"79329",7
"79331",8
"79336",13
"79337",16
"79338",8
"79341",49
"79342B",22
"79403",19
"79406",14
"79413",7
"79532",15
"79534",14
"81950B",21
"81950V",10
"81952B",14
"81952V",27
"81953B",5
"81953P",5
"81985A",7
"82001S",86
"82011A",19
"82011B",23
"82011C",36
"82011E",2
"82069",2
"82072",3
"82076",5
"82081",11
"82093",7
"82095",21
"82482",601
"82483",361
"82484",451
"82486",365
"82494L",631
"82545A",11
"82551",306
"82552",346
"82553",14
"82567",136
"82578",322
"82580",443
"82581",371
"82582",258
"82583",323
"82585",18
"82587",26
"82597",106
"82599",185
"82600",385
"82605",65
"82607A",65
"82607C",16
"82607E",18
"82613A",63
"82613B",73
"82613C",56
"82613D",98
"82615",60
"82616A",42
"82616B",57
"82616C",57
"84006",86
"84007",30
"84012",127
"84016",43
"84029C",27
"84029D",12
"84029E",500
"84029G",386
"84030B",2
"84030C",4
"84030E",254
"84031A",95
"84031B",80
"84032A",227
"84032B",288
"84033",41
"84050",308
"84051",50
"84077",482
"84078A",151
"84081",14
"84086B",7
"84086C",25
"84192",29
"84199",58
"84201B",6
"84201C",3
"84205C",1
"84206A",9
"84206B",2
"84206C",4
"84212",140
"84218",74
"84219",24
"84226",17
"84227",13
"84228",19
"84231",28
"84247C",22
"84247E",68
"84247G",54
"84247H",12
"84247J",2
"84247K",20
"84247L",62
"84247N",33
"84249A",18
"84249D",48
"84250M",1
"84251B",19
"84251C",13
"84251F",26
"84251G",32
"84251J",4
"84255A",2
"84255B",11
"84270",249
"84279B",140
"84279P",169
"84288B",19
"84292",11
"84292B",4
"84306",18
"84311",1
"84313A",10
"84313B",24
"84313C",29
"84327A",78
"84340",5
"84341B",79
"84347",300
"84352",90
"84356",58
"84358",11
"84360",14
"84366",2
"84367",6
"84371",4
"84375",389
"84378",601
"84380",490
"84387A",1
"84388",21
"84396",22
"84402B",4
"84402D",9
"84405A",40
"84406B",318
"84414B",7
"84415A",3
"84415B",3
"84422",19
"84424A",10
"84425A",8
"84427B",5
"84429A",22
"84437A",17
"84447",7
"84450A",4
"84450B",7
"84452",23
"84454",11
"84455",15
"84456",12
"84457",37
"84458",17
"84459A",96
"84459B",115
"84461",33
"84462",13
"84464",10
"84465",18
"84466",34
"84467",40
"84469",35
"84472",23
"84482",22
"84493",5
"84497",29
"84499",16
"84507B",52
"84507C",27
"84508A",51
"84508B",40
"84508C",22
"84509A",180
"84509B",101
"84509C",45
"84509E",11
"84509F",32
"84509G",96
"84510A",200
"84510B",71
"84510C",49
"84510E",12
"84510F",23
"84519A",96
"84519B",98
"84520B",327
"84520D",53
"84522",19
"84526",23
"84527",19
"84529A",9
"84529B",2
"84529C",9
"84531A",35
"84531B",35
"84532B",21
"84533B",17
"84534B",69
"84535A",44
"84535B",141
"84536A",227
"84536B",131
"84537B",10
"84539",9
"84546",3
"84548",11
"84549",9
"84550",4
"84551",6
"84555A",13
"84558A",116
"84559A",107
"84559B",97
"84559D",23
"84562A",48
"84562B",5
"84563A",26
"84563B",27
"84564",9
"84567",1
"84568",49
"84569A",59
"84569B",54
"84569C",45
"84569D",82
"84570B",2
"84572",1
"84575A",13
"84575B",3
"84576",19
"84578",67
"84580",197
"84581",125
"84582",9
"84584",47
"84586L",9
"84592",33
"84593",7
"84595B",13
"84595E",22
"84596B",256
"84596E",90
"84596F",216
"84596G",118
"84596I",9
"84596J",50
"84596K",48
"84596L",78
"84597B",11
"84597C",21
"84598",30
"84599",2
"84600",31
"84601A",9
"84608",4
"84609",23
"84611B",4
"84612B",4
"84613A",9
"84613C",11
"84614A",7
"84614C",1
"84615",13
"84616",19
"84617",7
"84619",22
"84620",41
"84621",9
"84622",7
"84623",8
"84625A",40
"84625B",15
"84625C",29
"84625D",36
"84626",1
"84627",15
"84629",12
"84630",1
"84631",19
"84632",8
"84637",28
"84638",27
"84648",1
"84653",8
"84656",12
"84657",14
"84658",50
"84659A",55
"84660A",34
"84660B",26
"84660C",29
"84661A",22
"84661B",21
"84661C",12
"84663A",34
"84664",17
"84665",25
"84666",13
"84670",114
"84671B",20
"84673A",57
"84673B",65
"84674",67
"84675",39
"84676",76
"84678",52
"84679",4
"84680",14
"84682",31
"84683",18
"84684",17
"84685",46
"84686",33
"84687",43
"84688",39
"84689",29
"84690",12
"84691",124
"84692",348
"84705A",5
"84705B",2
"84705C",5
"84705D",3
"84705F",4
"84706A",6
"84706B",8
"84706C",4
"84706D",14
"84706F",15
"84707A",36
"84707B",22
"84708B",36
"84709A",11
"84709B",32
"84711A",13
"84711B",11
"84712B",29
"84715",35
"84720",3
"84721",2
"84723",11
"84725",24
"84726",4
"84731",3
"84732B",6
"84732D",6
"84741C",42
"84743C",5
"84744",26
"84745A",13
"84745B",15
"84746",6
"84748",27
"84750A",42
"84750B",43
"84751B",18
"84753A",14
"84754",129
"84755",524
"84757",4
"84760L",1
"84760S",24
"84761",33
"84762A",24
"84762B",19
"84762C",18
"84763",106
"84765",4
"84766",24
"84767",4
"84770",14
"84773",34
"84782A",24
"84782B",6
"84782C",18
"84789",81
"84791",66
"84792",248
"84795A",34
"84795B",56
"84795C",70
"84795D",53
"84795E",3
"84796A",23
"84796B",28
"84797A",21
"84797B",22
"84798A",9
"84798B",8
"84798C",3
"84799",26
"84800L",32
"84800M",25
"84800S",19
"84801A",14
"84801B",14
"84802A",21
"84802B",16
"84803A",16
"84803B",10
"84804A",15
"84804B",17
"84805A",7
"84805B",7
"84806A",19
"84806B",28
"84807",7
"84809A",18
"84809B",7
"84813",53
"84814A",1
"84814B",2
"84815",34
"84816",18
"84817",70
"84818",122
"84819",82
"84820",46
"84821",50
"84823",29
"84824",23
"84826",48
"84827",23
"84828",146
"84830",7
"84832",281
"84836",662
"84837",109
"84838",3
"84839",219
"84840",110
"84842",22
"84843",66
"84845A",1
"84845C",14
"84845D",11
"84846A",39
"84847",32
"84849A",52
"84849B",123
"84849D",122
"84854",42
"84855",10
"84856L",46
"84856S",25
"84857A",2
"84857B",1
"84857C",13
"84858A",7
"84858B",8
"84858C",22
"84859A",40
"84859B",14
"84859C",29
"84864A",3
"84865",26
"84867A",3
"84868A",2
"84868B",4
"84869",18
"84870B",22
"84870C",21
"84872A",6
"84873A",5
"84874B",26
"84875A",10
"84875B",16
"84875D",17
"84876B",22
"84876C",4
"84876D",24
"84877A",14
"84877B",13
"84877D",14
"84879",1010
"84880",185
"84881",21
"84882",22
"84884A",195
"84886",8
"84891B",5
"84893",12
"84898F",37
"84899E",11
"84899F",20
"84901",44
"84902",28
"84905",19
"84906",14
"84907",12
"84908A",4
"84908B",2
"84909A",24
"84910A",37
"84912A",59
"84912B",56
"84913A",26
"84913B",27
"84914A",2
"84915",15
"84916",28
"84917",16
"84918",15
"84919",20
"84920",43
"84921",13
"84922",9
"84923",5
"84924A",41
"84924D",11
"84924F",8
"84925A",14
"84925C",10
"84925D",24
"84925E",3
"84925F",29
"84926A",29
"84926B",8
"84926C",17
"84926D",29
"84926E",40
"84926F",24
"84927A",22
"84927D",22
"84927E",22
"84927F",44
"84929",82
"84931A",42
"84931B",44
"84932A",22
"84932B",17
"84932C",31
"84932D",16
"84933A",5
"84933B",5
"84933C",6
"84934",12
"84937",50
"84942",3
"84944",122
"84945",344
"84946",641
"84947",312
"84948",28
"84949",330
"84950",156
"84951A",37
"84951B",31
"84952A",13
"84952B",15
"84952C",18
"84962",2
"84963A",8
"84963B",5
"84964A",2
"84964B",2
"84965A",2
"84965B",3
"84966A",3
"84966B",3
"84966C",1
"84967A",2
"84967B",8
"84967C",3
"84968A",66
"84968B",51
"84968C",64
"84968D",45
"84968E",41
"84968F",52
"84969",100
"84970L",463
"84970S",616
"84971L",37
"84971S",180
"84972L",41
"84974",52
"84975",115
"84976",40
"84977",34
"84978",525
"84984A",12
"84984B",13
"84984C",11
"84984D",14
"84985A",95
"84985B",12
"84986B",58
"84987",406
"84988",379
"84989A",95
"84989B",34
"84990",112
"84991",822
"84992",614
"84993A",88
"84993B",57
"84997A",278
"84997B",433
"84997C",426
"84997D",431
"85006",32
"85007",16
"85008",77
"85014A",361
"85014B",437
"85014C",55
"85014D",73
"85015",133
"85016",60
"85017A",45
"85017B",98
"85017C",44
"85018A",10
"85018B",10
"85018C",4
"85018D",57
"85019A",37
"85019B",31
"85019C",18
"85020",36
"85023A",9
"85023B",32
"85023C",10
"85024A",1
"85024B",19
"85024C",33
"85025B",55
"85025C",73
"85026B",20
"85027L",36
"85028L",22
"85028S",29
"85030",26
"85031A",36
"85031B",25
"85031C",23
"85032A",103
"85032B",95
"85032C",85
"85032D",89
"85033G",16
"85033S",34
"85034A",92
"85034B",95
"85034C",130
"85035A",113
"85035B",75
"85035C",129
"85036A",117
"85036B",70
"85036C",99
"85038",191
"85039A",61
"85039B",84
"85039C",27
"85040A",193
"85040B",132
"85041",64
"85042",142
"85043",1
"85044",26
"85045",60
"85047",137
"85048",309
"85049A",387
"85049B",224
"85049C",303
"85049D",263
"85049E",434
"85049F",206
"85049G",288
"85049H",154
"85050",1
"85053",185
"85054",107
"85055",62
"85059",108
"85060",53
"85061W",201
"85062",172
"85063",104
"85064",172
"85065",162
"85066",471
"85067",110
"85068",130
"85069",1
"85070",3
"85071A",106
"85071B",123
"85071C",85
"85071D",78
"85072",1
"85078",63
"85079",6
"85080",19
"85081",20
"85083",2
"85084",53
"85086A",44
"85087",21
"85088",38
"85089",15
"85090",26
"85091",14
"85092",14
"85093",57
"85094",40
"85095",9
"85096",42
"85097B",25
"85098B",61
"85099B",978
"85099C",506
"85099F",549
"85103",46
"85104",40
"85106",40
"85107",56
"85109",17
"85110",17
"85111",50
"85112",20
"85113",36
"85114A",46
"85114B",99
"85114C",79
"85115B",1
"85116",40
"85117",29
"85118",55
"85119",36
"85121B",27
"85121C",39
"85123A",1490
"85124A",43
"85124B",45
"85124C",51
"85125",32
"85126",22
"85127",30
"85128",2
"85129A",51
"85129B",26
"85129C",37
"85129D",59
"85130A",59
"85130B",50
"85130C",51
"85130D",63
"85131A",64
"85131B",12
"85131C",20
"85131D",25
"85132A",98
"85132B",73
"85132C",144
"85135A",40
"85135B",67
"85135C",57
"85136A",64
"85136B",39
"85136C",70
"85141",57
"85142",26
"85144",61
"85145",27
"85146",23
"85147",14
"85150",369
"85151",8
"85152",486
"85159A",41
"85159B",53
"85160A",20
"85160B",28
"85161",16
"85162A",14
"85162B",5
"85162C",11
"85163A",35
"85163B",26
"85164B",27
"85165",9
"85166A",8
"85166B",28
"85167A",12
"85167B",38
"85168A",12
"85168B",17
"85169A",79
"85169B",31
"85169C",27
"85169D",39
"85170A",45
"85170B",19
"85170C",40
"85170D",48
"85171",1
"85172",110
"85173",70
"85174",126
"85175",199
"85176",115
"85177",87
"85178",177
"85179A",24
"85179B",33
"85179C",10
"85180A",60
"85180B",29
"85183A",104
"85183B",124
"85184B",7
"85184C",186
"85184D",48
"85185B",111
"85185C",24
"85185D",38
"85185E",2
"85185F",16
"85186A",76
"85186B",2
"85186C",75
"85187",75
"85188A",67
"85188B",48
"85189",53
"85190",14
"85192S",2
"85194L",93
"85194S",84
"85195",14
"85196",59
"85197",63
"85198",37
"85199L",136
"85199S",188
"85200",81
"85202",79
"85203",94
"85204",69
"85205A",21
"85205B",36
"85206A",234
"85206B",138
"85208",56
"85211",43
"85212",82
"85213",48
"85214",94
"85215",33
"85216",114
"85217",96
"85218",2
"85220",4
"85221",35
"85222",39
"85224",35
"85225",10
"85226A",95
"85226C",54
"85227",225
"85230A",31
"85230B",49
"85230C",1
"85230D",1
"85230E",44
"85230F",48
"85230G",32
"85231B",181
"85231E",77
"85231G",139
"85231L",81
"85232A",97
"85232B",208
"85232C",1
"85232D",120
"90000A",14
"90000B",9
"90000C",1
"90000D",13
"90001A",3
"90001B",4
"90001C",5
"90001D",7
"90002A",14
"90002B",7
"90002C",8
"90002D",17
"90002E",7
"90003B",9
"90003C",10
"90003D",15
"90003E",3
"90004A",1
"90005A",5
"90010A",12
"90010B",16
"90010E",16
"90011A",2
"90011B",4
"90011C",1
"90011E",1
"90012A",2
"90012B",3
"90013A",8
"90013B",5
"90013C",10
"90013D",7
"90014A",18
"90014B",13
"90014C",13
"90016A",8
"90016B",14
"90016C",4
"90018A",15
"90018B",10
"90018C",7
"90019A",16
"90019B",6
"90019C",7
"90020",2
"90021",4
"90022",4
"90023",7
"90024A",4
"90024B",6
"90024C",5
"90024D",11
"90024E",7
"90024F",2
"90025A",2
"90025B",1
"90025C",2
"90025D",2
"90025E",3
"90025F",2
"90026A",6
"90026B",4
"90026C",5
"90026D",6
"90027A",3
"90027B",3
"90027C",2
"90027D",6
"90028",5
"90029",10
"90030A",8
"90030B",17
"90030C",10
"90031",5
"90032",12
"90033",2
"90034",2
"90035A",7
"90035B",4
"90035C",5
"90036A",10
"90036B",8
"90036C",7
"90036D",11
"90036E",10
"90036F",4
"90037A",4
"90037B",5
"90037C",4
"90037D",1
"90038A",4
"90038B",2
"90038C",3
"90039A",2
"90039B",3
"90039C",3
"90039D",4
"90040A",10
"90040B",17
"90040C",10
"90040D",9
"90041",2
"90042A",6
"90042B",4
"90042C",8
"90043",5
"90046",6
"90048",4
"90049",3
"90050",2
"90051",4
"90052",1
"90054",2
"90055",1
"90056",1
"90057",29
"90058A",12
"90058B",27
"90059A",3
"90059B",4
"90059C",6
"90059D",5
"90059E",5
"90059F",5
"90060B",4
"90060C",3
"90060D",6
"90060F",7
"90062",33
"90063A",10
"90063B",8
"90064A",4
"90064B",8
"90065A",7
"90065B",4
"90066A",2
"90067A",8
"90067B",2
"90069",5
"90070",9
"90071",2
"90072",4
"90073",7
"90074",4
"90075",3
"90076",1
"90077",1
"90078",4
"90079",5
"90081A",15
"90081B",2
"90081C",13
"90082A",16
"90082B",18
"90082C",1
"90082D",28
"90083",6
"90084",8
"90085",14
"90086",12
"90087",13
"90088",8
"90089",11
"90090",12
"90091",2
"90092",6
"90093",15
"90094",20
"90095",2
"90096",10
"90098",22
"90099",16
"90100",7
"90101",4
"90102",3
"90103",5
"90104",11
"90108",12
"90111",6
"90112",13
"90114",19
"90115",11
"90116",11
"90118",3
"90119",6
"90120A",14
"90120B",17
"90120C",12
"90120D",16
"90121B",8
"90122A",14
"90122B",14
"90122C",12
"90123A",14
"90123B",8
"90123C",7
"90123D",7
"90124A",16
"90124B",11
"90124C",7
"90125A",9
"90125B",6
"90125C",5
"90125D",9
"90125E",2
"90126A",3
"90126C",2
"90127A",1
"90127B",2
"90128A",5
"90128B",5
"90128C",3
"90128D",2
"90129A",14
"90129B",17
"90129C",16
"90129D",12
"90129E",10
"90129F",14
"90130A",6
"90130B",4
"90130C",2
"90130D",1
"90131",4
"90133",7
"90134",2
"90135",1
"90135A",2
"90136",2
"90137",8
"90138",5
"90139",3
"90140",2
"90141A",4
"90141B",2
"90141C",4
"90141D",1
"90141E",3
"90142D",4
"90143",15
"90144",11
"90145",16
"90146",12
"90147",24
"90148",15
"90149",6
"90150",7
"90151",5
"90152A",4
"90152B",4
"90152C",4
"90154",6
"90155",12
"90156",7
"90157",14
"90158",11
"90159",13
"90160A",18
"90160B",19
"90160C",25
"90160D",18
"90161A",14
"90161B",21
"90161C",28
"90161D",18
"90162A",8
"90162B",14
"90162C",10
"90162D",7
"90163A",5
"90163B",2
"90164A",7
"90164B",8
"90165A",2
"90165B",5
"90166",7
"90167",53
"90168",3
"90169",3
"90170",10
"90171",2
"90173",7
"90174",4
"90175A",20
"90175B",6
"90175C",15
"90175D",11
"90176A",3
"90176B",2
"90176C",4
"90176D",6
"90176E",2
"90177A",2
"90177B",5
"90177C",6
"90177D",9
"90177E",3
"90178A",14
"90178B",9
"90179A",5
"90179B",5
"90179C",7
"90180A",18
"90180B",10
"90181A",2
"90182C",2
"90183A",6
"90183C",2
"90184A",11
"90184B",23
"90184C",21
"90185A",8
"90185B",12
"90185C",17
"90185D",14
"90186A",14
"90186B",13
"90187A",1
"90187B",2
"90188",3
"90189A",5
"90189B",2
"90190A",8
"90190B",6
"90190C",10
"90191",13
"90192",10
"90194",14
"90195A",24
"90195B",19
"90196A",9
"90196B",9
"90197B",2
"90197D",4
"90198A",21
"90198B",22
"90199A",9
"90199B",12
"90199C",24
"90199D",9
"90200A",32
"90200B",28
"90200C",32
"90200D",41
"90200E",36
"90201A",16
"90201B",14
"90201C",16
"90201D",12
"90202A",3
"90202B",3
"90202C",4
"90202D",5
"90203",18
"90204",9
"90205A",6
"90205C",5
"90206A",5
"90206C",9
"90208",9
"90209A",7
"90209B",9
"90209C",15
"90210A",12
"90210B",15
"90210C",9
"90210D",10
"90211A",5
"90211B",8
"90212B",7
"90212C",5
"90214A",27
"90214B",13
"90214C",21
"90214D",11
"90214E",25
"90214F",11
"90214G",13
"90214H",14
"90214I",10
"90214J",19
"90214K",23
"90214L",20
"90214M",19
"90214N",11
"90214O",11
"90214P",13
"90214R",15
"90214S",26
"90214T",9
"90214U",2
"90214V",7
"90214W",3
"90214Y",4
"90214Z",5
