"stock_code","order_return_rate_pct","line_item_return_rate_pct"
"10002",1.9,1.6
"10002R",0.0,0.0
"10080",0.0,0.0
"10109",0.0,0.0
"10120",1.3,1.1
"10123C",3.1,2.4
"10123G",5.9,4.5
"10124A",0.0,0.0
"10124G",0.0,0.0
"10125",0.0,0.0
"10133",0.7,0.5
"10134",1.9,1.7
"10135",0.6,0.5
"10138",16.0,13.3
"11001",4.2,3.2
"15002",0.0,0.0
"15030",0.0,0.0
"15034",2.3,1.7
"15036",1.4,1.1
"15039",1.3,0.9
"15044A",0.8,0.6
"15044B",0.5,0.4
"15044C",1.7,1.3
"15044D",1.7,1.5
"15056BL",1.3,1.1
"15056N",1.8,1.5
"15056P",2.3,2.0
"15058A",3.9,3.0
"15058B",3.1,2.2
"15058C",1.6,1.1
"15059A",0.0,0.0
"15060B",1.5,1.2
"16008",0.0,0.0
"16010",0.0,0.0
"16011",0.9,0.9
"16012",0.0,0.0
"16014",0.0,0.0
"16015",0.0,0.0
"16016",0.0,0.0
"16020C",0.0,0.0
"16033",7.4,7.3
"16043",13.3,12.5
"16044",0.0,0.0
"16045",0.0,0.0
"16046",3.3,2.6
"16047",3.1,2.5
"16048",0.0,0.0
"16049",0.0,0.0
"16050",0.0,0.0
"16051",0.0,0.0
"16052",2.8,2.0
"16053",9.1,7.7
"16054",2.5,2.4
"16119",0.0,0.0
"16151A",0.0,0.0
"16156L",0.0,0.0
"16156N",0.0,0.0
"16156S",0.7,0.7
"16161C",0.0,0.0
"16161E",0.0,0.0
"16161G",0.0,0.0
"16161M",2.5,2.5
"16161P",0.2,0.2
"16161U",0.9,0.9
"16162L",3.2,2.3
"16162M",0.0,0.0
"16168M",0.0,0.0
"16168S",0.0,0.0
"16169A",0.0,0.0
"16169C",0.0,0.0
"16169D",0.0,0.0
"16169E",1.3,1.3
"16169F",0.0,0.0
"16169G",0.0,0.0
"16169K",0.0,0.0
"16169M",0.0,0.0
"16169N",0.0,0.0
"16169P",2.0,2.0
"16192",0.0,0.0
"16201A",10.0,9.1
"16201B",0.0,0.0
"16202A",12.5,11.5
"16202B",15.4,13.3
"16202C",0.0,0.0
"16202E",6.7,6.3
"16206B",0.0,0.0
"16207A",0.0,0.0
"16207B",0.0,0.0
"16212",0.0,0.0
"16215",0.0,0.0
"16216",2.2,2.9
"16218",0.0,0.0
"16219",0.8,0.5
"16225",0.0,0.0
"16235",1.3,0.9
"16236",0.4,0.3
"16237",0.5,0.4
"16238",0.0,0.0
"16239",0.0,0.0
"16243B",0.0,0.0
"16244A",0.0,0.0
"16244B",0.0,0.0
"16245A",0.0,0.0
"16248B",0.0,0.0
"16254",0.0,0.0
"16256B",0.0,0.0
"16256C",9.1,9.1
"16258A",1.0,0.8
"16258B",0.0,0.0
"16259",6.8,6.8
"17001",8.0,8.0
"17003",1.3,1.3
"17007B",0.0,0.0
"17011A",0.0,0.0
"17011B",0.0,0.0
"17011C",0.0,0.0
"17011D",0.0,0.0
"17011E",0.0,0.0
"17011F",0.0,0.0
"17012A",0.0,0.0
"17012B",0.0,0.0
"17012C",0.0,0.0
"17012D",0.0,0.0
"17012E",0.0,0.0
"17012F",0.0,0.0
"17013B",0.0,0.0
"17013C",33.3,33.3
"17013D",3.1,2.4
"17013F",0.0,0.0
"17014A",0.0,0.0
"17014C",0.0,0.0
"17014D",0.0,0.0
"17014E",0.0,0.0
"17014F",0.0,0.0
"17021",3.8,3.4
"17027A",0.0,0.0
"17028J",0.0,0.0
"17033",1.4,1.3
"17038",0.0,0.0
"17039",0.0,0.0
"17061",0.0,0.0
"17084A",0.0,0.0
"17084G",0.0,0.0
"17084J",0.0,0.0
"17084N",0.0,0.0
"17084P",0.0,0.0
"17084R",0.0,0.0
"17090A",0.0,0.0
"17090D",0.0,0.0
"17091A",0.0,0.0
"17091B",0.0,0.0
"17091F",0.0,0.0
"17091J",0.0,0.0
"17096",0.0,0.0
"17107D",1.1,2.1
"17108D",0.0,0.0
"17109A",0.0,0.0
"17109B",0.0,0.0
"17109C",6.3,6.3
"17109D",2.5,2.3
"17129C",0.0,0.0
"17129D",0.0,0.0
"17129F",1.4,1.2
"17136A",0.0,0.0
"17164B",1.2,1.2
"17164D",0.0,0.0
"17165B",3.4,3.1
"17165D",3.3,3.1
"17174",0.0,0.0
"17178",0.0,0.0
"17181",0.0,0.0
"17191A",0.0,0.0
"18007",1.4,1.0
"18010",0.0,0.0
"18094C",1.0,0.6
"18096C",7.1,4.9
"18097A",0.0,0.0
"18097B",0.0,0.0
"18097C",0.9,0.8
"18098A",0.0,0.0
"18098B",0.0,0.0
"18098C",0.3,0.2
"20615",0.0,0.0
"20616",0.0,0.0
"20617",0.0,0.0
"20618",0.0,0.0
"20619",0.0,0.0
"20620",0.0,0.0
"20621",0.0,0.0
"20622",0.0,0.0
"20652",0.0,0.0
"20653",0.0,0.0
"20654",0.0,0.0
"20655",0.0,0.0
"20657",0.0,0.0
"20658",0.8,0.8
"20659",0.0,0.0
"20660",0.0,0.0
"20661",3.1,1.9
"20662",2.0,1.4
"20663",4.3,2.7
"20664",0.0,0.0
"20665",1.4,1.0
"20666",2.1,1.4
"20667",0.0,0.0
"20668",0.5,0.5
"20669",0.0,0.0
"20670",5.9,3.9
"20671",0.0,0.0
"20672",0.0,0.0
"20673",0.0,0.0
"20674",0.6,0.5
"20675",1.3,1.0
"20676",1.3,1.1
"20677",0.4,0.3
"20678",0.0,0.0
"20679",1.2,1.1
"20680",0.0,0.0
"20681",4.2,3.5
"20682",3.1,2.6
"20683",0.0,0.0
"20684",2.8,2.5
"20685",0.7,0.6
"20686",3.6,3.2
"20688",0.0,0.0
"20689",2.4,1.8
"20692",1.4,1.2
"20693",5.3,4.0
"20694",1.8,1.2
"20695",3.2,2.0
"20696",0.0,0.0
"20697",0.0,0.0
"20698",0.0,0.0
"20699",0.0,0.0
"20700",1.9,1.0
"20701",0.0,0.0
"20702",2.4,2.3
"20703",8.2,8.0
"20704",1.2,1.0
"20705",1.9,1.7
"20707",1.5,0.9
"20711",1.1,0.8
"20712",1.3,0.9
"20713",0.9,0.7
"20714",0.0,0.0
"20715",50.0,50.0
"20716",0.8,0.6
"20717",0.7,0.6
"20718",0.7,0.6
"20719",1.1,0.8
"20721",0.0,0.0
"20723",1.6,1.3
"20724",1.7,1.4
"20725",2.5,2.3
"20726",1.9,1.6
"20727",1.9,1.6
"20728",2.0,1.8
"20729",2.4,1.7
"20730",1.9,1.2
"20731",1.4,1.0
"20733",0.3,0.2
"20734",0.8,0.6
"20735",0.0,0.0
"20736",0.0,0.0
"20737",0.0,0.0
"20738",0.0,0.0
"20739",0.0,0.0
"20747",2.7,2.0
"20748",0.0,0.0
"20749",1.3,1.2
"20750",1.0,0.9
"20751",0.6,0.5
"20752",0.8,0.7
"20753",1.8,1.3
"20754",0.7,0.6
"20755",0.0,0.0
"20756",0.0,0.0
"20757",0.0,0.0
"20758",1.0,0.8
"20759",0.0,0.0
"20760",0.0,0.0
"20761",0.7,0.6
"20762",0.7,0.6
"20763",1.3,1.1
"20764",0.5,0.4
"20765",1.4,1.1
"20766",0.6,0.5
"20767",1.1,0.9
"20768",0.0,0.0
"20769",0.0,0.0
"20770",1.0,0.7
"20771",0.7,0.6
"20772",1.8,1.5
"20773",0.8,0.7
"20774",0.8,0.6
"20775",0.0,0.0
"20776",0.0,0.0
"20777",1.2,0.8
"20778",2.2,1.9
"20779",100.0,100.0
"20780",1.0,0.7
"20781",4.7,3.6
"20782",2.2,1.6
"20783",6.7,4.9
"20784",2.5,1.4
"20785",2.6,1.7
"20786",5.7,3.3
"20787",0.0,0.0
"20791",50.0,50.0
"20793",4.3,3.3
"20794",7.7,5.6
"20795",9.4,6.8
"20796",0.0,0.0
"20798",15.2,11.0
"20799",6.9,6.8
"20800",0.0,0.0
"20801",1.8,1.3
"20802",3.3,3.1
"20803",3.4,2.7
"20804",1.6,1.0
"20812",0.0,0.0
"20814",7.1,12.5
"20816",12.5,12.5
"20818",0.0,0.0
"20819",0.0,0.0
"20820",0.0,0.0
"20821",10.3,6.7
"20822",50.0,50.0
"20823",5.0,4.5
"20825",11.1,9.1
"20826",0.0,0.0
"20827",0.0,0.0
"20828",0.8,0.7
"20829",2.8,2.4
"20830",4.6,4.0
"20831",1.3,0.9
"20832",1.9,1.4
"20833",16.7,16.7
"20835",0.0,0.0
"20836",8.3,8.3
"20837",0.0,0.0
"20838",1.6,1.1
"20839",0.0,0.0
"20840",3.1,2.3
"20845",0.0,0.0
"20846",0.0,0.0
"20847",3.6,5.6
"20848",0.0,0.0
"20849",0.0,0.0
"20850",0.0,0.0
"20851",3.4,3.2
"20852",0.0,0.0
"20854",1.8,1.5
"20855",2.1,2.1
"20856",1.6,1.2
"20857",2.7,2.5
"20858",0.0,0.0
"20860",0.0,0.0
"20861",0.0,0.0
"20862",2.6,2.1
"20863",2.0,1.7
"20864",3.3,2.9
"20865",5.7,5.3
"20866",0.5,0.3
"20867",0.0,0.0
"20868",0.0,0.0
"20869",0.0,0.0
"20870",12.5,9.1
"20871",1.6,1.1
"20877",0.0,0.0
"20878",0.0,0.0
"20879",8.3,6.7
"20881",0.0,0.0
"20882",0.0,0.0
"20884",0.0,0.0
"20885",50.0,50.0
"20886",0.3,0.3
"20887",0.0,0.0
"20888",0.0,0.0
"20889",0.0,0.0
"20890",0.0,0.0
"20891",0.0,0.0
"20892",15.6,11.7
"20893",4.9,4.0
"20894",3.7,2.9
"20895",0.0,0.0
"20896",0.0,0.0
"20897",2.6,1.7
"20898",1.9,1.4
"20899",0.0,0.0
"20901",1.5,0.8
"20902",0.0,0.0
"20903",1.1,0.6
"20905",0.0,0.0
"20906",0.0,0.0
"20910",0.0,0.0
"20913",0.0,0.0
"20914",4.0,3.5
"20931",5.4,4.5
"20932",6.9,5.4
"20933",0.0,0.0
"20934",9.8,7.3
"20935",2.1,1.8
"20936",3.8,3.0
"20939",0.0,0.0
"20940",8.3,7.1
"20941",3.9,2.7
"20942",20.0,20.0
"20943",1.4,1.1
"20950",0.0,0.0
"20952",7.7,6.7
"20953",0.0,0.0
"20954",0.0,0.0
"20956",1.7,1.2
"20957",6.3,5.3
"20958",0.0,0.0
"20960",0.0,0.0
"20961",0.4,0.4
"20963",0.2,0.1
"20964",0.0,0.0
"20966",0.2,0.2
"20967",1.0,0.9
"20968",0.0,0.0
"20969",0.3,0.3
"20970",0.3,0.3
"20971",1.0,0.9
"20972",0.7,0.6
"20973",0.6,0.5
"20974",0.7,0.6
"20975",1.3,1.1
"20976",0.0,0.0
"20977",1.0,0.8
"20978",0.4,0.3
"20979",3.7,3.0
"20980",1.7,1.3
"20981",1.3,1.5
"20982",1.0,1.0
"20983",0.8,0.7
"20984",1.2,1.1
"20985",2.0,1.6
"20986",0.0,0.0
"20987",0.0,0.0
"20988",0.0,0.0
"20989",1.7,2.9
"20990",1.0,0.8
"20991",0.0,0.0
"20992",0.0,0.0
"20993",0.0,0.0
"20994",0.0,0.0
"20996",0.3,0.2
"20997",0.0,0.0
"20998",0.0,0.0
"21000",0.0,0.0
"21001",0.0,0.0
"21002",0.0,0.0
"21003",0.0,0.0
"21004",0.0,0.0
"21007",0.0,0.0
"21008",0.0,0.0
"21009",2.9,2.3
"21010",1.2,1.0
"21011",0.8,0.7
"21012",0.7,0.4
"21014",0.5,0.4
"21015",0.5,0.4
"21016",1.2,1.0
"21017",0.0,0.0
"21018",0.0,0.0
"21025",0.0,0.0
"21026",0.0,0.0
"21027",0.0,0.0
"21028",0.0,0.0
"21030",0.0,0.0
"21031",2.5,3.6
"21032",2.0,1.4
"21033",0.3,0.2
"21034",0.5,0.4
"21035",0.5,0.4
"21036",0.0,0.0
"21038",1.9,1.8
"21039",1.7,1.5
"21040",0.0,0.0
"21041",1.1,0.8
"21042",2.4,2.1
"21043",0.7,0.5
"21051",0.8,0.6
"21053",100.0,100.0
"21054",0.5,0.5
"21055",0.9,0.7
"21056",2.0,1.9
"21058",0.4,0.3
"21059",1.3,1.2
"21060",0.0,0.0
"21061",0.6,0.5
"21062",0.0,0.0
"21063",0.4,0.4
"21064",1.7,1.2
"21065",1.7,1.6
"21066",0.8,0.7
"21067",1.8,1.4
"21068",2.1,1.6
"21069",1.4,1.0
"21070",0.9,0.7
"21071",0.8,0.6
"21076",1.1,0.9
"21077",0.0,0.0
"21078",0.1,0.2
"21080",0.5,0.4
"21081",0.0,0.0
"21082",1.2,0.9
"21084",0.4,0.3
"21085",0.0,0.0
"21086",0.5,0.4
"21087",0.0,0.0
"21088",1.4,1.2
"21089",0.0,0.0
"21090",1.1,0.7
"21091",0.0,0.0
"21092",6.5,4.8
"21094",0.5,0.4
"21095",0.0,0.0
"21096",0.7,0.5
"21097",0.0,0.0
"21098",1.0,0.7
"21099",8.3,7.3
"21100",1.4,1.3
"21102",4.8,6.7
"21106",0.0,0.0
"21107",0.0,0.0
"21108",0.6,0.5
"21109",0.4,0.3
"21110",0.9,0.7
"21111",0.9,0.7
"21112",1.6,1.2
"21114",1.0,0.9
"21115",0.2,0.2
"21116",0.2,0.1
"21117",0.0,0.0
"21118",0.0,0.0
"21119",0.0,0.0
"21120",0.0,0.0
"21121",1.0,1.0
"21122",0.5,0.4
"21123",0.8,0.6
"21124",0.5,0.4
"21125",1.6,1.3
"21126",0.7,0.5
"21127",2.0,1.6
"21128",0.0,0.0
"21129",3.2,2.5
"21130",2.0,1.6
"21131",0.0,0.0
"21132",0.0,0.0
"21133",0.0,0.0
"21134",0.0,0.0
"21135",1.4,1.5
"21136",0.5,0.5
"21137",1.1,0.9
"21143",2.7,2.2
"21144",1.6,1.3
"21145",3.9,3.3
"21146",1.7,1.5
"21147",0.8,0.5
"21153",1.4,1.3
"21154",0.7,0.5
"21155",2.5,2.0
"21156",1.7,1.6
"21157",0.6,0.4
"21158",1.0,0.8
"21159",1.2,1.0
"21160",4.9,4.3
"21161",1.4,1.5
"21162",0.7,0.6
"21163",1.2,1.0
"21164",0.7,0.6
"21165",0.6,0.5
"21166",1.2,1.0
"21167",0.9,0.6
"21169",1.2,1.0
"21171",0.0,0.0
"21172",0.7,0.6
"21173",1.3,1.0
"21174",0.3,0.2
"21175",0.7,0.6
"21179",0.2,0.2
"21181",0.9,0.8
"21185",6.4,5.5
"21186",0.3,0.2
"21187",0.0,0.0
"21188",1.5,1.2
"21189",0.0,0.0
"21190",1.8,1.4
"21191",0.0,0.0
"21192",0.5,0.3
"21193",0.0,0.0
"21194",3.1,2.2
"21195",0.0,0.0
"21196",0.0,0.0
"21197",2.2,1.6
"21198",2.5,1.9
"21199",0.7,0.5
"21200",0.8,0.6
"21201",0.8,0.7
"21202",4.3,3.8
"21203",1.4,1.1
"21204",1.0,0.7
"21205",2.7,2.6
"21206",1.7,1.4
"21207",1.4,1.1
"21208",4.0,2.9
"21209",4.9,3.6
"21210",0.9,0.7
"21211",0.4,0.3
"21212",0.8,0.8
"21213",0.2,0.2
"21214",0.5,0.4
"21215",0.3,0.2
"21216",2.1,1.5
"21217",3.0,2.6
"21218",2.9,2.2
"21219",0.6,0.4
"21220",0.0,0.0
"21221",0.0,0.0
"21222",0.0,0.0
"21223",0.0,0.0
"21224",1.0,0.9
"21225",0.0,0.0
"21226",0.0,0.0
"21228",0.0,0.0
"21231",4.6,3.9
"21232",7.0,5.8
"21238",2.4,1.9
"21239",1.2,0.9
"21240",0.9,0.7
"21241",0.4,0.3
"21242",0.9,0.7
"21243",0.4,0.3
"21244",1.8,1.5
"21245",0.3,0.3
"21246",1.9,1.4
"21247",0.0,0.0
"21248",1.9,1.6
"21249",1.1,0.9
"21250",0.0,0.0
"21251",0.0,0.0
"21252",0.0,0.0
"21253",0.0,0.0
"21254",100.0,100.0
"21255",2.0,1.4
"21256",0.0,0.0
"21257",2.7,2.1
"21258",7.4,5.6
"21259",2.5,2.3
"21260",1.3,1.1
"21261",0.0,0.0
"21262",3.6,2.7
"21263",1.8,1.4
"21264",2.9,2.5
"21265",8.1,7.0
"21266",0.0,0.0
"21267",0.0,0.0
"21268",0.0,0.0
"21269",0.0,0.0
"21270",0.0,0.0
"21272",1.2,1.1
"21274",0.9,0.8
"21275",12.7,11.4
"21276",9.4,9.1
"21277",7.7,6.7
"21278",2.5,1.8
"21279",5.6,3.9
"21280",1.4,1.1
"21281",1.5,1.0
"21282",1.4,1.3
"21283",1.2,1.0
"21284",2.1,1.6
"21285",2.9,2.3
"21286",1.0,0.7
"21287",0.0,0.0
"21288",0.9,0.6
"21289",1.9,1.4
"21290",0.0,0.0
"21291",3.2,2.7
"21292",1.1,1.0
"21293",1.2,0.8
"21294",0.0,0.0
"21298",26.3,26.3
"21299",8.1,7.1
"21300",14.3,13.3
"21303",11.8,10.5
"21304",0.0,0.0
"21306",2.9,2.5
"21307",1.4,1.1
"21308",14.3,10.0
"21309",16.7,16.7
"21310",20.0,16.7
"21311",2.1,1.7
"21312",10.0,8.1
"21313",3.5,2.5
"21314",5.8,4.5
"21315",100.0,100.0
"21316",4.1,4.8
"21317",3.9,3.4
"21318",11.4,9.8
"21319",5.7,4.5
"21320",12.3,9.2
"21321",14.3,11.5
"21322",0.0,0.0
"21323",1.2,0.9
"21324",1.7,1.3
"21326",1.7,1.4
"21327",0.0,0.0
"21328",0.0,0.0
"21329",0.4,0.3
"21330",0.5,0.4
"21331",6.3,5.3
"21332",9.1,7.9
"21333",4.3,4.6
"21335",12.5,10.5
"21336",4.4,3.1
"21337",0.0,0.0
"21338",0.0,0.0
"21339",0.0,0.0
"21340",3.2,3.2
"21341",0.0,0.0
"21343",25.0,25.0
"21344",7.1,6.7
"21346",100.0,100.0
"21347",0.0,0.0
"21348",3.6,3.2
"21349",1.2,0.9
"21350",2.3,2.2
"21351",2.7,2.2
"21352",2.5,1.7
"21353",0.0,0.0
"21354",0.0,0.0
"21355",0.9,1.0
"21356",0.3,0.2
"21357",0.5,0.4
"21358",0.4,0.3
"21359",5.2,4.7
"21360",1.0,0.9
"21361",4.3,3.9
"21363",2.2,1.9
"21364",1.2,1.0
"21365",0.0,0.0
"21366",0.0,0.0
"21367",0.0,0.0
"21368",0.0,0.0
"21369",0.0,0.0
"21370",0.0,0.0
"21371",0.0,0.0
"21372",0.0,0.0
"21373",1.6,1.5
"21374",0.0,0.0
"21375",0.0,0.0
"21376",0.0,0.0
"21377",1.0,0.6
"21378",0.0,0.0
"21379",0.0,0.0
"21380",0.9,0.8
"21381",1.1,0.9
"21382",0.7,0.5
"21383",1.5,1.3
"21384",0.0,0.0
"21385",0.4,0.3
"21386",0.0,0.0
"21387",0.0,0.0
"21388",0.0,0.0
"21389",2.2,1.8
"21390",0.7,0.7
"21391",0.6,0.4
"21392",4.0,3.2
"21393",4.4,3.9
"21394",2.6,2.3
"21395",3.4,3.0
"21396",1.3,1.0
"21397",0.5,0.4
"21398",0.8,0.6
"21399",3.3,3.4
"21400",1.1,0.8
"21401",0.0,0.0
"21402",0.7,0.5
"21403",0.0,0.0
"21406",0.0,0.0
"21407",0.4,0.3
"21408",1.2,0.9
"21409",0.0,0.0
"21410",0.7,0.5
"21411",0.5,0.4
"21412",2.9,2.0
"21413",0.0,0.0
"21414",2.7,1.9
"21415",0.0,0.0
"21416",0.0,0.0
"21417",1.7,1.1
"21418",1.5,1.0
"21419",0.0,0.0
"21420",0.0,0.0
"21421",0.9,0.8
"21422",1.3,1.1
"21424",5.9,3.8
"21425",7.8,5.7
"21426",9.2,6.3
"21427",6.3,4.6
"21428",1.9,1.6
"21429",1.9,1.5
"21430",2.6,2.0
"21431",0.7,0.6
"21432",3.7,3.5
"21437",1.8,1.6
"21438",2.7,2.4
"21439",0.4,0.3
"21440",1.0,1.0
"21441",0.0,0.0
"21442",0.0,0.0
"21443",3.7,3.0
"21444",2.7,1.9
"21445",1.4,1.1
"21446",0.0,0.0
"21447",0.3,0.2
"21448",0.0,0.0
"21450",20.0,16.7
"21452",4.4,3.7
"21454",0.5,0.6
"21455",1.2,0.7
"21456",1.5,1.2
"21457",0.0,0.0
"21458",0.0,0.0
"21459",10.2,8.9
"21460",6.9,5.6
"21461",11.5,10.0
"21462",3.4,3.1
"21463",7.9,7.3
"21464",4.4,4.3
"21465",0.5,0.5
"21466",0.0,0.0
"21467",1.9,1.7
"21468",1.4,1.2
"21469",1.4,1.2
"21470",1.2,1.1
"21471",0.9,0.7
"21472",0.0,0.0
"21473",3.2,3.1
"21474",5.1,5.0
"21475",50.0,50.0
"21476",2.3,2.0
"21477",15.1,13.1
"21478",1.1,1.8
"21479",0.9,0.7
"21480",1.7,1.3
"21481",1.4,1.1
"21482",0.5,0.4
"21484",0.5,0.4
"21485",0.9,0.8
"21486",0.3,0.2
"21488",0.0,0.0
"21489",0.0,0.0
"21490",5.2,3.9
"21491",2.0,1.8
"21493",0.0,0.0
"21494",0.4,0.3
"21495",0.3,0.3
"21496",50.0,50.0
"21497",0.0,0.0
"21498",0.4,0.4
"21499",0.4,0.4
"21500",0.0,0.0
"21503",1.5,1.5
"21504",0.3,0.3
"21506",0.6,0.5
"21507",0.3,0.3
"21508",0.2,0.1
"21509",0.3,0.3
"21511",0.0,0.0
"21518",0.0,0.0
"21519",0.5,0.4
"21520",0.9,0.7
"21523",0.4,0.3
"21524",0.3,0.3
"21525",33.3,33.3
"21527",12.1,10.9
"21528",8.2,7.1
"21529",3.2,2.6
"21530",5.8,4.8
"21531",2.6,2.2
"21532",8.1,6.9
"21533",3.2,2.9
"21534",5.8,5.1
"21535",4.1,3.6
"21536",10.3,9.2
"21537",4.8,4.2
"21538",3.8,3.3
"21539",6.4,5.4
"21540",10.2,8.8
"21541",1.5,1.5
"21542",3.1,3.3
"21543",0.0,0.0
"21544",0.6,0.6
"21545",2.4,1.9
"21547",0.8,0.7
"21548",3.6,2.8
"21549",5.6,4.8
"21550",1.5,1.3
"21551",0.0,0.0
"21552",5.4,4.9
"21553",2.5,1.9
"21554",8.3,7.4
"21555",0.7,0.5
"21556",1.3,1.2
"21557",0.3,0.2
"21558",1.2,0.9
"21559",1.5,1.3
"21560",0.0,0.0
"21561",0.6,0.5
"21562",0.0,0.0
"21563",2.4,2.1
"21564",2.3,2.3
"21576",1.4,1.1
"21577",1.1,0.8
"21578",0.8,0.6
"21579",3.5,2.7
"21580",0.6,0.4
"21581",1.0,0.7
"21582",0.0,0.0
"21584",0.8,0.8
"21585",0.0,0.0
"21586",1.7,1.6
"21587",0.4,0.4
"21588",1.0,1.0
"21589",1.1,1.1
"21590",0.7,0.7
"21591",0.5,0.5
"21592",0.2,0.2
"21593",1.1,1.0
"21594",0.0,0.0
"21595",0.0,0.0
"21596",0.0,0.0
"21609",0.0,0.0
"21610",0.0,0.0
"21611",1.3,1.2
"21612",0.9,0.8
"21613",0.0,0.0
"21614",1.5,1.4
"21615",0.0,0.0
"21616",0.0,0.0
"21617",0.0,0.0
"21618",0.0,0.0
"21619",0.0,0.0
"21620",0.4,0.4
"21621",0.8,0.7
"21622",2.6,2.3
"21623",2.4,2.3
"21624",0.7,0.7
"21625",0.0,0.0
"21626",5.6,4.6
"21627",1.7,1.1
"21628",3.3,2.2
"21629",0.9,0.6
"21630",4.0,2.7
"21631",0.0,0.0
"21632",1.9,1.3
"21633",2.7,1.8
"21634",6.8,5.3
"21635",2.3,2.1
"21636",1.0,0.9
"21637",1.1,0.7
"21638",0.7,0.6
"21639",11.8,10.5
"21640",0.0,0.0
"21641",0.0,0.0
"21642",5.6,4.4
"21643",1.4,1.0
"21644",2.1,1.8
"21645",2.2,1.9
"21647",2.0,1.6
"21648",3.3,2.3
"21649",6.5,5.4
"21650",1.0,0.7
"21651",0.0,0.0
"21652",3.7,3.3
"21653",1.8,1.6
"21654",0.0,0.0
"21655",6.3,5.3
"21656",0.7,0.5
"21657",2.5,2.0
"21658",9.3,7.1
"21659",5.7,5.0
"21661",3.9,3.3
"21662",3.6,2.9
"21663",17.9,15.2
"21664",4.3,3.6
"21665",0.0,0.0
"21666",2.3,1.9
"21667",6.9,6.1
"21668",1.4,1.1
"21669",1.6,1.3
"21670",1.0,0.8
"21671",2.7,2.2
"21672",1.0,0.8
"21673",1.0,0.8
"21674",0.0,0.0
"21675",0.4,0.3
"21676",0.0,0.0
"21677",1.1,0.8
"21678",0.0,0.0
"21679",1.3,1.0
"21680",0.4,0.3
"21681",2.5,2.3
"21682",1.3,1.2
"21683",0.7,0.6
"21684",1.9,1.6
"21685",33.3,33.3
"21686",5.7,5.1
"21687",1.0,0.8
"21688",0.7,0.6
"21689",0.0,0.0
"21690",0.0,0.0
"21691",0.0,0.0
"21692",0.9,0.8
"21693",0.0,0.0
"21694",0.0,0.0
"21695",1.0,0.8
"21696",2.7,2.5
"21697",0.0,0.0
"21698",0.0,0.0
"21699",0.0,0.0
"21700",1.1,0.8
"21701",50.0,33.3
"21702",0.0,0.0
"21703",1.6,1.4
"21704",1.2,1.0
"21705",2.2,1.8
"21706",1.9,1.5
"21707",0.0,0.0
"21708",1.5,1.2
"21709",0.0,0.0
"21710",1.8,2.2
"21711",0.0,0.0
"21713",4.6,4.1
"21714",2.1,1.5
"21715",0.4,0.3
"21716",0.4,0.3
"21717",1.1,1.4
"21718",1.1,0.8
"21719",0.0,0.0
"21720",0.9,0.7
"21721",0.7,0.5
"21722",2.5,1.7
"21723",0.0,0.0
"21724",0.6,0.4
"21725",0.6,0.4
"21726",0.6,0.5
"21728",4.8,4.3
"21729",0.0,0.0
"21730",6.4,5.9
"21731",1.5,1.2
"21732",3.3,3.1
"21733",1.9,1.8
"21734",9.4,6.3
"21735",12.3,10.4
"21736",3.4,2.8
"21737",0.0,0.0
"21738",0.8,0.6
"21739",0.6,0.4
"21740",0.0,0.0
"21741",0.5,0.4
"21742",0.0,0.0
"21743",2.7,2.1
"21744",0.5,0.3
"21745",0.6,0.6
"21746",1.8,1.6
"21747",1.9,1.6
"21749",2.7,2.4
"21750",1.6,1.4
"21752",13.6,11.5
"21754",1.0,0.9
"21755",0.8,0.7
"21756",0.5,0.5
"21757",0.0,0.0
"21758",0.0,0.0
"21759",0.0,0.0
"21760",12.5,10.5
"21761",3.8,3.7
"21763",10.5,10.5
"21764",7.7,7.1
"21765",1.4,1.1
"21766",100.0,100.0
"21767",0.0,0.0
"21768",1.2,1.4
"21769",7.5,7.4
"21770",0.6,0.5
"21772",0.0,0.0
"21773",1.0,0.6
"21774",0.3,0.2
"21775",0.7,0.4
"21777",2.4,2.3
"21779",12.0,12.0
"21780",0.0,0.0
"21781",5.0,4.3
"21784",2.7,2.2
"21785",0.0,0.0
"21786",0.4,0.3
"21787",0.6,0.5
"21788",2.8,2.4
"21789",2.2,1.9
"21790",0.6,0.6
"21791",0.8,0.6
"21792",4.1,4.5
"21793",0.0,0.0
"21794",2.7,2.4
"21795",1.2,1.2
"21796",0.0,0.0
"21801",0.4,0.2
"21802",0.3,0.2
"21803",0.0,0.0
"21804",0.7,0.6
"21805",0.0,0.0
"21806",0.0,0.0
"21807",1.1,0.9
"21808",2.7,2.3
"21809",0.0,0.0
"21810",0.6,0.4
"21811",0.3,0.2
"21812",1.9,1.4
"21813",2.1,1.4
"21814",0.0,0.0
"21815",2.1,2.4
"21816",2.0,3.2
"21817",0.0,0.0
"21818",0.0,0.0
"21819",0.0,0.0
"21820",1.6,1.3
"21821",1.3,1.0
"21822",2.1,1.5
"21823",0.5,0.4
"21824",0.5,0.4
"21825",1.3,1.1
"21826",2.8,2.6
"21827",0.7,0.6
"21828",0.0,0.0
"21829",1.2,0.9
"21830",1.5,1.3
"21832",1.1,1.1
"21833",2.2,1.8
"21836",1.0,0.8
"21837",1.1,0.9
"21838",0.0,0.0
"21839",1.2,1.2
"21841",0.8,0.7
"21842",0.0,0.0
"21843",9.1,8.0
"21844",4.8,4.2
"21845",6.5,6.0
"21846",1.1,0.7
"21847",0.0,0.0
"21849",0.7,0.5
"21850",0.9,0.6
"21851",0.0,0.0
"21852",0.0,0.0
"21853",0.0,0.0
"21854",0.0,0.0
"21857",0.0,0.0
"21858",0.0,0.0
"21860",0.0,0.0
"21864",0.2,0.2
"21865",0.3,0.3
"21866",0.7,0.6
"21867",0.0,0.0
"21868",3.2,2.7
"21869",3.5,3.2
"21870",2.8,2.4
"21871",3.1,2.6
"21872",1.5,1.3
"21873",2.0,1.6
"21874",1.9,1.5
"21875",2.4,1.9
"21876",2.4,1.9
"21877",3.0,2.6
"21878",0.7,0.6
"21879",0.0,0.0
"21880",0.6,0.4
"21881",0.0,0.0
"21882",0.0,0.0
"21883",0.4,0.3
"21884",0.0,0.0
"21888",1.2,1.1
"21889",1.1,0.9
"21890",1.1,1.0
"21891",1.5,1.3
"21892",1.3,1.0
"21893",0.0,0.0
"21894",0.0,0.0
"21895",1.2,1.0
"21896",1.7,1.4
"21897",1.9,1.7
"21898",0.0,0.0
"21899",0.8,0.7
"21900",0.2,0.2
"21901",0.7,0.6
"21902",0.8,0.9
"21903",1.0,0.8
"21904",1.4,1.2
"21905",0.8,0.6
"21906",2.1,1.6
"21907",0.5,0.5
"21908",0.4,0.3
"21910",0.0,0.0
"21911",0.3,0.2
"21912",0.4,0.3
"21913",1.0,1.0
"21914",0.5,0.4
"21915",1.4,1.3
"21916",0.7,0.6
"21917",1.3,1.1
"21918",1.1,0.9
"21919",0.0,0.0
"21922",1.3,1.1
"21923",1.7,1.5
"21924",2.4,2.2
"21925",2.9,2.7
"21926",2.0,1.9
"21927",5.9,5.3
"21928",1.5,1.2
"21929",1.3,1.0
"21930",0.5,0.4
"21931",1.4,1.1
"21932",0.6,0.5
"21933",1.1,1.0
"21934",0.3,0.2
"21935",0.4,0.3
"21936",2.2,1.8
"21937",2.1,1.7
"21942",0.9,0.5
"21943",0.0,0.0
"21944",0.5,0.6
"21945",0.4,0.5
"21946",0.0,0.0
"21947",0.0,0.0
"21948",0.0,0.0
"21949",0.4,0.2
"21950",10.0,5.6
"21955",0.7,0.6
"21967",0.0,0.0
"21972",1.2,0.9
"21973",0.9,0.8
"21974",1.3,1.0
"21975",0.3,0.3
"21976",0.4,0.3
"21977",0.5,0.4
"21980",0.9,0.9
"21981",0.4,0.3
"21982",0.3,0.2
"21983",0.6,0.5
"21984",1.1,1.1
"21985",0.3,0.4
"21986",0.2,0.2
"21987",1.0,0.9
"21988",0.2,0.2
"21989",0.5,0.4
"21990",0.2,0.1
"21991",0.3,0.2
"21992",0.2,0.1
"21993",0.2,0.1
"22003",100.0,100.0
"22016",0.0,0.0
"22021",0.4,0.8
"22023",0.2,0.2
"22024",0.7,0.5
"22025",0.3,0.3
"22026",0.3,0.2
"22027",0.8,0.7
"22028",0.4,0.3
"22029",0.2,0.1
"22030",0.4,0.4
"22031",0.7,0.5
"22032",0.0,0.0
"22033",0.0,0.0
"22034",2.1,1.9
"22035",0.5,0.4
"22036",1.5,1.2
"22037",0.2,0.1
"22038",0.0,0.0
"22039",3.2,3.2
"22040",0.0,0.0
"22041",0.9,0.6
"22042",1.5,1.2
"22043",0.8,0.6
"22044",2.2,2.1
"22045",1.0,1.2
"22046",1.0,0.9
"22047",1.1,1.1
"22048",1.0,1.0
"22049",0.9,0.8
"22050",1.7,1.7
"22051",0.0,0.0
"22052",1.5,2.2
"22053",2.2,2.7
"22054",5.1,3.8
"22055",2.6,1.9
"22056",2.9,2.3
"22057",4.0,3.1
"22058",2.8,2.4
"22059",4.4,3.6
"22060",7.0,6.3
"22061",10.8,9.7
"22062",1.6,1.2
"22063",2.7,2.1
"22064",5.2,4.1
"22065",3.2,2.5
"22066",1.4,1.3
"22067",4.5,3.6
"22068",1.1,0.8
"22069",0.0,0.0
"22070",3.6,3.1
"22071",3.8,3.4
"22072",4.7,3.8
"22073",5.5,4.4
"22074",0.3,0.2
"22075",0.3,0.2
"22076",0.0,0.0
"22077",0.8,0.7
"22078",0.6,0.5
"22079",0.7,0.6
"22080",0.6,0.5
"22081",1.0,0.8
"22082",0.4,0.4
"22083",0.9,0.8
"22084",0.5,0.4
"22085",1.7,1.5
"22086",0.8,0.7
"22087",1.3,1.0
"22088",0.8,0.6
"22089",0.4,0.3
"22090",0.7,0.6
"22091",1.2,1.0
"22092",0.0,0.0
"22093",0.7,0.6
"22094",2.3,1.8
"22095",2.4,1.8
"22096",1.1,1.0
"22097",1.2,1.1
"22098",2.2,1.7
"22099",1.0,0.8
"22100",0.0,0.0
"22101",1.7,1.1
"22102",3.3,2.5
"22103",5.3,4.2
"22104",0.0,0.0
"22105",3.5,2.3
"22106",2.5,1.6
"22107",3.1,2.3
"22108",0.8,0.5
"22109",2.7,2.2
"22110",0.4,0.3
"22111",0.9,0.8
"22112",0.7,0.7
"22113",0.6,0.5
"22114",0.8,0.7
"22115",0.2,0.2
"22116",1.0,0.7
"22117",0.4,0.4
"22118",0.7,0.7
"22119",1.2,1.1
"22120",1.9,1.6
"22121",0.7,0.6
"22122",0.0,0.0
"22123",1.2,0.8
"22124",0.0,0.0
"22125",1.6,1.4
"22126",0.0,0.0
"22127",3.1,2.8
"22128",1.5,1.4
"22129",0.6,0.4
"22130",1.8,1.8
"22131",0.6,0.4
"22132",0.3,0.2
"22133",0.3,0.2
"22134",0.3,0.2
"22135",0.6,0.4
"22136",1.1,0.9
"22137",4.4,3.5
"22138",9.8,9.1
"22139",2.4,2.2
"22141",0.7,0.7
"22142",1.0,0.8
"22143",2.8,2.2
"22144",0.7,0.6
"22145",1.0,0.9
"22146",1.8,2.5
"22147",1.1,1.0
"22148",2.0,1.9
"22149",1.6,1.4
"22150",1.0,0.8
"22151",1.0,0.9
"22152",1.6,1.5
"22153",1.7,1.3
"22154",4.2,3.2
"22155",0.9,0.6
"22156",4.4,3.4
"22157",1.6,1.4
"22158",2.0,1.8
"22161",0.4,0.3
"22162",1.1,0.8
"22163",2.5,1.7
"22164",2.0,1.8
"22165",2.2,1.4
"22166",3.6,2.1
"22167",4.7,3.5
"22168",9.0,9.0
"22169",4.8,4.1
"22170",4.5,4.0
"22171",4.6,3.9
"22172",2.1,1.8
"22173",1.0,0.8
"22174",0.4,0.2
"22175",0.8,0.7
"22176",1.5,1.3
"22177",7.4,6.3
"22178",2.3,1.9
"22179",1.9,1.5
"22180",6.8,6.1
"22181",2.8,2.2
"22182",1.7,1.1
"22183",2.8,1.7
"22184",7.6,5.2
"22185",0.9,0.7
"22186",2.3,1.9
"22187",3.7,3.1
"22188",0.5,0.5
"22189",1.1,0.9
"22190",0.4,0.3
"22191",3.4,3.3
"22192",2.9,2.7
"22193",2.8,2.6
"22194",3.0,2.7
"22195",0.6,0.4
"22196",1.0,0.7
"22197",3.7,3.0
"22198",8.8,7.0
"22199",1.7,1.5
"22200",1.6,1.2
"22201",1.2,0.9
"22202",4.3,3.0
"22203",2.7,2.3
"22204",2.9,2.0
"22206",0.0,0.0
"22207",1.2,0.9
"22208",0.7,0.5
"22209",1.2,0.9
"22210",1.0,0.8
"22211",0.7,0.5
"22212",1.8,1.5
"22214",0.0,0.0
"22215",7.7,7.0
"22216",0.9,0.6
"22217",1.4,1.1
"22218",4.3,3.4
"22219",0.5,0.4
"22220",9.1,8.4
"22221",5.5,5.4
"22222",0.7,0.6
"22223",0.6,0.4
"22224",1.5,1.2
"22227",0.9,0.6
"22228",2.5,2.1
"22229",3.6,3.0
"22230",4.0,2.9
"22231",5.7,4.8
"22232",4.8,3.8
"22233",5.2,4.2
"22236",10.0,9.3
"22241",1.0,1.0
"22242",2.4,2.0
"22243",3.5,2.9
"22244",3.4,2.5
"22245",1.7,1.2
"22246",0.5,0.4
"22247",0.5,0.4
"22248",1.7,1.1
"22249",0.4,0.3
"22250",0.4,0.2
"22251",1.3,1.0
"22252",1.7,1.7
"22253",0.0,0.0
"22254",4.5,3.6
"22255",3.4,2.4
"22256",0.8,0.6
"22257",1.7,1.1
"22258",2.2,1.5
"22259",1.4,0.9
"22260",0.8,0.5
"22261",0.4,0.3
"22262",1.0,0.7
"22263",0.9,0.6
"22264",0.0,0.0
"22265",0.0,0.0
"22266",1.2,1.0
"22267",0.8,0.7
"22268",2.9,2.1
"22269",4.7,3.7
"22270",4.4,3.7
"22271",0.9,0.8
"22272",0.3,0.3
"22273",1.0,1.0
"22274",1.2,1.1
"22275",1.3,1.1
"22276",1.6,1.6
"22277",0.8,0.6
"22278",3.0,2.6
"22279",0.9,0.6
"22280",0.0,0.0
"22281",2.0,1.5
"22282",0.9,0.7
"22283",1.8,1.5
"22284",1.3,1.1
"22285",0.4,0.3
"22286",0.0,0.0
"22287",0.8,0.6
"22288",0.0,0.0
"22289",0.0,0.0
"22290",1.3,1.1
"22291",0.8,0.6
"22292",0.4,0.7
"22293",0.4,0.3
"22294",0.8,0.8
"22295",0.6,0.5
"22296",0.4,0.3
"22297",0.6,0.5
"22299",2.4,1.8
"22300",3.7,3.0
"22301",3.9,3.0
"22302",2.5,2.2
"22303",4.8,4.3
"22304",2.9,2.5
"22305",3.4,3.0
"22306",2.4,2.2
"22307",5.6,4.9
"22308",0.9,0.6
"22309",0.7,0.5
"22310",0.9,0.6
"22311",1.3,1.0
"22312",1.1,1.1
"22313",1.4,1.2
"22314",0.8,0.6
"22315",0.5,0.4
"22316",0.8,0.7
"22317",0.0,0.0
"22318",1.8,1.4
"22319",4.4,4.1
"22320",5.3,5.0
"22321",0.3,0.2
"22322",1.1,0.7
"22323",3.3,2.4
"22324",0.7,0.4
"22325",6.7,5.2
"22326",1.8,1.5
"22327",1.5,1.3
"22328",2.0,1.8
"22329",0.7,0.5
"22330",4.3,3.3
"22331",1.6,1.3
"22332",1.6,1.6
"22333",3.1,2.8
"22334",1.1,1.0
"22335",2.1,1.6
"22336",0.5,0.3
"22337",0.0,0.0
"22338",1.9,1.4
"22339",4.0,3.5
"22340",1.1,0.7
"22341",3.6,2.6
"22342",2.5,1.7
"22343",1.1,0.8
"22344",0.0,0.0
"22345",0.8,0.6
"22346",0.0,0.0
"22347",0.0,0.0
"22348",0.6,0.5
"22349",2.9,2.6
"22350",0.6,0.5
"22351",0.0,0.0
"22352",1.6,1.3
"22353",1.2,1.0
"22354",1.4,1.5
"22355",1.7,1.3
"22356",1.7,1.3
"22357",3.7,2.8
"22358",2.1,1.5
"22359",6.3,5.1
"22360",8.3,6.5
"22361",5.5,3.8
"22362",4.8,3.7
"22363",7.0,5.5
"22364",7.7,5.8
"22365",0.4,0.4
"22366",0.7,0.6
"22367",1.1,1.0
"22371",1.8,1.6
"22372",1.0,0.8
"22374",0.9,0.8
"22375",0.7,0.5
"22376",0.0,0.0
"22377",1.1,0.9
"22378",1.1,0.7
"22379",0.5,0.4
"22380",1.1,1.0
"22381",0.9,0.7
"22382",0.9,0.8
"22383",1.3,1.2
"22384",1.7,1.5
"22385",1.0,0.8
"22386",1.1,0.9
"22389",1.1,1.0
"22390",0.0,0.0
"22391",0.0,0.0
"22393",2.4,1.9
"22394",1.8,1.6
"22395",0.0,0.0
"22396",1.1,1.4
"22398",1.1,1.6
"22399",1.1,1.3
"22400",0.8,0.8
"22402",1.2,1.5
"22403",0.9,1.1
"22405",0.9,0.8
"22406",1.8,1.5
"22407",1.3,1.2
"22408",2.1,1.7
"22409",3.5,2.8
"22410",0.5,0.4
"22411",1.0,0.8
"22412",0.2,0.2
"22413",0.7,0.6
"22414",0.9,0.7
"22415",0.0,0.0
"22416",0.6,0.5
"22417",0.5,0.4
"22418",1.7,1.5
"22419",0.8,0.5
"22420",0.4,0.3
"22421",1.2,0.8
"22422",0.3,0.2
"22423",8.0,6.9
"22424",3.4,2.7
"22425",1.6,1.4
"22426",2.1,2.0
"22427",2.4,2.3
"22428",3.4,3.3
"22429",3.2,2.9
"22430",2.4,2.1
"22431",0.8,0.7
"22432",0.8,0.6
"22433",0.9,0.8
"22434",0.7,0.6
"22435",0.7,0.6
"22436",1.0,1.2
"22437",0.4,0.4
"22438",0.0,0.0
"22439",1.4,1.4
"22440",1.4,1.2
"22441",1.0,0.9
"22442",7.0,6.7
"22443",1.5,1.4
"22444",1.9,1.7
"22445",0.0,0.0
"22446",0.5,0.3
"22447",1.2,0.9
"22448",0.8,0.7
"22449",0.6,0.5
"22450",2.2,2.0
"22451",0.8,0.7
"22452",1.2,0.9
"22453",2.0,2.2
"22454",1.1,1.5
"22456",5.9,4.7
"22457",1.5,1.2
"22458",0.0,0.0
"22459",0.0,0.0
"22460",2.3,1.9
"22461",17.5,16.5
"22464",3.2,2.8
"22465",3.5,3.1
"22466",1.5,1.4
"22467",5.6,4.9
"22468",1.4,1.2
"22469",0.9,0.7
"22470",1.1,1.0
"22471",1.1,0.9
"22472",1.2,1.0
"22473",0.0,0.0
"22474",0.4,0.3
"22475",0.4,0.3
"22476",0.7,0.6
"22477",0.4,0.3
"22478",0.6,0.5
"22479",0.0,0.0
"22480",0.0,0.0
"22481",0.0,0.0
"22482",0.0,0.0
"22483",1.4,1.2
"22485",1.9,1.6
"22486",14.9,11.3
"22487",4.0,3.6
"22488",2.1,1.7
"22489",1.0,0.8
"22491",0.8,0.7
"22492",1.9,1.7
"22493",1.2,1.0
"22494",2.7,2.0
"22495",0.4,0.3
"22496",1.5,1.4
"22497",0.7,0.6
"22498",0.0,0.0
"22499",0.4,0.3
"22500",0.5,0.5
"22501",4.1,3.0
"22502",1.7,1.3
"22503",10.0,9.9
"22504",6.5,5.5
"22505",1.6,1.5
"22507",1.4,1.2
"22508",1.1,1.0
"22509",2.6,2.4
"22510",0.0,0.0
"22511",0.9,1.6
"22512",0.0,0.0
"22513",0.0,0.0
"22514",0.8,0.7
"22515",1.4,1.1
"22516",0.6,0.5
"22517",0.0,0.0
"22518",0.0,0.0
"22519",1.1,0.9
"22520",0.5,0.5
"22521",0.3,0.2
"22522",0.6,0.5
"22523",0.8,0.7
"22524",0.7,0.5
"22525",0.9,0.9
"22526",3.7,3.3
"22528",0.9,0.7
"22529",0.0,0.0
"22530",0.4,0.4
"22531",0.0,0.0
"22532",0.0,0.0
"22533",0.9,0.7
"22534",0.8,0.7
"22535",1.0,0.9
"22536",0.5,0.7
"22537",0.3,0.2
"22538",0.0,0.0
"22539",0.4,0.3
"22540",1.0,0.9
"22541",0.0,0.0
"22543",0.0,0.0
"22544",0.6,0.5
"22545",1.1,0.8
"22546",0.5,0.4
"22547",0.5,0.4
"22548",0.0,0.0
"22549",0.1,0.1
"22550",1.8,1.5
"22551",1.4,1.2
"22553",0.9,0.8
"22554",0.7,0.6
"22555",0.8,0.7
"22556",1.6,1.4
"22557",0.8,0.7
"22558",1.2,1.1
"22559",0.5,0.4
"22560",0.5,0.5
"22561",1.2,1.1
"22562",0.0,0.0
"22563",0.4,0.3
"22564",1.4,1.6
"22565",0.4,0.3
"22566",0.0,0.0
"22567",1.9,2.0
"22568",1.0,0.9
"22569",0.6,0.6
"22570",0.7,0.6
"22571",0.6,0.5
"22572",0.3,0.2
"22573",0.0,0.0
"22574",0.5,0.4
"22575",2.1,1.8
"22576",0.3,0.2
"22577",0.2,0.2
"22578",0.4,0.3
"22579",0.2,0.1
"22580",1.4,1.3
"22581",0.3,0.2
"22582",1.3,1.4
"22583",1.7,1.6
"22584",0.8,0.7
"22585",1.2,1.0
"22586",0.7,0.6
"22587",0.0,0.0
"22588",0.6,0.5
"22589",0.4,0.4
"22591",5.9,5.1
"22592",0.7,0.6
"22593",0.2,0.2
"22594",0.2,0.2
"22595",0.1,0.1
"22596",1.8,1.6
"22597",0.7,0.5
"22598",0.7,0.5
"22599",0.5,0.4
"22600",0.7,0.6
"22601",0.7,0.6
"22602",0.6,0.4
"22603",0.5,0.4
"22604",1.2,1.1
"22605",2.0,1.9
"22606",4.3,4.4
"22607",1.1,1.0
"22608",1.2,0.8
"22609",2.0,1.6
"22610",0.3,0.3
"22611",1.0,0.9
"22612",0.9,0.8
"22613",0.4,0.3
"22614",1.6,1.3
"22615",0.5,0.4
"22616",0.4,0.3
"22617",6.6,6.2
"22618",14.1,13.2
"22619",0.4,0.4
"22620",0.5,0.5
"22621",0.8,0.7
"22622",1.0,0.9
"22623",1.6,1.5
"22624",1.2,1.1
"22625",2.1,1.8
"22626",2.0,1.8
"22627",2.1,1.8
"22628",3.8,3.0
"22629",1.0,0.8
"22630",1.5,1.2
"22631",1.2,0.9
"22632",1.5,1.6
"22633",1.0,0.9
"22634",9.6,9.2
"22635",4.9,4.9
"22636",4.7,4.4
"22637",4.8,4.1
"22638",1.3,1.1
"22639",0.4,0.3
"22640",0.0,0.0
"22641",0.0,0.0
"22642",0.0,0.0
"22643",0.0,0.0
"22644",3.0,2.4
"22645",2.1,1.7
"22646",3.5,3.0
"22647",4.6,3.9
"22649",7.9,7.0
"22650",2.4,2.0
"22651",0.0,0.0
"22652",1.3,1.1
"22653",1.0,0.7
"22654",4.0,3.2
"22655",15.6,15.2
"22656",24.5,24.5
"22657",0.0,0.0
"22659",2.0,1.5
"22660",0.5,0.4
"22661",0.9,0.8
"22662",1.0,1.0
"22663",0.4,0.3
"22664",1.1,0.8
"22665",2.5,1.9
"22666",3.6,3.0
"22667",4.3,4.1
"22668",1.0,0.8
"22669",0.5,0.4
"22670",1.2,0.9
"22671",1.2,1.0
"22672",1.1,0.9
"22673",1.5,1.3
"22674",1.0,0.8
"22675",1.5,1.2
"22676",0.6,0.5
"22677",0.7,0.5
"22678",0.8,0.6
"22679",0.4,0.3
"22680",0.8,0.6
"22681",1.5,1.1
"22682",1.1,0.8
"22683",1.0,0.8
"22684",1.8,1.3
"22685",0.6,0.5
"22686",0.9,0.6
"22687",0.0,0.0
"22688",0.0,0.0
"22689",0.7,0.6
"22690",0.9,0.8
"22691",1.4,1.2
"22692",0.5,0.4
"22693",0.6,0.5
"22694",0.9,0.8
"22695",0.0,0.0
"22696",0.0,0.0
"22697",4.1,3.2
"22698",4.3,3.4
"22699",4.2,3.4
"22700",3.9,3.6
"22701",3.1,2.1
"22702",2.1,1.8
"22703",0.0,0.0
"22704",0.7,0.7
"22705",0.7,0.6
"22706",1.6,1.6
"22707",0.0,0.0
"22708",0.6,0.6
"22709",1.3,1.3
"22710",2.8,3.3
"22711",1.1,1.6
"22712",0.8,0.6
"22713",0.5,0.4
"22714",1.1,0.9
"22715",0.0,0.0
"22716",0.2,0.2
"22717",0.5,0.4
"22718",1.1,0.8
"22719",3.6,2.4
"22720",5.0,4.3
"22721",0.0,0.0
"22722",1.5,1.2
"22723",0.7,0.6
"22725",2.7,2.3
"22726",1.8,1.7
"22727",2.3,2.0
"22728",1.7,1.5
"22729",2.9,2.5
"22730",1.8,1.7
"22731",0.7,0.6
"22732",0.0,0.0
"22733",0.3,0.2
"22734",0.5,0.4
"22735",0.0,0.0
"22736",0.7,0.6
"22737",0.4,0.3
"22738",0.6,0.5
"22739",0.3,0.3
"22740",0.0,0.0
"22741",1.0,0.8
"22742",0.6,0.5
"22743",0.3,0.2
"22744",1.3,1.1
"22745",0.4,0.3
"22746",0.4,0.3
"22747",0.2,0.4
"22748",0.5,0.6
"22749",0.1,0.1
"22750",0.5,0.4
"22751",0.4,0.4
"22752",3.5,3.1
"22753",0.2,0.2
"22754",0.2,0.2
"22755",0.2,0.2
"22756",0.5,0.4
"22757",0.3,0.2
"22758",0.9,0.7
"22759",0.4,0.3
"22760",7.0,6.2
"22761",5.6,7.5
"22762",5.0,4.2
"22763",2.9,2.6
"22764",10.7,10.3
"22765",1.9,1.5
"22766",3.0,2.9
"22767",6.3,6.0
"22768",7.1,6.5
"22769",15.1,12.7
"22770",7.8,7.1
"22771",0.8,0.6
"22772",0.9,0.7
"22773",0.4,0.3
"22774",2.1,1.7
"22775",1.4,1.0
"22776",6.9,6.1
"22777",4.8,3.9
"22778",9.3,7.3
"22779",3.5,3.4
"22780",4.3,4.2
"22781",4.7,3.7
"22782",0.0,0.0
"22783",0.0,0.0
"22784",7.5,6.6
"22785",0.0,0.0
"22786",0.0,0.0
"22788",5.6,4.8
"22789",0.5,0.5
"22790",0.0,0.0
"22791",2.7,2.2
"22792",0.4,0.3
"22794",1.9,1.7
"22795",1.2,1.0
"22796",7.3,6.8
"22797",9.6,8.6
"22798",5.8,4.6
"22799",0.9,0.8
"22800",3.2,2.8
"22801",6.6,5.3
"22802",0.0,0.0
"22803",0.0,0.0
"22804",1.6,1.4
"22805",0.9,0.6
"22806",3.4,2.7
"22807",1.0,0.7
"22808",1.2,0.9
"22809",1.3,1.4
"22810",0.9,0.8
"22811",0.7,0.5
"22812",1.3,1.0
"22813",0.3,0.2
"22814",0.0,0.0
"22815",0.0,0.0
"22816",0.5,0.3
"22817",0.0,0.0
"22818",1.2,1.0
"22819",0.0,0.0
"22820",0.9,0.7
"22821",1.1,0.7
"22822",1.1,1.0
"22823",0.0,0.0
"22824",2.0,2.0
"22825",9.5,10.6
"22826",8.9,8.9
"22827",10.3,10.3
"22828",8.3,8.3
"22829",1.7,1.5
"22830",0.0,0.0
"22831",0.0,0.0
"22832",5.6,5.1
"22833",0.0,0.0
"22834",1.3,1.1
"22835",1.1,1.0
"22837",0.4,0.4
"22838",7.2,6.3
"22839",4.1,3.2
"22840",5.0,4.7
"22841",4.4,4.1
"22842",5.9,5.5
"22843",7.3,6.6
"22844",1.8,1.4
"22845",2.2,1.8
"22846",5.2,5.0
"22847",6.9,6.7
"22848",6.2,5.5
"22849",5.3,4.9
"22850",50.0,50.0
"22851",0.8,0.7
"22852",1.2,1.1
"22853",0.7,0.6
"22854",2.4,2.1
"22855",0.2,0.2
"22856",5.7,4.9
"22857",0.0,0.0
"22858",2.1,1.8
"22859",3.5,2.9
"22860",1.8,1.5
"22861",0.0,0.0
"22862",0.9,0.7
"22863",1.2,1.0
"22864",0.0,0.0
"22865",1.1,1.0
"22866",0.6,0.6
"22867",0.7,0.6
"22868",0.0,0.0
"22869",1.7,1.1
"22870",0.0,0.0
"22871",0.0,0.0
"22872",0.0,0.0
"22873",0.0,0.0
"22874",0.0,0.0
"22875",0.0,0.0
"22876",0.0,0.0
"22877",6.7,5.3
"22878",2.2,1.3
"22879",0.0,0.0
"22880",0.0,0.0
"22881",0.0,0.0
"22882",2.0,1.3
"22883",2.9,1.8
"22884",0.0,0.0
"22885",2.8,1.9
"22886",0.0,0.0
"22887",0.0,0.0
"22888",0.0,0.0
"22889",2.5,1.4
"22890",9.1,8.2
"22891",9.4,7.6
"22892",6.6,6.2
"22893",2.7,1.8
"22894",0.5,0.5
"22895",0.2,0.2
"22896",0.5,0.4
"22897",1.7,1.4
"22898",0.2,0.2
"22899",1.2,1.0
"22900",1.5,1.1
"22902",1.0,0.8
"22903",2.4,1.8
"22904",0.6,0.6
"22905",0.0,0.0
"22906",0.4,0.5
"22907",0.8,0.8
"22908",0.8,0.7
"22909",1.1,0.9
"22910",1.2,1.0
"22911",2.4,2.6
"22912",1.8,1.7
"22913",1.6,1.4
"22914",2.3,2.0
"22915",2.0,2.0
"22916",0.4,0.3
"22917",0.4,0.3
"22918",0.4,0.3
"22919",0.4,0.3
"22920",0.8,0.6
"22921",0.5,0.4
"22922",4.2,4.4
"22923",6.1,5.7
"22924",5.0,5.1
"22925",2.5,2.3
"22926",2.7,2.5
"22927",4.1,3.6
"22928",3.3,2.7
"22929",10.5,10.5
"22930",0.5,0.4
"22931",0.0,0.0
"22932",2.7,2.4
"22933",1.6,1.3
"22934",1.3,1.1
"22935",1.5,1.3
"22936",2.0,1.4
"22937",1.2,1.0
"22938",1.4,1.3
"22939",1.1,0.9
"22940",1.2,1.2
"22941",5.1,4.4
"22942",5.0,4.5
"22943",4.3,3.8
"22944",1.9,1.3
"22945",1.7,2.2
"22946",4.8,3.9
"22947",5.0,4.5
"22948",1.1,1.2
"22949",1.7,1.4
"22950",1.4,1.2
"22951",0.9,0.8
"22952",0.4,0.4
"22953",0.0,0.0
"22954",2.0,1.6
"22955",0.0,0.0
"22956",1.2,1.0
"22957",1.8,1.7
"22959",1.7,1.7
"22960",7.0,5.8
"22961",1.1,0.9
"22962",5.6,4.4
"22963",3.6,2.8
"22964",1.7,1.4
"22965",1.9,2.0
"22966",0.3,0.2
"22967",2.8,2.7
"22968",4.4,3.6
"22969",1.1,0.9
"22970",0.9,0.8
"22971",1.8,1.6
"22972",3.2,2.6
"22973",3.7,3.0
"22974",3.2,2.6
"22975",0.5,0.4
"22976",1.3,1.1
"22977",0.7,0.6
"22978",4.8,4.1
"22979",1.3,1.1
"22980",2.0,1.7
"22981",1.9,1.4
"22982",0.9,0.7
"22983",0.5,0.6
"22984",0.0,0.0
"22985",0.0,0.0
"22986",0.5,0.5
"22987",0.0,0.0
"22988",1.8,1.6
"22989",1.1,0.9
"22990",6.3,5.5
"22991",2.1,2.1
"22992",2.2,2.1
"22993",0.8,0.7
"22994",2.7,2.1
"22995",1.1,0.8
"22996",1.0,0.7
"22997",3.5,2.9
"22998",2.0,1.7
"22999",0.9,0.8
"23000",1.4,1.1
"23001",0.0,0.0
"23002",4.0,3.1
"23003",0.0,0.0
"23004",1.8,1.2
"23005",0.4,0.3
"23006",2.8,2.3
"23007",1.6,1.3
"23008",2.9,2.7
"23009",0.0,0.0
"23010",1.8,1.5
"23012",2.0,1.7
"23013",1.3,1.1
"23014",1.4,1.1
"23015",14.3,12.0
"23016",4.0,3.3
"23017",4.3,4.2
"23018",0.0,0.0
"23019",0.0,0.0
"23020",7.2,6.8
"23021",0.0,0.0
"23022",8.3,7.4
"23023",3.8,3.6
"23024",8.3,7.7
"23025",1.8,1.6
"23026",3.1,2.7
"23027",0.0,0.0
"23028",2.1,1.8
"23029",4.8,4.3
"23031",5.5,5.0
"23032",5.2,4.7
"23033",0.0,0.0
"23034",1.1,1.0
"23035",1.0,0.9
"23036",0.0,0.0
"23037",0.0,0.0
"23038",0.0,0.0
"23039",3.4,2.8
"23040",0.0,0.0
"23041",1.8,1.6
"23042",3.4,3.1
"23043",0.0,0.0
"23044",0.0,0.0
"23045",3.8,3.6
"23046",0.0,0.0
"23047",0.0,0.0
"23048",4.8,4.9
"23049",1.1,1.0
"23050",0.5,0.4
"23051",1.2,1.0
"23052",0.4,0.3
"23053",0.6,0.5
"23054",0.8,0.7
"23055",11.4,12.0
"23056",14.9,15.4
"23057",11.5,12.1
"23058",0.0,0.0
"23059",0.0,0.0
"23060",0.0,0.0
"23061",0.8,0.7
"23064",29.4,27.8
"23065",1.0,0.9
"23066",1.2,1.1
"23067",0.0,0.0
"23068",0.0,0.0
"23069",0.0,0.0
"23070",0.0,0.0
"23071",16.7,14.3
"23072",6.1,4.8
"23073",1.6,1.6
"23074",2.0,1.6
"23075",7.0,6.7
"23076",0.7,0.6
"23077",0.9,0.8
"23078",0.8,0.7
"23079",6.2,6.0
"23080",2.7,2.3
"23081",2.1,1.8
"23082",2.0,1.7
"23083",1.2,1.0
"23084",1.5,1.2
"23085",6.0,5.3
"23086",2.1,1.7
"23087",1.4,1.1
"23088",0.0,0.0
"23089",3.0,2.1
"23090",0.7,0.6
"23091",1.9,1.7
"23092",6.3,5.8
"23093",1.4,1.2
"23094",2.5,2.3
"23096",0.0,0.0
"23099",6.5,6.0
"23100",0.4,0.3
"23101",0.0,0.0
"23102",0.0,0.0
"23103",0.8,0.7
"23104",0.0,0.0
"23106",1.9,1.8
"23107",0.0,0.0
"23108",4.6,4.4
"23109",0.4,0.3
"23110",9.9,8.8
"23111",10.4,9.5
"23112",7.3,6.0
"23113",9.4,7.6
"23114",4.2,3.8
"23115",0.0,0.0
"23116",0.0,0.0
"23117",2.1,1.9
"23118",6.1,5.4
"23119",1.3,1.1
"23120",2.0,1.6
"23121",0.0,0.0
"23122",1.5,1.1
"23123",2.1,1.6
"23124",0.0,0.0
"23125",0.0,0.0
"23126",2.0,1.9
"23127",1.5,1.4
"23128",1.4,1.3
"23129",0.6,0.6
"23130",1.1,1.0
"23131",1.7,1.6
"23132",1.9,1.8
"23133",0.6,0.6
"23134",0.0,0.0
"23135",0.0,0.0
"23136",0.0,0.0
"23137",0.0,0.0
"23138",1.2,1.1
"23139",3.6,2.9
"23140",1.9,1.4
"23141",0.0,0.0
"23142",4.8,4.3
"23143",0.0,0.0
"23144",1.1,1.0
"23145",1.2,1.0
"23146",8.8,8.1
"23147",2.2,2.1
"23148",2.8,2.6
"23149",8.7,8.0
"23150",2.0,1.7
"23151",0.0,0.0
"23152",1.9,1.7
"23153",1.1,1.0
"23154",1.3,1.1
"23155",9.3,8.0
"23156",1.0,0.9
"23157",0.6,0.5
"23158",1.2,0.9
"23159",1.3,1.2
"23160",2.6,2.1
"23161",1.0,0.8
"23162",0.0,0.0
"23163",0.9,0.7
"23164",1.1,1.0
"23165",6.0,5.0
"23166",3.9,3.2
"23167",3.8,3.0
"23168",5.1,3.8
"23169",9.7,8.4
"23170",2.6,2.1
"23171",1.3,1.0
"23172",2.9,2.3
"23173",3.0,2.6
"23174",5.0,4.3
"23175",3.2,2.7
"23176",4.2,3.6
"23177",1.8,1.5
"23178",4.2,3.6
"23179",0.0,0.0
"23180",2.0,1.6
"23181",4.7,4.0
"23182",1.4,1.0
"23183",3.4,3.5
"23184",1.5,1.2
"23185",3.2,3.1
"23186",2.8,2.7
"23187",5.1,5.1
"23188",0.9,0.8
"23189",0.7,0.6
"23190",1.0,0.9
"23191",0.7,0.6
"23192",0.6,0.5
"23193",3.3,2.7
"23194",3.6,3.0
"23196",1.0,0.8
"23197",2.7,2.2
"23198",2.9,2.3
"23199",2.1,1.7
"23200",1.0,0.8
"23201",1.5,1.3
"23202",0.7,0.6
"23203",1.4,1.2
"23204",1.4,1.1
"23205",1.7,1.3
"23206",1.2,1.1
"23207",1.7,1.5
"23208",0.6,0.5
"23209",1.0,0.9
"23210",2.0,1.6
"23211",0.6,0.5
"23212",1.6,1.3
"23213",0.7,0.5
"23214",0.0,0.0
"23215",0.5,0.4
"23216",0.0,0.0
"23217",0.0,0.0
"23218",0.0,0.0
"23219",0.0,0.0
"23220",1.0,1.5
"23221",2.0,2.1
"23222",2.6,3.3
"23223",1.1,1.8
"23224",2.7,2.4
"23225",4.3,4.5
"23226",1.0,0.8
"23227",1.7,1.3
"23228",0.8,0.6
"23229",1.9,1.7
"23230",1.3,1.7
"23231",0.0,0.0
"23232",1.2,1.2
"23233",0.6,0.6
"23234",1.8,1.5
"23235",6.3,5.8
"23236",4.9,4.4
"23237",5.3,5.1
"23238",2.8,2.4
"23239",4.8,4.2
"23240",3.1,2.8
"23241",1.4,1.1
"23242",1.4,1.2
"23243",6.9,6.1
"23244",4.3,4.0
"23245",4.1,3.5
"23247",1.6,1.4
"23249",8.0,6.9
"23250",6.8,5.8
"23251",4.0,3.5
"23252",4.8,4.4
"23253",2.8,2.1
"23254",2.6,2.4
"23255",1.9,1.7
"23256",2.1,1.9
"23263",1.1,0.9
"23264",0.3,0.3
"23265",0.7,0.6
"23266",0.3,0.3
"23267",0.9,0.8
"23268",1.1,0.9
"23269",0.0,0.0
"23270",0.8,0.7
"23271",0.0,0.0
"23272",0.0,0.0
"23273",3.4,3.0
"23274",2.5,2.1
"23275",1.2,1.0
"23280",0.6,0.5
"23281",0.0,0.0
"23282",0.0,0.0
"23283",0.9,0.8
"23284",1.0,0.9
"23285",0.5,0.4
"23286",1.3,1.1
"23287",1.0,0.8
"23288",2.1,1.7
"23289",2.1,1.6
"23290",0.9,0.8
"23291",1.5,1.2
"23292",2.6,2.1
"23293",0.9,0.8
"23294",1.1,0.9
"23295",1.1,0.9
"23296",1.6,1.3
"23297",2.4,2.1
"23298",1.0,0.9
"23299",1.4,1.2
"23300",0.9,0.8
"23301",1.2,1.0
"23302",2.1,1.8
"23303",0.0,0.0
"23304",0.0,0.0
"23305",0.0,0.0
"23306",0.7,0.6
"23307",0.8,0.6
"23308",0.0,0.0
"23309",1.0,0.7
"23310",0.0,0.0
"23311",1.1,1.2
"23312",0.5,0.4
"23313",0.5,0.4
"23314",1.7,1.5
"23315",1.1,1.0
"23316",0.9,0.8
"23317",0.0,0.0
"23318",1.8,1.6
"23319",1.5,1.3
"23320",0.6,0.6
"23321",0.6,0.6
"23322",1.7,1.6
"23323",1.0,0.9
"23324",4.3,3.9
"23325",7.9,7.0
"23326",0.0,0.0
"23327",4.7,3.9
"23328",1.2,0.9
"23329",0.4,0.4
"23330",0.5,0.4
"23331",0.0,0.0
"23332",0.3,0.3
"23333",0.4,0.4
"23334",0.0,0.0
"23335",2.0,1.8
"23336",0.0,0.0
"23337",0.0,0.0
"23338",0.9,0.8
"23339",0.0,0.0
"23340",0.0,0.0
"23341",0.0,0.0
"23342",0.6,0.6
"23343",1.4,1.2
"23344",1.0,0.8
"23345",1.1,0.9
"23346",0.5,0.4
"23347",3.0,2.3
"23348",4.5,3.5
"23349",0.6,0.7
"23350",0.7,0.8
"23351",0.8,0.9
"23352",0.5,0.8
"23353",0.6,0.7
"23354",0.9,1.0
"23355",1.0,1.0
"23356",0.4,0.4
"23357",0.0,0.0
"23358",2.2,2.6
"23359",0.0,0.0
"23360",0.0,0.0
"23365",0.0,0.0
"23366",0.0,0.0
"23367",0.4,0.3
"23368",0.9,0.7
"23369",0.0,0.0
"23370",0.7,0.5
"23371",0.0,0.0
"23372",0.7,0.5
"23373",0.0,0.0
"23374",2.2,2.1
"23375",1.0,0.8
"23376",0.6,0.5
"23377",0.7,0.5
"23378",0.0,0.0
"23379",0.0,0.0
"23380",1.6,1.3
"23381",0.0,0.0
"23382",1.3,1.1
"23388",0.0,0.0
"23389",0.4,0.4
"23390",0.6,0.5
"23391",0.0,0.0
"23392",0.9,0.7
"23393",2.6,2.3
"23394",0.0,0.0
"23395",2.3,2.0
"23396",0.5,0.4
"23397",2.2,1.9
"23398",1.4,1.1
"23399",0.0,0.0
"23400",0.9,0.8
"23401",3.5,3.0
"23402",0.0,0.0
"23403",2.2,1.9
"23404",7.7,6.5
"23405",1.4,1.2
"23406",1.8,1.5
"23407",2.9,2.6
"23408",4.8,4.8
"23409",4.4,4.3
"23410",5.3,5.3
"23411",1.8,1.5
"23412",1.3,1.2
"23413",1.7,1.4
"23414",1.5,1.5
"23415",2.1,2.0
"23416",0.0,0.0
"23417",0.0,0.0
"23418",0.0,0.0
"23419",1.1,0.9
"23420",0.0,0.0
"23421",0.0,0.0
"23422",0.0,0.0
"23423",4.3,3.6
"23424",0.7,0.6
"23425",5.1,3.8
"23426",0.5,0.4
"23427",1.7,1.6
"23428",2.9,2.4
"23429",0.0,0.0
"23430",0.0,0.0
"23431",4.0,3.7
"23432",0.0,0.0
"23433",3.3,3.0
"23434",0.5,0.4
"23435",0.0,0.0
"23436",1.7,1.4
"23437",0.8,0.7
"23438",0.0,0.0
"23439",0.0,0.0
"23440",0.0,0.0
"23441",0.0,0.0
"23442",0.0,0.0
"23444",1.3,1.3
"23445",1.0,0.9
"23446",0.0,0.0
"23447",0.0,0.0
"23448",0.0,0.0
"23449",0.0,0.0
"23451",0.0,0.0
"23452",1.1,1.1
"23453",0.0,0.0
"23454",1.9,1.6
"23455",0.0,0.0
"23456",2.7,2.7
"23457",0.0,0.0
"23458",11.8,11.8
"23459",9.5,9.5
"23460",8.5,8.5
"23461",1.1,0.9
"23462",20.3,19.4
"23463",0.0,0.0
"23464",0.0,0.0
"23465",0.0,0.0
"23466",3.6,2.9
"23467",0.0,0.0
"23468",0.0,0.0
"23469",2.7,2.4
"23470",8.7,7.9
"23471",0.0,0.0
"23472",0.0,0.0
"23473",0.0,0.0
"23474",0.0,0.0
"23475",0.0,0.0
"23476",0.0,0.0
"23477",0.0,0.0
"23478",0.0,0.0
"23479",0.0,0.0
"23480",0.9,0.8
"23481",0.0,0.0
"23482",0.0,0.0
"23483",5.2,5.8
"23484",0.0,0.0
"23485",13.5,13.1
"23486",7.5,7.0
"23487",12.0,11.5
"23489",0.0,0.0
"23490",1.0,0.9
"23491",1.3,1.2
"23492",0.0,0.0
"23493",0.7,0.6
"23494",5.1,4.5
"23495",0.0,0.0
"23496",0.0,0.0
"23497",0.5,0.4
"23498",0.0,0.0
"23499",0.0,0.0
"23500",0.0,0.0
"23501",0.0,0.0
"23502",0.0,0.0
"23503",0.6,0.6
"23504",0.0,0.0
"23505",0.0,0.0
"23506",0.0,0.0
"23507",0.0,0.0
"23508",0.8,0.7
"23509",0.0,0.0
"23510",0.0,0.0
"23511",1.0,0.9
"23512",0.0,0.0
"23513",1.4,1.3
"23514",1.3,1.1
"23515",0.0,0.0
"23516",0.0,0.0
"23517",0.0,0.0
"23518",2.2,2.1
"23519",0.0,0.0
"23520",0.0,0.0
"23521",0.0,0.0
"23522",0.0,0.0
"23523",2.4,2.2
"23524",1.6,1.3
"23525",1.9,1.6
"23526",1.4,1.0
"23527",4.0,3.6
"23528",0.0,0.0
"23529",0.0,0.0
"23530",0.0,0.0
"23531",0.0,0.0
"23532",0.0,0.0
"23533",0.0,0.0
"23534",0.4,0.6
"23535",0.5,0.4
"23536",1.2,1.0
"23537",0.0,0.0
"23538",0.0,0.0
"23539",0.0,0.0
"23540",0.0,0.0
"23541",0.7,0.5
"23542",3.3,2.7
"23543",0.0,0.0
"23544",4.8,4.8
"23545",0.0,0.0
"23546",0.0,0.0
"23547",0.0,0.0
"23548",0.0,0.0
"23549",0.0,0.0
"23550",0.0,0.0
"23551",0.0,0.0
"23552",0.0,0.0
"23553",0.0,0.0
"23554",0.0,0.0
"23555",0.0,0.0
"23556",1.9,1.8
"23557",0.0,0.0
"23558",0.0,0.0
"23559",0.0,0.0
"23560",0.0,0.0
"23561",0.0,0.0
"23562",0.0,0.0
"23564",0.0,0.0
"23565",3.1,2.1
"23566",1.2,0.8
"23567",2.6,1.7
"23568",2.0,1.4
"23569",0.5,0.5
"23570",0.0,0.0
"23571",0.0,0.0
"23574",12.5,12.5
"23575",0.0,0.0
"23576",0.0,0.0
"23578",0.0,0.0
"23579",0.0,0.0
"23580",0.0,0.0
"23581",1.2,1.0
"23582",1.1,1.0
"23583",0.3,0.3
"23595",0.0,0.0
"23597",3.1,2.9
"23598",0.0,0.0
"23601",0.0,0.0
"23602",0.0,0.0
"23603",0.0,0.0
"23604",0.0,0.0
"23605",0.0,0.0
"23607",0.0,0.0
"23608",0.0,0.0
"23609",0.0,0.0
"23610",0.0,0.0
"23611",0.0,0.0
"23612",0.0,0.0
"23613",0.0,0.0
"23614",0.0,0.0
"23615",0.0,0.0
"23616",0.0,0.0
"23617",0.0,0.0
"23619",0.0,0.0
"23620",0.0,0.0
"23621",0.0,0.0
"23623",0.0,0.0
"23624",0.0,0.0
"23625",0.0,0.0
"23626",0.0,0.0
"23627",0.0,0.0
"23628",0.0,0.0
"23629",0.0,0.0
"23630",33.3,25.0
"23632",0.0,0.0
"23633",0.0,0.0
"23634",0.0,0.0
"23635",0.0,0.0
"23636",0.0,0.0
"23637",0.0,0.0
"23638",0.0,0.0
"23639",0.0,0.0
"23640",0.0,0.0
"23643",0.0,0.0
"23644",0.0,0.0
"23645",0.0,0.0
"23646",0.0,0.0
"23649",0.0,0.0
"23650",0.0,0.0
"23652",0.0,0.0
"23654",0.0,0.0
"23660",8.7,7.0
"23661",10.8,8.3
"23664",0.0,0.0
"23681",0.0,0.0
"23691",0.0,0.0
"23692",0.0,0.0
"23694",0.0,0.0
"23695",0.0,0.0
"23697",0.0,0.0
"23702",0.0,0.0
"30086C",0.0,0.0
"35001B",14.3,12.5
"35001C",100.0,100.0
"35001G",1.9,1.3
"35001P",33.3,33.3
"35001W",2.5,1.8
"35004B",8.0,5.5
"35004C",7.5,5.5
"35004G",6.2,5.3
"35004P",0.0,0.0
"35004S",21.9,17.1
"35015",0.0,0.0
"35051B",0.0,0.0
"35071",0.0,0.0
"35085E",0.0,0.0
"35095A",0.0,0.0
"35095B",0.0,0.0
"35096A",0.0,0.0
"35096B",0.0,0.0
"35160",0.0,0.0
"35233",0.0,0.0
"35240",0.0,0.0
"35241",4.4,3.4
"35265",0.0,0.0
"35271S",0.0,0.0
"35400",9.7,8.1
"35443",0.0,0.0
"35471A",2.4,1.7
"35471D",0.6,0.4
"35537",0.0,0.0
"35591T",0.0,0.0
"35594",2.5,1.7
"35596",0.0,0.0
"35597A",0.0,0.0
"35597B",0.0,0.0
"35597D",0.0,0.0
"35598A",0.0,0.0
"35598B",0.0,0.0
"35598C",0.0,0.0
"35598D",1.0,0.6
"35599B",0.0,0.0
"35599D",1.0,0.6
"35600A",0.0,0.0
"35600D",0.0,0.0
"35603B",33.3,25.0
"35603C",0.0,0.0
"35605A",0.0,0.0
"35607A",0.0,0.0
"35607B",0.0,0.0
"35609A",0.0,0.0
"35610A",0.0,0.0
"35610B",0.0,0.0
"35610C",0.0,0.0
"35611B",0.0,0.0
"35631B",100.0,100.0
"35633B",0.0,0.0
"35637A",1.9,1.6
"35637C",0.0,0.0
"35638A",0.0,0.0
"35638B",0.0,0.0
"35644",0.0,0.0
"35645",0.0,0.0
"35646",0.0,0.0
"35647",0.0,0.0
"35648",1.4,0.9
"35649",0.0,0.0
"35650",0.0,0.0
"35651",1.6,1.1
"35652",0.0,0.0
"35653",0.0,0.0
"35654",0.0,0.0
"35751C",0.0,0.0
"35751D",0.0,0.0
"35793",0.0,0.0
"35809A",0.0,0.0
"35809B",0.0,0.0
"35810A",0.6,0.4
"35810B",2.9,2.3
"35811A",1.2,0.8
"35815B",0.0,0.0
"35815P",0.0,0.0
"35816B",0.0,0.0
"35816P",0.0,0.0
"35817B",0.0,0.0
"35817P",0.0,0.0
"35818B",0.0,0.0
"35818C",0.0,0.0
"35818P",0.0,0.0
"35819B",0.0,0.0
"35819P",0.0,0.0
"35821B",0.0,0.0
"35821P",0.0,0.0
"35822B",0.0,0.0
"35822P",0.0,0.0
"35823P",0.0,0.0
"35824B",0.0,0.0
"35824C",0.0,0.0
"35824P",0.0,0.0
"35832",1.6,1.4
"35833G",0.0,0.0
"35833P",0.0,0.0
"35837",0.0,0.0
"35838A",0.0,0.0
"35838B",0.0,0.0
"35840",8.3,5.6
"35909A",0.0,0.0
"35909B",0.0,0.0
"35910A",0.0,0.0
"35910B",0.0,0.0
"35911A",0.0,0.0
"35911B",0.0,0.0
"35912B",0.0,0.0
"35913B",0.0,0.0
"35914",0.0,0.0
"35915A",0.0,0.0
"35915B",0.0,0.0
"35915C",0.0,0.0
"35916A",0.0,0.0
"35916B",0.0,0.0
"35916C",0.0,0.0
"35918B",16.7,16.7
"35920",0.0,0.0
"35921",2.0,1.4
"35922",2.7,1.9
"35923",2.6,1.9
"35924",5.5,3.8
"35930",0.0,0.0
"35931",0.0,0.0
"35932",0.0,0.0
"35933",0.0,0.0
"35936",0.0,0.0
"35937",0.0,0.0
"35945",0.0,0.0
"35950",0.0,0.0
"35951",0.0,0.0
"35953",0.6,0.5
"35954",0.0,0.0
"35955",0.0,0.0
"35957",1.3,0.8
"35958",0.0,0.0
"35961",0.2,0.1
"35962",1.1,0.8
"35963",0.0,0.0
"35964",0.0,0.0
"35965",0.6,0.4
"35966",0.0,0.0
"35967",0.9,0.6
"35968",5.1,4.0
"35969",0.0,0.0
"35970",1.0,0.8
"35971",0.9,0.6
"35972",0.0,0.0
"35973",0.0,0.0
"35974",0.0,0.0
"35976B",50.0,50.0
"35978",0.0,0.0
"35979",6.9,5.3
"35980B",0.0,0.0
"35980C",3.2,3.0
"35981C",0.0,0.0
"35991",0.0,0.0
"35995",0.0,0.0
"35999",0.0,0.0
"37112",0.0,0.0
"37326",0.0,0.0
"37327",1.1,0.7
"37330",9.7,8.1
"37333",0.0,0.0
"37340",1.9,1.3
"37342",2.2,1.5
"37343",0.0,0.0
"37345",0.0,0.0
"37348",22.2,27.3
"37351",0.0,0.0
"37352",0.0,0.0
"37370",3.1,2.4
"37379A",5.9,3.6
"37379B",0.0,0.0
"37399",0.0,0.0
"37408",0.0,0.0
"37409",0.0,0.0
"37410",2.9,2.0
"37413",0.0,0.0
"37422",0.0,0.0
"37423",1.4,0.9
"37424",0.9,0.6
"37432",0.0,0.0
"37438",0.0,0.0
"37441",1.8,1.4
"37444A",4.4,3.2
"37444B",3.4,2.5
"37444C",1.8,1.1
"37446",6.0,4.8
"37447",7.4,5.9
"37448",4.7,3.9
"37449",13.0,11.5
"37450",6.5,5.4
"37451",66.7,66.7
"37461",1.0,0.8
"37462B",3.0,1.7
"37462E",3.4,4.1
"37464",0.0,0.0
"37467",0.0,0.0
"37468",0.0,0.0
"37471",8.3,5.3
"37474",0.0,0.0
"37475",0.0,0.0
"37476",0.0,0.0
"37477B",11.1,10.0
"37477C",0.0,0.0
"37479B",0.0,0.0
"37479P",0.0,0.0
"37481",0.0,0.0
"37482B",0.0,0.0
"37482P",0.0,0.0
"37483",9.1,7.7
"37484",0.0,0.0
"37485",0.0,0.0
"37487B",0.0,0.0
"37488A",14.3,12.5
"37489A",0.0,0.0
"37489B",0.0,0.0
"37489C",0.0,0.0
"37489D",0.0,0.0
"37491A",0.0,0.0
"37491B",0.0,0.0
"37491C",0.0,0.0
"37491D",0.0,0.0
"37492A",8.3,7.7
"37492B",12.0,11.8
"37492C",4.0,3.7
"37492D",3.7,3.4
"37494A",5.3,3.5
"37495",9.1,8.1
"37500",3.3,3.4
"37501",4.3,3.7
"37502",0.6,0.5
"37503",2.1,1.9
"37506",0.0,0.0
"37508",0.0,0.0
"37509",6.7,6.7
"40001",8.3,6.1
"40002",50.0,50.0
"40003",10.4,8.9
"40005B",0.0,0.0
"40016",0.0,0.0
"40018E",0.0,0.0
"40018F",2.5,2.1
"40046A",0.0,0.0
"40046C",0.0,0.0
"44089A",0.0,0.0
"44089C",0.0,0.0
"44091A",0.0,0.0
"44091C",0.0,0.0
"44092B",0.0,0.0
"44092C",0.0,0.0
"44217M",40.0,40.0
"44228",0.0,0.0
"44230",7.0,6.1
"44234",1.8,1.3
"44235",0.0,0.0
"44236",0.0,0.0
"44241C",0.0,0.0
"44242A",0.0,0.0
"44242B",0.0,0.0
"44265",0.0,0.0
"45008C",0.0,0.0
"45013",0.0,0.0
"45014",0.0,0.0
"45016",3.7,4.3
"46000M",0.5,0.5
"46000P",2.0,1.9
"46000R",0.0,0.0
"46000S",1.3,1.2
"46000U",0.0,0.0
"46037A",0.0,0.0
"46115B",0.0,0.0
"46118",0.0,0.0
"46126A",0.0,0.0
"46137D",0.0,0.0
"46138B",7.4,6.1
"46138D",0.0,0.0
"46307",0.0,0.0
"46775A",3.0,1.6
"46775B",0.0,0.0
"46775D",4.0,4.2
"46775E",0.0,0.0
"46776A",0.0,0.0
"46776B",0.0,0.0
"46776C",0.0,0.0
"46776D",1.3,1.4
"46776E",0.0,0.0
"46776F",0.0,0.0
"47013A",0.0,0.0
"47013C",3.6,2.9
"47016",0.0,0.0
"47021G",0.0,0.0
"47310M",0.0,0.0
"47341A",0.0,0.0
"47341B",0.0,0.0
"47343A",0.0,0.0
"47344B",0.0,0.0
"47347B",0.0,0.0
"47348A",0.0,0.0
"47351B",6.7,6.7
"47367B",1.0,0.6
"47369A",0.0,0.0
"47369B",0.0,0.0
"47420",0.0,0.0
"47421",1.3,2.4
"47422",4.3,3.8
"47469",3.3,4.9
"47471",0.0,0.0
"47480",1.3,1.0
"47481",0.0,0.0
"47502",8.1,7.4
"47503A",1.0,1.0
"47503E",0.0,0.0
"47503F",8.3,8.3
"47503G",0.0,0.0
"47503H",1.6,1.3
"47503J",3.9,2.8
"47503K",6.7,5.5
"47504E",0.0,0.0
"47504F",0.0,0.0
"47504G",1.7,1.5
"47504H",0.7,0.6
"47504J",33.3,25.0
"47504K",1.6,1.3
"47505",3.2,3.4
"47518F",0.0,0.0
"47552A",8.3,8.3
"47554",0.0,0.0
"47556",0.0,0.0
"47556B",0.7,0.6
"47559B",0.8,0.7
"47562",4.7,4.5
"47563A",0.7,0.4
"47563B",0.0,0.0
"47566",0.9,0.7
"47566B",1.2,1.0
"47567",100.0,100.0
"47567B",2.2,2.0
"47568",1.4,1.2
"47569",50.0,50.0
"47570",0.0,0.0
"47570B",0.4,0.4
"47574A",0.8,0.5
"47574B",0.0,0.0
"47578A",0.0,0.0
"47579",1.8,1.4
"47580",1.1,0.9
"47581B",2.7,2.1
"47583A",25.0,22.2
"47583B",0.0,0.0
"47585A",1.3,0.9
"47586A",0.0,0.0
"47587A",3.6,2.2
"47589",7.3,6.7
"47590A",1.3,1.2
"47590B",1.1,1.0
"47591A",1.4,1.0
"47591B",0.0,0.0
"47591C",0.0,0.0
"47591D",0.4,0.4
"47592A",0.0,0.0
"47592B",0.0,0.0
"47593A",0.0,0.0
"47593B",0.0,0.0
"47594A",9.4,7.4
"47594B",9.6,7.5
"47597",0.0,0.0
"47598",0.0,0.0
"47599A",0.8,0.7
"47599B",1.4,1.3
"48103",0.0,0.0
"48111",0.4,0.3
"48116",0.4,0.3
"48129",0.7,0.7
"48138",0.8,0.7
"48173A",0.0,0.0
"48173C",0.7,0.8
"48175",0.0,0.0
"48179",0.0,0.0
"48184",0.6,0.5
"48185",0.8,0.6
"48187",0.5,0.4
"48188",0.9,0.7
"48189",0.4,0.3
"48194",0.5,0.4
"48195",2.2,1.9
"48197",0.0,0.0
"49031B",0.0,0.0
"51008",5.8,5.3
"51012C",6.9,6.5
"51012L",14.3,14.3
"51014A",1.0,0.8
"51014C",2.2,1.6
"51014L",1.7,1.4
"51020A",1.9,1.9
"51020B",3.2,3.1
"62018",0.0,0.0
"62043B",9.1,9.1
"62074B",0.0,0.0
"62086A",0.0,0.0
"62094B",0.0,0.0
"62095B",0.0,0.0
"62096A",0.0,0.0
"62096B",0.0,0.0
"62097A",0.0,0.0
"62097B",0.0,0.0
"70006",0.7,0.5
"70007",0.5,0.3
"71028B",0.0,0.0
"71038",5.3,5.2
"71050",0.0,0.0
"71053",2.5,2.1
"71101A",0.0,0.0
"71101E",2.1,2.0
"71143",1.0,1.1
"71215",0.0,0.0
"71270",0.0,0.0
"71279",9.2,7.0
"71403",1.4,0.9
"71406C",0.0,0.0
"71434B",0.0,0.0
"71459",3.3,2.9
"71477",7.6,6.6
"71495A",4.8,3.1
"71495B",0.0,0.0
"71496A",0.0,0.0
"71496B",0.0,0.0
"71510",0.0,0.0
"72008",0.9,1.2
"72023F",0.0,0.0
"72024U",0.0,0.0
"72038B",0.0,0.0
"72038P",9.1,8.3
"72045D",14.3,10.0
"72051S",0.0,0.0
"72083A",0.0,0.0
"72084B",0.0,0.0
"72122",0.0,0.0
"72127",1.5,1.3
"72128",0.0,0.0
"72129",0.0,0.0
"72130",0.0,0.0
"72131",1.8,1.7
"72132",0.0,0.0
"72133",0.0,0.0
"72134",0.0,0.0
"72140E",3.3,3.1
"72140F",0.0,0.0
"72225C",2.6,2.4
"72225D",0.0,0.0
"72232",0.0,0.0
"72267",0.0,0.0
"72349B",0.3,0.2
"72351A",1.2,1.0
"72351B",1.4,1.2
"72369A",0.0,0.0
"72484",0.0,0.0
"72487",0.0,0.0
"72529W",2.0,3.4
"72586",0.5,0.4
"72598",0.6,0.4
"72606A",0.0,0.0
"72708",0.0,0.0
"72709",0.0,0.0
"72715",0.0,0.0
"72724",0.0,0.0
"72728",0.0,0.0
"72732",0.0,0.0
"72739B",0.0,0.0
"72739C",7.7,5.1
"72740A",0.0,0.0
"72740B",0.0,0.0
"72741",1.7,1.5
"72750A",5.6,5.3
"72750B",7.1,7.0
"72750C",0.0,0.0
"72750D",0.0,0.0
"72751A",0.0,0.0
"72751B",0.0,0.0
"72751C",0.0,0.0
"72752A",0.0,0.0
"72752B",0.0,0.0
"72753A",0.0,0.0
"72753B",0.0,0.0
"72753C",0.0,0.0
"72753D",18.2,18.2
"72754A",0.0,0.0
"72754B",0.0,0.0
"72754D",0.0,0.0
"72755C",6.7,6.3
"72755D",0.0,0.0
"72756",1.5,1.5
"72759",0.0,0.0
"72760B",1.0,0.9
"72771B",0.0,0.0
"72771C",0.0,0.0
"72772",0.0,0.0
"72779",0.0,0.0
"72780",2.2,2.2
"72781",6.3,5.9
"72783",0.0,0.0
"72785A",0.0,0.0
"72785B",0.0,0.0
"72789",2.2,2.1
"72793",9.1,9.1
"72796A",0.0,0.0
"72796B",0.0,0.0
"72796C",0.0,0.0
"72798C",0.0,0.0
"72799A",0.0,0.0
"72799B",0.0,0.0
"72799C",0.0,0.0
"72799D",0.0,0.0
"72799E",0.6,0.4
"72799F",0.0,0.0
"72800A",0.0,0.0
"72800B",1.1,0.9
"72800C",0.0,0.0
"72800D",1.1,1.0
"72800E",0.3,0.3
"72800F",0.0,0.0
"72801C",1.1,0.7
"72801D",0.0,0.0
"72801E",0.0,0.0
"72801F",0.0,0.0
"72801G",0.0,0.0
"72802A",5.1,5.0
"72802B",4.1,4.1
"72802C",1.8,1.6
"72803A",3.9,3.7
"72803B",5.1,4.5
"72805",0.0,0.0
"72807A",4.2,3.1
"72807B",4.6,3.7
"72807C",3.9,2.8
"72811",0.0,0.0
"72812",0.0,0.0
"72814",1.8,1.6
"72815",4.1,3.5
"72816",0.7,0.5
"72817",0.5,0.3
"72818",0.8,0.6
"72819",0.0,0.0
"72821",6.7,6.3
"75011",0.0,0.0
"75013B",1.3,1.0
"75049L",13.4,10.6
"75131",0.0,0.0
"75149N",0.0,0.0
"75172",0.0,0.0
"75178",0.0,0.0
"77079",0.0,0.0
"77081",2.9,2.0
"77101A",0.0,0.0
"78026",0.0,0.0
"78027",0.0,0.0
"78033",9.5,7.7
"78034B",0.0,0.0
"78056",50.0,40.0
"78124",0.0,0.0
"79000",3.1,2.5
"79026B",0.0,0.0
"79029",3.7,3.1
"79030A",0.0,0.0
"79030D",1.6,1.2
"79030G",0.0,0.0
"79051A",0.0,0.0
"79062D",0.0,0.0
"79063C",0.0,0.0
"79063D",0.0,0.0
"79065A",50.0,50.0
"79066K",1.2,0.9
"79067",2.0,1.5
"79070B",0.0,0.0
"79071B",0.0,0.0
"79072",7.0,5.0
"79140",0.0,0.0
"79144B",0.0,0.0
"79144C",0.0,0.0
"79149B",0.0,0.0
"79151B",0.0,0.0
"79157B",0.0,0.0
"79157V",0.0,0.0
"79160",5.4,4.0
"79161A",0.0,0.0
"79163",4.3,3.8
"79164",6.1,4.8
"79172D",0.0,0.0
"79190A",2.5,2.4
"79190B",1.4,1.1
"79190D",0.9,0.7
"79191B",6.7,5.4
"79191C",13.7,12.0
"79191D",3.4,3.6
"79192A",2.8,2.4
"79301",80.0,80.0
"79302M",0.9,0.7
"79303A",0.0,0.0
"79303B",0.0,0.0
"79303D",9.5,6.1
"79308B",0.0,0.0
"79315W",0.0,0.0
"79320",6.2,5.3
"79321",1.8,1.6
"79323B",46.4,42.6
"79323G",28.7,26.3
"79323GR",30.3,28.2
"79323LP",25.7,24.7
"79323P",24.4,22.1
"79323S",27.8,25.3
"79323W",26.2,24.8
"79328",5.6,4.2
"79329",0.0,0.0
"79331",0.0,0.0
"79336",0.0,0.0
"79337",4.5,4.2
"79338",0.0,0.0
"79340P",100.0,100.0
"79340W",100.0,100.0
"79341",22.3,19.7
"79342B",10.0,7.7
"79403",5.3,3.9
"79406",0.0,0.0
"79413",0.0,0.0
"79532",5.3,5.3
"79534",0.0,0.0
"81950B",2.9,2.1
"81950V",0.0,0.0
"81952B",0.0,0.0
"81952V",0.0,0.0
"81953B",0.0,0.0
"81953P",0.0,0.0
"81985A",0.0,0.0
"82001S",1.9,1.5
"82011A",2.9,2.2
"82011B",0.0,0.0
"82011C",0.0,0.0
"82011E",0.0,0.0
"82069",0.0,0.0
"82072",0.0,0.0
"82076",0.0,0.0
"82081",0.0,0.0
"82093",0.0,0.0
"82095",0.0,0.0
"82482",1.5,1.2
"82483",6.8,6.6
"82484",2.0,1.8
"82486",3.3,3.1
"82494L",1.8,1.6
"82545A",0.0,0.0
"82551",0.5,0.4
"82552",0.4,0.3
"82553",0.0,0.0
"82567",0.2,0.1
"82578",0.3,0.2
"82580",0.7,0.6
"82581",1.0,0.8
"82582",1.0,0.9
"82583",1.1,0.9
"82585",2.1,1.3
"82587",2.4,2.0
"82597",0.9,0.7
"82599",0.6,0.5
"82600",0.6,0.5
"82605",0.0,0.0
"82607A",4.2,2.9
"82607C",0.0,0.0
"82607E",3.8,3.7
"82613A",1.6,1.2
"82613B",0.8,0.5
"82613C",1.0,0.6
"82613D",0.4,0.2
"82615",2.2,1.9
"82616A",0.0,0.0
"82616B",1.6,1.6
"82616C",0.7,0.5
"84006",0.9,0.7
"84007",0.0,0.0
"84012",0.6,0.5
"84016",6.9,6.5
"84029C",0.0,0.0
"84029D",0.0,0.0
"84029E",1.0,0.9
"84029G",0.9,0.7
"84030B",0.0,0.0
"84030C",9.5,5.7
"84030E",0.7,0.6
"84031A",1.3,0.8
"84031B",0.7,0.5
"84032A",0.7,0.6
"84032B",1.3,1.0
"84033",3.9,5.0
"84050",1.8,1.5
"84051",0.0,0.0
"84077",1.1,1.1
"84078A",5.7,4.5
"84081",4.8,3.8
"84086B",7.7,7.1
"84086C",0.0,0.0
"84192",0.0,0.0
"84199",1.4,1.3
"84201B",0.0,0.0
"84201C",0.0,0.0
"84205C",0.0,0.0
"84206A",0.0,0.0
"84206B",0.0,0.0
"84206C",0.0,0.0
"84212",0.4,0.3
"84218",1.0,0.9
"84219",0.0,0.0
"84226",0.0,0.0
"84227",0.0,0.0
"84228",2.1,1.4
"84231",0.0,0.0
"84247C",0.0,0.0
"84247E",7.7,6.8
"84247G",0.0,0.0
"84247H",4.8,3.7
"84247J",0.0,0.0
"84247K",3.4,3.0
"84247L",0.9,0.7
"84247N",5.4,4.3
"84249A",0.0,0.0
"84249D",3.0,2.7
"84250M",0.0,0.0
"84251B",1.6,1.0
"84251C",0.0,0.0
"84251F",0.0,0.0
"84251G",0.0,0.0
"84251J",0.0,0.0
"84255A",0.0,0.0
"84255B",0.0,0.0
"84270",1.4,1.2
"84279B",4.0,3.6
"84279P",6.0,5.0
"84288B",4.0,3.6
"84292",6.7,5.9
"84292B",0.0,0.0
"84306",0.0,0.0
"84311",0.0,0.0
"84313A",0.0,0.0
"84313B",0.0,0.0
"84313C",0.0,0.0
"84327A",0.8,0.8
"84340",0.0,0.0
"84341B",0.0,0.0
"84347",0.8,0.8
"84352",4.5,4.2
"84356",1.5,1.1
"84358",0.0,0.0
"84360",0.0,0.0
"84366",0.0,0.0
"84367",0.0,0.0
"84371",0.0,0.0
"84375",0.6,0.5
"84378",0.7,0.6
"84380",0.8,0.7
"84387A",0.0,0.0
"84388",8.3,8.0
"84396",0.0,0.0
"84402B",0.0,0.0
"84402D",0.0,0.0
"84405A",1.9,1.7
"84406B",1.4,1.2
"84414B",0.0,0.0
"84415A",0.0,0.0
"84415B",0.0,0.0
"84422",4.9,3.6
"84424A",0.0,0.0
"84425A",0.0,0.0
"84427B",0.0,0.0
"84429A",0.0,0.0
"84437A",0.0,0.0
"84447",0.0,0.0
"84450A",16.7,14.3
"84450B",0.0,0.0
"84452",4.3,3.1
"84454",0.0,0.0
"84455",0.0,0.0
"84456",5.9,4.8
"84457",0.0,0.0
"84458",0.0,0.0
"84459A",2.4,1.7
"84459B",0.5,0.3
"84461",4.8,4.2
"84462",0.0,0.0
"84464",0.0,0.0
"84465",0.0,0.0
"84466",9.9,7.6
"84467",1.2,0.8
"84469",0.0,0.0
"84472",9.1,10.3
"84482",5.9,5.1
"84493",16.7,16.7
"84497",0.0,0.0
"84499",0.0,0.0
"84507B",3.4,2.7
"84507C",4.1,3.6
"84508A",2.7,2.5
"84508B",1.3,1.2
"84508C",2.3,2.0
"84509A",0.8,0.6
"84509B",0.5,0.4
"84509C",0.0,0.0
"84509E",0.0,0.0
"84509F",0.0,0.0
"84509G",0.0,0.0
"84510A",0.6,0.4
"84510B",0.7,0.5
"84510C",0.0,0.0
"84510E",0.0,0.0
"84510F",2.6,2.2
"84519A",0.0,0.0
"84519B",0.5,0.4
"84520B",0.1,0.1
"84520D",2.1,1.6
"84522",0.0,0.0
"84526",0.0,0.0
"84527",0.0,0.0
"84529A",0.0,0.0
"84529B",0.0,0.0
"84529C",0.0,0.0
"84531A",0.0,0.0
"84531B",0.0,0.0
"84532B",0.0,0.0
"84533B",0.0,0.0
"84534B",1.5,1.1
"84535A",0.0,0.0
"84535B",0.6,0.5
"84536A",0.3,0.2
"84536B",0.7,0.5
"84537B",0.0,0.0
"84539",0.0,0.0
"84546",0.0,0.0
"84548",0.0,0.0
"84549",0.0,0.0
"84550",0.0,0.0
"84551",0.0,0.0
"84555A",0.0,0.0
"84558A",0.5,0.4
"84559A",0.0,0.0
"84559B",0.5,0.3
"84559D",0.0,0.0
"84562A",1.3,1.1
"84562B",0.0,0.0
"84563A",0.0,0.0
"84563B",0.0,0.0
"84564",0.0,0.0
"84567",0.0,0.0
"84568",1.3,0.7
"84569A",0.9,0.6
"84569B",1.3,1.1
"84569C",2.2,1.5
"84569D",0.6,0.4
"84570B",0.0,0.0
"84572",0.0,0.0
"84575A",7.1,7.1
"84575B",0.0,0.0
"84576",0.0,0.0
"84578",0.0,0.0
"84580",0.2,0.2
"84581",0.0,0.0
"84582",0.0,0.0
"84584",0.0,0.0
"84586L",0.0,0.0
"84592",0.0,0.0
"84593",0.0,0.0
"84595B",0.0,0.0
"84595E",2.3,3.3
"84596B",0.4,0.3
"84596E",0.9,0.6
"84596F",0.2,0.1
"84596G",0.0,0.0
"84596I",0.0,0.0
"84596J",0.7,0.5
"84596K",1.1,0.8
"84596L",0.0,0.0
"84597B",3.4,2.6
"84597C",2.2,1.9
"84598",0.9,0.5
"84599",0.0,0.0
"84600",5.5,4.4
"84601A",6.3,5.3
"84608",20.0,20.0
"84609",2.5,1.9
"84611B",28.6,25.0
"84612B",0.0,0.0
"84613A",7.7,6.7
"84613C",0.0,0.0
"84614A",8.3,6.3
"84614C",0.0,0.0
"84615",4.5,4.0
"84616",10.7,9.7
"84617",0.0,0.0
"84619",0.0,0.0
"84620",0.0,0.0
"84621",0.0,0.0
"84622",10.0,8.3
"84623",0.0,0.0
"84625A",5.8,4.7
"84625B",5.3,5.0
"84625C",10.1,8.6
"84625D",7.3,6.6
"84626",0.0,0.0
"84627",5.0,4.8
"84629",7.1,7.1
"84630",0.0,0.0
"84631",3.8,2.6
"84632",8.3,7.7
"84637",0.0,0.0
"84638",0.0,0.0
"84641",0.0,0.0
"84648",0.0,0.0
"84653",0.0,0.0
"84656",0.0,0.0
"84657",0.0,0.0
"84658",0.0,0.0
"84659A",1.3,0.8
"84660A",3.4,2.7
"84660B",0.0,0.0
"84660C",0.0,0.0
"84661A",0.0,0.0
"84661B",0.0,0.0
"84661C",0.0,0.0
"84663A",5.9,4.3
"84664",3.8,3.7
"84665",9.4,9.3
"84666",0.0,0.0
"84670",1.6,1.9
"84671B",0.0,0.0
"84673A",1.0,0.8
"84673B",0.7,0.5
"84674",2.8,2.4
"84675",3.1,2.4
"84676",8.3,7.6
"84678",4.7,3.8
"84679",20.0,20.0
"84680",5.3,5.0
"84682",5.8,4.6
"84683",2.1,1.4
"84684",4.8,3.3
"84685",2.3,1.5
"84686",3.8,2.5
"84687",6.4,5.1
"84688",9.0,6.5
"84689",9.1,8.0
"84690",6.7,6.3
"84691",1.3,1.0
"84692",0.7,0.6
"84705A",0.0,0.0
"84705B",0.0,0.0
"84705C",0.0,0.0
"84705D",0.0,0.0
"84705F",0.0,0.0
"84706A",0.0,0.0
"84706B",18.2,16.7
"84706C",0.0,0.0
"84706D",5.9,5.3
"84706F",5.6,5.0
"84707A",0.0,0.0
"84707B",1.9,1.2
"84708B",0.0,0.0
"84709A",0.0,0.0
"84709B",1.1,0.8
"84711A",0.0,0.0
"84711B",0.0,0.0
"84712B",0.0,0.0
"84715",0.0,0.0
"84720",0.0,0.0
"84721",0.0,0.0
"84723",14.3,14.3
"84725",0.0,0.0
"84726",0.0,0.0
"84731",0.0,0.0
"84732B",0.0,0.0
"84732D",0.0,0.0
"84741C",0.0,0.0
"84743C",0.0,0.0
"84744",0.0,0.0
"84745A",0.0,0.0
"84745B",0.0,0.0
"84746",0.0,0.0
"84748",0.0,0.0
"84750A",7.0,4.7
"84750B",4.9,3.8
"84751B",9.5,9.1
"84753A",0.0,0.0
"84754",0.9,0.7
"84755",2.2,2.1
"84757",0.0,0.0
"84760L",0.0,0.0
"84760S",0.0,0.0
"84761",1.6,1.3
"84762A",9.4,8.1
"84762B",0.0,0.0
"84762C",0.0,0.0
"84763",0.0,0.0
"84765",14.3,11.1
"84766",12.9,12.9
"84767",0.0,0.0
"84770",30.4,30.4
"84773",4.0,3.8
"84782A",18.2,17.6
"84782B",0.0,0.0
"84782C",18.2,18.2
"84789",3.9,3.5
"84791",0.9,0.7
"84792",1.5,1.5
"84795A",0.0,0.0
"84795B",0.0,0.0
"84795C",0.8,0.6
"84795D",1.2,1.1
"84795E",0.0,0.0
"84796A",0.0,0.0
"84796B",0.0,0.0
"84797A",0.0,0.0
"84797B",1.9,1.2
"84798A",9.1,8.3
"84798B",9.1,15.4
"84798C",0.0,0.0
"84799",6.1,5.7
"84800L",2.5,2.4
"84800M",3.6,3.4
"84800S",5.0,5.0
"84801A",0.0,0.0
"84801B",0.0,0.0
"84802A",0.0,0.0
"84802B",0.0,0.0
"84803A",5.6,5.3
"84803B",15.4,20.0
"84804A",0.0,0.0
"84804B",5.0,4.8
"84805A",0.0,0.0
"84805B",0.0,0.0
"84806A",0.0,0.0
"84806B",0.0,0.0
"84807",0.0,0.0
"84809A",4.5,7.7
"84809B",0.0,0.0
"84813",1.0,0.8
"84814A",0.0,0.0
"84814B",0.0,0.0
"84815",0.0,0.0
"84816",27.6,27.3
"84817",8.1,7.9
"84818",4.0,3.1
"84819",2.1,2.0
"84820",3.6,3.3
"84821",1.3,1.2
"84823",3.3,3.3
"84824",3.0,2.6
"84826",3.8,3.6
"84827",0.0,0.0
"84828",0.6,0.4
"84830",12.5,12.5
"84832",0.2,0.1
"84836",0.6,0.6
"84837",0.0,0.0
"84838",0.0,0.0
"84839",2.5,2.2
"84840",1.4,1.3
"84842",2.8,2.2
"84843",1.8,1.5
"84845A",0.0,0.0
"84845C",6.7,6.7
"84845D",0.0,0.0
"84846A",0.0,0.0
"84847",2.0,1.6
"84849A",2.8,2.1
"84849B",0.7,0.6
"84849D",1.1,1.0
"84854",0.9,0.6
"84855",0.0,0.0
"84856L",0.0,0.0
"84856S",2.9,2.6
"84857A",0.0,0.0
"84857B",50.0,50.0
"84857C",5.6,4.8
"84858A",0.0,0.0
"84858B",0.0,0.0
"84858C",0.0,0.0
"84859A",0.0,0.0
"84859B",0.0,0.0
"84859C",0.0,0.0
"84864A",0.0,0.0
"84865",0.0,0.0
"84867A",0.0,0.0
"84867B",0.0,0.0
"84868A",0.0,0.0
"84868B",20.0,20.0
"84869",0.0,0.0
"84870B",2.4,3.4
"84870C",0.0,0.0
"84872A",0.0,0.0
"84873A",0.0,0.0
"84874B",0.0,0.0
"84875A",0.0,0.0
"84875B",0.0,0.0
"84875D",0.0,0.0
"84876B",0.0,0.0
"84876C",20.0,20.0
"84876D",5.3,4.3
"84877A",0.0,0.0
"84877B",2.3,1.4
"84877D",0.0,0.0
"84879",0.7,0.7
"84880",1.3,1.2
"84881",4.0,3.7
"84882",0.0,0.0
"84884A",0.3,0.2
"84886",0.0,0.0
"84891B",0.0,0.0
"84893",0.0,0.0
"84898F",0.0,0.0
"84899E",4.5,3.4
"84899F",0.0,0.0
"84901",0.0,0.0
"84902",0.0,0.0
"84905",0.0,0.0
"84906",4.5,4.0
"84907",12.2,7.9
"84908A",2.7,1.5
"84908B",0.0,0.0
"84909A",0.0,0.0
"84910A",1.9,1.5
"84912A",0.0,0.0
"84912B",0.0,0.0
"84913A",0.0,0.0
"84913B",0.5,0.3
"84914A",0.0,0.0
"84915",0.0,0.0
"84916",0.0,0.0
"84917",0.0,0.0
"84918",1.5,0.9
"84919",12.2,9.7
"84920",0.0,0.0
"84921",0.0,0.0
"84922",0.0,0.0
"84923",0.0,0.0
"84924A",0.0,0.0
"84924D",0.0,0.0
"84924F",9.1,7.7
"84925A",0.0,0.0
"84925C",0.0,0.0
"84925D",3.6,3.4
"84925E",0.0,0.0
"84925F",0.0,0.0
"84926A",0.0,0.0
"84926B",0.0,0.0
"84926C",3.1,2.3
"84926D",0.0,0.0
"84926E",0.0,0.0
"84926F",2.3,1.8
"84927A",10.8,8.9
"84927D",9.7,8.6
"84927E",6.5,5.4
"84927F",3.1,2.6
"84929",4.1,4.9
"84931A",0.0,0.0
"84931B",1.2,0.9
"84932A",0.0,0.0
"84932B",0.0,0.0
"84932C",2.9,2.9
"84932D",0.0,0.0
"84933A",0.0,0.0
"84933B",0.0,0.0
"84933C",0.0,0.0
"84934",7.1,6.7
"84937",1.6,1.2
"84942",0.0,0.0
"84944",2.5,2.4
"84945",4.7,4.3
"84946",2.5,2.0
"84947",1.7,1.4
"84948",5.3,4.8
"84949",8.7,7.8
"84950",3.2,2.9
"84951A",0.7,0.4
"84951B",0.0,0.0
"84952A",0.0,0.0
"84952B",2.2,1.5
"84952C",0.0,0.0
"84962",0.0,0.0
"84963A",0.0,0.0
"84963B",0.0,0.0
"84964A",0.0,0.0
"84964B",0.0,0.0
"84965A",0.0,0.0
"84965B",0.0,0.0
"84966A",0.0,0.0
"84966B",0.0,0.0
"84966C",0.0,0.0
"84967A",25.0,20.0
"84967B",15.4,14.3
"84967C",0.0,0.0
"84968A",1.9,1.3
"84968B",0.7,0.5
"84968C",1.0,0.7
"84968D",0.9,0.6
"84968E",0.9,0.6
"84968F",0.0,0.0
"84969",1.4,1.0
"84970L",0.3,0.2
"84970S",0.9,0.7
"84971L",3.3,2.6
"84971S",0.4,0.3
"84972L",0.0,0.0
"84974",1.7,1.7
"84975",1.9,1.5
"84976",3.4,2.8
"84977",0.0,0.0
"84978",3.5,2.8
"84984A",5.6,5.3
"84984B",5.9,5.9
"84984C",0.0,0.0
"84984D",0.0,0.0
"84985A",0.6,0.5
"84985B",0.0,0.0
"84986B",0.0,0.0
"84987",0.7,0.6
"84988",0.3,0.2
"84989A",1.0,0.7
"84989B",0.0,0.0
"84990",0.5,0.4
"84991",0.7,0.6
"84992",0.5,0.4
"84993A",0.0,0.0
"84993B",0.0,0.0
"84997A",0.9,0.7
"84997B",0.6,0.5
"84997C",1.0,0.8
"84997D",0.8,0.7
"85006",19.6,18.8
"85007",4.5,4.0
"85008",2.0,1.8
"85014A",0.3,0.3
"85014B",1.3,1.1
"85014C",1.4,1.3
"85014D",0.0,0.0
"85015",0.0,0.0
"85016",1.2,0.8
"85017A",0.0,0.0
"85017B",0.3,0.2
"85017C",0.8,0.5
"85018A",0.0,0.0
"85018B",0.0,0.0
"85018C",0.0,0.0
"85018D",2.4,2.0
"85019A",2.0,1.7
"85019B",2.1,1.7
"85019C",7.1,6.5
"85020",0.0,0.0
"85023A",9.1,9.1
"85023B",7.3,7.1
"85023C",8.3,7.7
"85024A",0.0,0.0
"85024B",0.0,0.0
"85024C",2.3,2.2
"85025B",3.1,2.3
"85025C",1.6,1.2
"85026B",3.3,2.6
"85027L",7.0,7.0
"85028L",6.9,6.5
"85028S",5.7,5.4
"85030",9.4,9.4
"85031A",0.0,0.0
"85031B",0.0,0.0
"85031C",0.0,0.0
"85032A",0.0,0.0
"85032B",0.0,0.0
"85032C",0.6,0.4
"85032D",0.7,0.6
"85033G",5.9,4.0
"85033S",2.0,1.6
"85034A",3.5,2.8
"85034B",0.0,0.0
"85034C",3.0,2.4
"85035A",3.7,3.2
"85035B",0.0,0.0
"85035C",0.5,0.4
"85036A",1.2,1.1
"85036B",1.1,1.0
"85036C",2.3,2.1
"85038",0.0,0.0
"85039A",0.7,0.6
"85039B",0.4,0.2
"85039C",1.7,1.0
"85040A",3.8,3.1
"85040B",3.0,2.7
"85041",3.2,2.7
"85042",17.2,16.4
"85043",75.0,75.0
"85044",11.1,8.5
"85045",4.6,3.9
"85047",15.4,13.5
"85048",8.8,7.6
"85049A",0.8,0.7
"85049B",0.0,0.0
"85049C",0.6,0.5
"85049D",0.0,0.0
"85049E",0.4,0.4
"85049F",0.6,0.6
"85049G",0.9,0.7
"85049H",0.0,0.0
"85050",0.0,0.0
"85053",4.3,3.4
"85054",2.4,1.9
"85055",0.0,0.0
"85059",1.9,1.4
"85060",4.3,3.6
"85061W",0.8,0.6
"85062",1.4,1.2
"85063",17.4,15.5
"85064",1.1,0.9
"85065",3.7,3.4
"85066",5.7,5.0
"85067",5.9,5.3
"85068",2.0,1.8
"85069",66.7,66.7
"85070",20.0,16.7
"85071A",1.3,1.1
"85071B",0.6,0.5
"85071C",0.0,0.0
"85071D",0.0,0.0
"85072",0.0,0.0
"85077",0.0,0.0
"85078",0.6,0.4
"85079",0.0,0.0
"85080",0.0,0.0
"85081",0.0,0.0
"85083",33.3,33.3
"85084",0.0,0.0
"85086A",0.0,0.0
"85087",1.4,0.7
"85088",2.5,1.7
"85089",0.0,0.0
"85090",5.4,4.0
"85091",4.8,3.7
"85092",4.0,2.9
"85093",0.7,0.4
"85094",0.9,0.6
"85095",0.0,0.0
"85096",1.5,1.2
"85097B",11.1,10.0
"85098B",5.0,4.0
"85099B",2.0,1.7
"85099C",1.4,1.1
"85099F",1.4,1.2
"85103",5.4,3.9
"85104",3.4,2.9
"85106",0.0,0.0
"85107",0.0,0.0
"85109",4.8,4.3
"85110",8.0,6.9
"85111",1.3,1.1
"85112",0.0,0.0
"85113",0.0,0.0
"85114A",0.0,0.0
"85114B",0.4,0.3
"85114C",0.0,0.0
"85115B",0.0,0.0
"85116",1.1,0.6
"85117",0.0,0.0
"85118",12.0,9.9
"85119",4.9,4.7
"85121B",11.1,8.0
"85121C",1.9,1.5
"85123A",2.4,2.1
"85123B",0.0,0.0
"85124A",2.8,2.1
"85124B",1.0,0.8
"85124C",1.6,1.3
"85125",1.6,1.2
"85126",10.5,9.8
"85127",1.2,0.8
"85128",0.0,0.0
"85129A",1.3,1.1
"85129B",0.0,0.0
"85129C",0.0,0.0
"85129D",0.6,0.4
"85130A",0.0,0.0
"85130B",0.0,0.0
"85130C",0.0,0.0
"85130D",0.0,0.0
"85131A",2.0,1.2
"85131B",0.0,0.0
"85131C",0.0,0.0
"85131D",0.0,0.0
"85132A",1.9,1.3
"85132B",0.7,0.6
"85132C",1.9,1.4
"85135A",6.0,5.0
"85135B",1.7,1.3
"85135C",1.8,1.2
"85136A",0.9,0.7
"85136B",2.1,1.8
"85136C",2.4,2.4
"85141",6.6,6.3
"85142",2.8,2.3
"85144",2.8,2.7
"85145",3.2,3.2
"85146",0.0,0.0
"85147",5.9,5.0
"85150",1.1,0.9
"85151",0.0,0.0
"85152",0.5,0.5
"85157",0.0,0.0
"85159A",8.9,6.5
"85159B",13.6,11.3
"85160A",2.8,2.0
"85160B",9.8,8.2
"85161",5.6,3.8
"85162A",16.7,16.0
"85162B",0.0,0.0
"85162C",0.0,0.0
"85163A",0.0,0.0
"85163B",1.5,1.0
"85164B",1.5,1.1
"85165",0.0,0.0
"85166A",7.7,5.9
"85166B",0.0,0.0
"85167A",6.7,5.9
"85167B",0.0,0.0
"85168A",0.0,0.0
"85168B",0.0,0.0
"85169A",0.7,0.9
"85169B",0.0,0.0
"85169C",1.4,1.9
"85169D",1.1,1.5
"85170A",3.4,2.8
"85170B",6.5,4.6
"85170C",0.9,0.6
"85170D",2.6,1.7
"85171",0.0,0.0
"85172",3.8,3.9
"85173",0.7,0.5
"85174",2.7,2.2
"85175",2.6,2.4
"85176",1.3,0.9
"85177",0.7,0.6
"85178",1.9,1.6
"85179A",1.4,0.8
"85179B",0.0,0.0
"85179C",0.0,0.0
"85180A",2.9,2.2
"85180B",0.0,0.0
"85183A",2.8,2.6
"85183B",1.7,1.6
"85184B",12.5,12.5
"85184C",0.0,0.0
"85184D",2.9,2.4
"85185B",0.5,0.4
"85185C",0.0,0.0
"85185D",0.0,0.0
"85185E",33.3,33.3
"85185F",0.0,0.0
"85186A",0.6,0.4
"85186B",0.0,0.0
"85186C",1.3,1.3
"85187",0.0,0.0
"85188A",1.9,1.5
"85188B",1.3,2.0
"85189",4.2,4.8
"85190",5.6,4.8
"85192S",0.0,0.0
"85194L",3.3,2.6
"85194S",2.2,1.7
"85195",5.6,5.3
"85196",1.4,2.6
"85197",0.0,0.0
"85198",0.0,0.0
"85199L",1.4,1.1
"85199S",0.2,0.1
"85200",0.9,1.7
"85202",0.5,0.3
"85203",0.0,0.0
"85204",0.6,0.4
"85205A",0.0,0.0
"85205B",0.0,0.0
"85206A",1.2,1.1
"85206B",1.6,1.9
"85208",0.0,0.0
"85211",3.8,2.9
"85212",0.0,0.0
"85213",1.2,0.9
"85214",0.0,0.0
"85215",0.0,0.0
"85216",2.1,1.7
"85217",2.4,2.0
"85218",25.0,20.0
"85219",100.0,100.0
"85220",28.6,28.6
"85221",7.8,7.1
"85222",3.8,3.2
"85224",0.0,0.0
"85225",0.0,0.0
"85226A",4.0,3.2
"85226C",0.0,0.0
"85227",0.7,0.5
"85230A",0.0,0.0
"85230B",0.0,0.0
"85230C",0.0,0.0
"85230D",0.0,0.0
"85230E",0.0,0.0
"85230F",0.0,0.0
"85230G",2.1,2.1
"85231B",0.3,0.2
"85231E",0.9,0.8
"85231G",0.8,0.6
"85231L",0.0,0.0
"85232A",9.7,8.6
"85232B",4.9,4.1
"85232C",0.0,0.0
"85232D",3.0,2.5
"90000A",0.0,0.0
"90000B",4.5,5.7
"90000C",0.0,0.0
"90000D",0.0,0.0
"90001A",0.0,0.0
"90001B",9.1,11.1
"90001C",0.0,0.0
"90001D",0.0,0.0
"90002A",0.0,0.0
"90002B",0.0,0.0
"90002C",5.0,3.6
"90002D",2.9,2.1
"90002E",15.4,12.5
"90003B",7.4,4.5
"90003C",5.4,3.2
"90003D",5.9,3.9
"90003E",4.3,2.4
"90004A",0.0,0.0
"90005A",0.0,0.0
"90010A",3.2,2.1
"90010B",2.9,1.9
"90010E",2.8,1.9
"90011A",0.0,0.0
"90011B",0.0,0.0
"90011C",0.0,0.0
"90011D",0.0,0.0
"90011E",0.0,0.0
"90012A",0.0,0.0
"90012B",0.0,0.0
"90013A",1.3,0.7
"90013B",0.0,0.0
"90013C",1.8,1.9
"90013D",0.0,0.0
"90013E",0.0,0.0
"90014A",0.0,0.0
"90014B",0.0,0.0
"90014C",0.0,0.0
"90016A",0.0,0.0
"90016B",0.0,0.0
"90016C",0.0,0.0
"90018A",1.8,1.0
"90018B",0.0,0.0
"90018C",4.8,2.9
"90019A",0.0,0.0
"90019B",0.0,0.0
"90019C",0.0,0.0
"90020",0.0,0.0
"90021",0.0,0.0
"90022",5.9,4.8
"90023",0.0,0.0
"90024A",0.0,0.0
"90024B",4.3,2.6
"90024C",0.0,0.0
"90024D",0.0,0.0
"90024E",0.0,0.0
"90024F",0.0,0.0
"90025A",0.0,0.0
"90025B",0.0,0.0
"90025C",0.0,0.0
"90025D",0.0,0.0
"90025E",0.0,0.0
"90025F",0.0,0.0
"90026A",0.0,0.0
"90026B",0.0,0.0
"90026C",0.0,0.0
"90026D",0.0,0.0
"90027A",0.0,0.0
"90027B",0.0,0.0
"90027C",0.0,0.0
"90027D",0.0,0.0
"90028",0.0,0.0
"90029",7.7,12.5
"90030A",0.0,0.0
"90030B",0.0,0.0
"90030C",0.0,0.0
"90031",0.0,0.0
"90032",0.0,0.0
"90033",0.0,0.0
"90034",0.0,0.0
"90035A",0.0,0.0
"90035B",0.0,0.0
"90035C",0.0,0.0
"90036A",0.0,0.0
"90036B",0.0,0.0
"90036C",0.0,0.0
"90036D",0.0,0.0
"90036E",0.0,0.0
"90036F",0.0,0.0
"90037A",0.0,0.0
"90037B",0.0,0.0
"90037C",0.0,0.0
"90037D",0.0,0.0
"90038A",0.0,0.0
"90038B",0.0,0.0
"90038C",0.0,0.0
"90039A",0.0,0.0
"90039B",0.0,0.0
"90039C",0.0,0.0
"90039D",0.0,0.0
"90040A",2.9,1.7
"90040B",0.0,0.0
"90040C",4.5,3.0
"90040D",0.0,0.0
"90041",0.0,0.0
"90042A",0.0,0.0
"90042B",0.0,0.0
"90042C",0.0,0.0
"90043",0.0,0.0
"90046",12.5,12.5
"90048",11.1,9.1
"90049",14.3,12.5
"90050",14.3,9.1
"90051",0.0,0.0
"90052",0.0,0.0
"90053",0.0,0.0
"90054",0.0,0.0
"90055",0.0,0.0
"90056",0.0,0.0
"90057",0.0,0.0
"90058A",7.1,7.1
"90058B",3.3,3.2
"90059A",2.0,1.1
"90059B",5.9,3.4
"90059C",4.2,2.5
"90059D",2.4,1.3
"90059E",2.9,1.7
"90059F",3.6,2.0
"90060B",0.0,0.0
"90060C",0.0,0.0
"90060D",0.0,0.0
"90060F",0.0,0.0
"90062",3.5,2.2
"90063A",0.0,0.0
"90063B",0.0,0.0
"90064A",0.0,0.0
"90064B",7.7,6.3
"90065A",5.9,7.4
"90065B",0.0,0.0
"90066A",0.0,0.0
"90067A",0.0,0.0
"90067B",0.0,0.0
"90068",0.0,0.0
"90069",0.0,0.0
"90070",5.4,3.3
"90071",0.0,0.0
"90072",0.0,0.0
"90073",0.0,0.0
"90074",0.0,0.0
"90075",0.0,0.0
"90076",12.5,7.1
"90077",0.0,0.0
"90078",0.0,0.0
"90079",0.0,0.0
"90081A",0.0,0.0
"90081B",0.0,0.0
"90081C",0.0,0.0
"90082A",0.0,0.0
"90082B",0.0,0.0
"90082C",0.0,0.0
"90082D",1.9,1.5
"90083",0.0,0.0
"90084",10.0,10.0
"90085",6.5,4.7
"90086",0.0,0.0
"90087",3.6,2.3
"90088",12.5,11.1
"90089",0.0,0.0
"90090",8.3,9.1
"90091",0.0,0.0
"90092",9.1,11.8
"90093",7.4,5.9
"90094",0.0,0.0
"90095",0.0,0.0
"90096",0.0,0.0
"90098",1.8,1.1
"90099",0.0,0.0
"90100",0.0,0.0
"90101",3.3,1.9
"90102",0.0,0.0
"90103",0.0,0.0
"90104",0.0,0.0
"90108",4.5,3.3
"90111",0.0,0.0
"90112",0.0,0.0
"90114",0.0,0.0
"90115",0.0,0.0
"90116",0.0,0.0
"90118",3.3,1.8
"90119",0.0,0.0
"90120A",0.0,0.0
"90120B",0.0,0.0
"90120C",0.0,0.0
"90120D",0.0,0.0
"90121B",10.0,10.0
"90122A",0.0,0.0
"90122B",0.0,0.0
"90122C",0.0,0.0
"90123A",0.0,0.0
"90123B",0.0,0.0
"90123C",0.0,0.0
"90123D",0.0,0.0
"90124A",0.0,0.0
"90124B",0.0,0.0
"90124C",0.0,0.0
"90125A",5.3,4.0
"90125B",0.0,0.0
"90125C",0.0,0.0
"90125D",0.0,0.0
"90125E",0.0,0.0
"90126A",0.0,0.0
"90126B",0.0,0.0
"90126C",0.0,0.0
"90127A",0.0,0.0
"90127B",0.0,0.0
"90128A",0.0,0.0
"90128B",0.0,0.0
"90128C",0.0,0.0
"90128D",0.0,0.0
"90129A",0.0,0.0
"90129B",0.0,0.0
"90129C",0.0,0.0
"90129D",0.0,0.0
"90129E",0.0,0.0
"90129F",0.0,0.0
"90130A",0.0,0.0
"90130B",0.0,0.0
"90130C",0.0,0.0
"90130D",0.0,0.0
"90131",0.0,0.0
"90132",0.0,0.0
"90133",0.0,0.0
"90134",0.0,0.0
"90135",0.0,0.0
"90135A",0.0,0.0
"90136",0.0,0.0
"90137",0.0,0.0
"90138",0.0,0.0
"90139",0.0,0.0
"90140",0.0,0.0
"90141A",0.0,0.0
"90141B",0.0,0.0
"90141C",0.0,0.0
"90141D",0.0,0.0
"90141E",0.0,0.0
"90142A",0.0,0.0
"90142B",0.0,0.0
"90142C",0.0,0.0
"90142D",0.0,0.0
"90143",4.7,3.0
"90144",0.0,0.0
"90145",0.0,0.0
"90146",5.0,3.7
"90147",3.3,2.5
"90148",5.3,4.8
"90149",0.0,0.0
"90150",0.0,0.0
"90151",0.0,0.0
"90152A",0.0,0.0
"90152B",0.0,0.0
"90152C",0.0,0.0
"90154",0.0,0.0
"90155",0.0,0.0
"90156",0.0,0.0
"90157",0.0,0.0
"90158",0.0,0.0
"90159",0.0,0.0
"90160A",3.8,3.2
"90160B",0.0,0.0
"90160C",0.0,0.0
"90160D",3.8,3.3
"90161A",0.0,0.0
"90161B",0.0,0.0
"90161C",0.0,0.0
"90161D",0.0,0.0
"90162A",0.0,0.0
"90162B",4.8,4.5
"90162C",0.0,0.0
"90162D",0.0,0.0
"90163A",0.0,0.0
"90163B",0.0,0.0
"90164A",0.0,0.0
"90164B",0.0,0.0
"90165A",0.0,0.0
"90165B",0.0,0.0
"90166",3.1,3.8
"90167",1.8,1.3
"90168",4.0,2.2
"90169",4.2,2.3
"90170",1.4,0.7
"90171",0.0,0.0
"90173",1.9,2.0
"90174",5.9,3.2
"90175A",3.1,2.0
"90175B",3.6,2.1
"90175C",0.0,0.0
"90175D",0.0,0.0
"90176A",12.5,8.3
"90176B",0.0,0.0
"90176C",25.0,20.0
"90176D",12.5,11.1
"90176E",0.0,0.0
"90177A",6.7,3.7
"90177B",0.0,0.0
"90177C",4.0,2.3
"90177D",3.8,2.4
"90177E",4.3,2.4
"90178A",0.0,0.0
"90178B",0.0,0.0
"90179A",0.0,0.0
"90179B",0.0,0.0
"90179C",5.9,7.4
"90180A",3.3,4.9
"90180B",0.0,0.0
"90181A",0.0,0.0
"90181B",0.0,0.0
"90181C",0.0,0.0
"90182A",0.0,0.0
"90182B",0.0,0.0
"90182C",7.1,4.0
"90183A",3.1,1.8
"90183B",0.0,0.0
"90183C",0.0,0.0
"90184A",0.0,0.0
"90184B",4.1,2.9
"90184C",0.0,0.0
"90185A",10.3,6.5
"90185B",12.8,8.3
"90185C",17.9,13.5
"90185D",5.4,3.6
"90186A",0.0,0.0
"90186B",0.0,0.0
"90187A",0.0,0.0
"90187B",0.0,0.0
"90188",0.0,0.0
"90189A",0.0,0.0
"90189B",0.0,0.0
"90190A",0.0,0.0
"90190B",0.0,0.0
"90190C",0.0,0.0
"90191",0.0,0.0
"90192",1.9,1.1
"90194",0.0,0.0
"90195A",4.3,3.1
"90195B",3.7,3.0
"90196A",8.3,7.1
"90196B",0.0,0.0
"90197B",0.0,0.0
"90197D",0.0,0.0
"90198A",0.0,0.0
"90198B",0.0,0.0
"90199A",5.9,8.0
"90199B",0.0,0.0
"90199C",3.1,2.6
"90199D",0.0,0.0
"90200A",2.0,1.3
"90200B",2.3,1.6
"90200C",2.0,1.3
"90200D",0.7,0.4
"90200E",5.2,3.7
"90201A",1.8,1.1
"90201B",5.3,3.2
"90201C",2.1,1.4
"90201D",0.0,0.0
"90202A",4.2,2.3
"90202B",5.9,3.3
"90202C",3.8,2.1
"90202D",4.0,2.3
"90203",2.9,2.2
"90204",2.6,1.5
"90205A",0.0,0.0
"90205C",0.0,0.0
"90206A",0.0,0.0
"90206C",0.0,0.0
"90208",1.4,0.8
"90209A",16.7,16.7
"90209B",0.0,0.0
"90209C",2.9,1.8
"90210A",0.0,0.0
"90210B",0.0,0.0
"90210C",0.0,0.0
"90210D",0.0,0.0
"90211A",0.0,0.0
"90211B",3.7,2.2
"90212B",0.0,0.0
"90212C",0.0,0.0
"90214A",1.0,0.6
"90214B",0.0,0.0
"90214C",1.4,1.0
"90214D",0.0,0.0
"90214E",1.5,1.0
"90214F",0.0,0.0
"90214G",4.0,2.6
"90214H",0.0,0.0
"90214I",3.6,2.3
"90214J",1.1,0.7
"90214K",1.2,0.8
"90214L",2.9,1.8
"90214M",0.0,0.0
"90214N",0.0,0.0
"90214O",0.0,0.0
"90214P",2.9,2.0
"90214R",0.0,0.0
"90214S",1.1,0.7
"90214T",0.0,0.0
"90214U",0.0,0.0
"90214V",0.0,0.0
"90214W",0.0,0.0
"90214Y",0.0,0.0
"90214Z",0.0,0.0
