"customer_id","frequency_completed_only","frequency_all_orders","cancellation_gap"
"14911",398,510,112
"17841",211,289,78
"14527",122,190,68
"14606",192,259,67
"15311",208,270,62
"12471",79,129,50
"14156",156,202,46
"13089",203,247,44
"13078",57,95,38
"17677",54,91,37
"16422",109,146,37
"13093",55,88,33
"13408",106,135,29
"12921",74,103,29
"14680",58,87,29
"12748",337,365,28
"18223",26,52,26
"13534",35,60,25
"17511",60,85,25
"13113",37,60,23
"13767",73,96,23
"12474",31,54,23
"16133",56,78,22
"13050",35,57,22
"17696",27,48,21
"12709",34,55,21
"13694",143,164,21
"15005",56,76,20
"17949",118,138,20
"13319",58,78,20
"17675",70,90,20
"13599",33,52,19
"16705",42,61,19
"16029",107,125,18
"14194",36,54,18
"13047",24,42,18
"12472",19,37,18
"13564",37,54,17
"14096",17,34,17
"16191",24,40,16
"17389",61,77,16
"13081",28,44,16
"17865",46,62,16
"16401",23,39,16
"13798",110,125,15
"14113",16,31,15
"12476",23,38,15
"13468",72,87,15
"12931",57,71,14
"15039",93,107,14
"17612",18,32,14
"14299",27,41,14
"15827",28,42,14
"14112",13,27,14
"16161",43,57,14
"16656",30,44,14
"13267",36,50,14
"13115",10,23,13
"17811",47,60,13
"17377",78,91,13
"16670",20,33,13
"15622",17,30,13
"15502",14,27,13
"15291",40,53,13
"15358",42,55,13
"14329",15,28,13
"13098",28,41,13
"14646",152,164,12
"12708",18,30,12
"14796",27,39,12
"13777",61,73,12
"16782",38,50,12
"13097",28,40,12
"18226",26,38,12
"13317",19,31,12
"13668",35,47,12
"15125",24,36,12
"15044",35,47,12
"17340",18,30,12
"14534",26,38,12
"15189",46,58,12
"17706",31,43,12
"17017",29,41,12
"14292",16,27,11
"15093",23,34,11
"14952",32,43,11
"14031",44,55,11
"17243",69,80,11
"15498",44,55,11
"16523",28,39,11
"18075",20,31,11
"12681",45,56,11
"16550",18,29,11
"16570",20,31,11
"15078",53,64,11
"13883",15,26,11
"15194",28,39,11
"15061",127,138,11
"12720",30,41,11
"14543",39,50,11
"13266",19,30,11
"13136",13,24,11
"18172",52,63,11
"12755",11,22,11
"14426",17,27,10
"16984",9,19,10
"15251",21,31,10
"17063",13,23,10
"14217",23,33,10
"17581",43,53,10
"16145",19,29,10
"15785",16,26,10
"16013",84,94,10
"13004",36,46,10
"16554",8,18,10
"16684",55,65,10
"15805",30,40,10
"17231",25,35,10
"14895",38,48,10
"17450",51,61,10
"13552",22,32,10
"13148",26,36,10
"15555",36,46,10
"16150",10,20,10
"15270",21,31,10
"13735",13,22,9
"14180",33,42,9
"14189",16,25,9
"15329",11,20,9
"15602",16,25,9
"16779",53,62,9
"13769",20,29,9
"12584",9,18,9
"12621",35,44,9
"14032",16,25,9
"16033",27,36,9
"17422",11,20,9
"14546",11,20,9
"16875",11,20,9
"14175",8,17,9
"13983",21,30,9
"14415",23,32,9
"16923",32,41,9
"12982",8,17,9
"16558",38,47,9
"12647",36,45,9
"16713",32,41,9
"18260",23,32,9
"12835",41,49,8
"12437",39,47,8
"16163",6,14,8
"12957",13,21,8
"15382",12,20,8
"16735",14,22,8
"17644",20,28,8
"17442",15,23,8
"12483",19,27,8
"16019",27,35,8
"13881",43,51,8
"14441",11,19,8
"16652",16,24,8
"15521",16,24,8
"12494",9,17,8
"15719",31,39,8
"12705",14,22,8
"16701",26,34,8
"18225",26,34,8
"15518",15,23,8
"15059",19,27,8
"13458",16,24,8
"15527",23,31,8
"12997",8,16,8
"12901",28,36,8
"13890",14,22,8
"16094",11,19,8
"15696",13,21,8
"17448",46,54,8
"14590",20,28,8
"18102",145,153,8
"15240",12,20,8
"14505",19,27,8
"14211",18,26,8
"15296",12,20,8
"17213",13,20,7
"16168",66,73,7
"14227",15,22,7
"12712",21,28,7
"17969",20,27,7
"17611",28,35,7
"17069",14,21,7
"14258",25,32,7
"17603",4,11,7
"14907",16,23,7
"13999",29,36,7
"12510",9,16,7
"12523",23,30,7
"14667",54,61,7
"17954",19,26,7
"13014",11,18,7
"12417",20,27,7
"16556",17,24,7
"13021",17,24,7
"15015",13,20,7
"15465",32,39,7
"16057",10,17,7
"16839",44,51,7
"12779",14,21,7
"12749",9,16,7
"17147",9,16,7
"16571",10,17,7
"14808",8,15,7
"15615",47,54,7
"16393",23,30,7
"14625",11,18,7
"14040",35,42,7
"13446",11,18,7
"14621",9,16,7
"15596",9,16,7
"15100",7,14,7
"18109",38,45,7
"16933",9,16,7
"15201",7,14,7
"14849",43,50,7
"17071",13,20,7
"16700",25,31,6
"14081",10,16,6
"17652",12,18,6
"13662",11,17,6
"15079",11,17,6
"14451",12,18,6
"17651",16,22,6
"17940",16,22,6
"18118",29,35,6
"17428",45,51,6
"12408",8,14,6
"14961",22,28,6
"13711",9,15,6
"13329",8,14,6
"14410",11,17,6
"15804",13,19,6
"16858",10,16,6
"12457",8,14,6
"18009",8,14,6
"12409",7,13,6
"14688",28,34,6
"13768",2,8,6
"13338",4,10,6
"15764",8,14,6
"16218",13,19,6
"14243",17,23,6
"15750",18,24,6
"12500",19,25,6
"14064",15,21,6
"13126",13,19,6
"14056",23,29,6
"14267",3,9,6
"16316",13,19,6
"14276",7,13,6
"13107",9,15,6
"12431",27,33,6
"13090",24,30,6
"13418",31,37,6
"14290",8,14,6
"17531",3,9,6
"12747",26,32,6
"17888",25,31,6
"15611",26,32,6
"14593",12,18,6
"13448",13,19,6
"12757",13,19,6
"15580",8,14,6
"18168",16,22,6
"17315",43,49,6
"12683",21,27,6
"15544",20,26,6
"17802",10,16,6
"14640",10,16,6
"13488",23,29,6
"15513",35,41,6
"13503",6,12,6
"14748",10,16,6
"16525",48,54,6
"13510",11,17,6
"13776",2,8,6
"17204",9,15,6
"13854",39,45,6
"17115",7,13,6
"18257",12,18,6
"16592",28,34,6
"15321",12,18,6
"15309",4,10,6
"14800",17,23,6
"15298",23,29,6
"12989",33,39,6
"15281",16,22,6
"17096",11,17,6
"17924",8,14,6
"15856",52,58,6
"15222",11,17,6
"16717",14,20,6
"12949",22,28,6
"17049",19,25,6
"14389",5,11,6
"16156",20,26,6
"15981",21,27,6
"17663",17,23,6
"16754",29,35,6
"13650",10,16,6
"12679",4,9,5
"12753",6,11,5
"16362",6,11,5
"15326",5,10,5
"16732",4,9,5
"15625",9,14,5
"12525",3,8,5
"15810",8,13,5
"12839",26,31,5
"12553",12,17,5
"12809",3,8,5
"15299",10,15,5
"16351",13,18,5
"16764",13,18,5
"15633",13,18,5
"14047",14,19,5
"15640",29,34,5
"14390",13,18,5
"16768",9,14,5
"13102",37,42,5
"14456",9,14,5
"13295",4,9,5
"14049",13,18,5
"16325",12,17,5
"14286",7,12,5
"15260",25,30,5
"17095",7,12,5
"17828",4,9,5
"12980",21,26,5
"15658",8,13,5
"14051",37,42,5
"14277",9,14,5
"13901",15,20,5
"12415",28,33,5
"13394",19,24,5
"12600",21,26,5
"15674",13,18,5
"17469",17,22,5
"15694",24,29,5
"15708",9,14,5
"17404",23,28,5
"17406",13,18,5
"16678",12,17,5
"13643",10,15,5
"17867",15,20,5
"17032",8,13,5
"14732",19,24,5
"15101",6,11,5
"14607",22,27,5
"17460",16,21,5
"16170",20,25,5
"15202",3,8,5
"15769",46,51,5
"12346",12,17,5
"14210",16,21,5
"14159",20,25,5
"14685",8,13,5
"18220",6,11,5
"16947",5,10,5
"13736",7,12,5
"14903",5,10,5
"15796",17,22,5
"12853",11,16,5
"15122",11,16,5
"16873",12,17,5
"14912",6,11,5
"14944",19,24,5
"14442",7,12,5
"13623",10,15,5
"12468",5,10,5
"12951",15,20,5
"16729",21,26,5
"13993",19,24,5
"16817",13,18,5
"13324",18,23,5
"14755",25,30,5
"14655",7,12,5
"15885",15,20,5
"13802",19,24,5
"15482",19,24,5
"17230",18,23,5
"14745",12,17,5
"16499",8,13,5
"14644",7,12,5
"12770",2,7,5
"16103",22,27,5
"15538",6,11,5
"15998",16,21,5
"17314",17,22,5
"13924",6,11,5
"13455",6,11,5
"15351",10,15,5
"15021",12,17,5
"15581",38,43,5
"12909",8,13,5
"15601",30,35,5
"13659",12,17,5
"12947",6,11,5
"14676",12,16,4
"18183",2,6,4
"13268",11,15,4
"13813",8,12,4
"15916",13,17,4
"14573",13,17,4
"14572",11,15,4
"17809",20,24,4
"15898",25,29,4
"13287",3,7,4
"14562",26,30,4
"15874",21,25,4
"15867",31,35,4
"17552",12,16,4
"12533",2,6,4
"15838",34,38,4
"17774",9,13,4
"17602",14,18,4
"17426",13,17,4
"15791",5,9,4
"15786",5,9,4
"17769",17,21,4
"17757",56,60,4
"18178",11,15,4
"15738",41,45,4
"15737",8,12,4
"14831",3,7,4
"17411",5,9,4
"15722",11,15,4
"12656",8,12,4
"13384",11,15,4
"14533",11,15,4
"15628",17,21,4
"15620",4,8,4
"15607",9,13,4
"18087",17,21,4
"17714",5,9,4
"15563",7,11,4
"17307",11,15,4
"14525",17,21,4
"14713",21,25,4
"15535",6,10,4
"13485",11,15,4
"13505",4,8,4
"15489",8,12,4
"15468",3,7,4
"13520",11,15,4
"17188",13,17,4
"12797",2,6,4
"14493",10,14,4
"17139",25,29,4
"17679",7,11,4
"15354",3,7,4
"15339",7,11,4
"14802",2,6,4
"15290",26,30,4
"13576",28,32,4
"15253",8,12,4
"17091",19,23,4
"14462",12,16,4
"18064",11,15,4
"13588",9,13,4
"17085",28,32,4
"12583",27,31,4
"15215",7,11,4
"15197",6,10,4
"13611",10,14,4
"13615",8,12,4
"15179",13,17,4
"15159",34,38,4
"12359",10,14,4
"15152",14,18,4
"15144",29,33,4
"13630",7,11,4
"15128",5,9,4
"17048",7,11,4
"17044",12,16,4
"18136",5,9,4
"12598",11,15,4
"13658",9,13,4
"17526",12,16,4
"13672",3,7,4
"12840",7,11,4
"12843",30,34,4
"17593",11,15,4
"13693",9,13,4
"17646",12,16,4
"16996",9,13,4
"14970",12,16,4
"13709",18,22,4
"14934",5,9,4
"13715",17,21,4
"12854",7,11,4
"13958",8,12,4
"17997",8,12,4
"14898",14,18,4
"14875",3,7,4
"14861",10,14,4
"13758",15,19,4
"12616",3,7,4
"16928",29,33,4
"14842",4,8,4
"12619",10,14,4
"16919",24,28,4
"12454",5,9,4
"17965",29,33,4
"13969",35,39,4
"13971",14,18,4
"14776",15,19,4
"16835",6,10,4
"13979",7,11,4
"13980",5,9,4
"16797",5,9,4
"12422",17,21,4
"13982",9,13,4
"12915",4,8,4
"14769",17,21,4
"14397",19,23,4
"14395",20,24,4
"12935",15,19,4
"17931",14,18,4
"16746",42,46,4
"13995",14,18,4
"14388",16,20,4
"16722",22,26,4
"17576",41,45,4
"12971",116,120,4
"16634",6,10,4
"13799",9,13,4
"12473",5,9,4
"16607",25,29,4
"13001",33,37,4
"13008",3,7,4
"13012",11,15,4
"13856",11,15,4
"16555",6,10,4
"13026",9,13,4
"13027",19,23,4
"12626",9,13,4
"13037",12,16,4
"14648",15,19,4
"13048",9,13,4
"16474",7,11,4
"16454",4,8,4
"12484",12,16,4
"13069",38,42,4
"16394",5,9,4
"18276",6,10,4
"17490",9,13,4
"13082",21,25,4
"16359",16,20,4
"13094",13,17,4
"13871",17,21,4
"16327",16,20,4
"13109",3,7,4
"18198",17,21,4
"16293",15,19,4
"16292",5,9,4
"16283",8,12,4
"16278",3,7,4
"14256",5,9,4
"16255",15,19,4
"13141",17,21,4
"14063",9,13,4
"16242",14,18,4
"17861",18,22,4
"12380",11,15,4
"14626",11,15,4
"17457",14,18,4
"16186",26,30,4
"14229",7,11,4
"16177",8,12,4
"13178",21,25,4
"12693",7,11,4
"14088",16,20,4
"17850",155,159,4
"16143",12,16,4
"13198",8,12,4
"14209",15,19,4
"13884",10,14,4
"16118",1,5,4
"16108",4,8,4
"14198",9,13,4
"16092",6,10,4
"14195",6,10,4
"14105",5,9,4
"14188",6,10,4
"16180",13,16,3
"12540",33,36,3
"16736",5,8,3
"17667",9,12,3
"18053",3,6,3
"12592",5,8,3
"14370",6,9,3
"13627",7,10,3
"12590",2,5,3
"12826",12,15,3
"12589",8,11,3
"14367",16,19,3
"16042",8,11,3
"12955",11,14,3
"16719",14,17,3
"15181",5,8,3
"15182",11,14,3
"18097",11,14,3
"16714",4,7,3
"18247",3,6,3
"13610",14,17,3
"14000",5,8,3
"18062",6,9,3
"15218",22,25,3
"14226",6,9,3
"14359",3,6,3
"15221",4,7,3
"14460",9,12,3
"16672",20,23,3
"16176",4,7,3
"18277",5,8,3
"15224",5,8,3
"14342",6,9,3
"17610",5,8,3
"16658",6,9,3
"17676",10,13,3
"13590",18,21,3
"15249",18,21,3
"17092",11,14,3
"12578",4,7,3
"13577",11,14,3
"14339",2,5,3
"15759",7,10,3
"17107",10,13,3
"16027",15,18,3
"15760",2,5,3
"16626",17,20,3
"14475",4,7,3
"12362",11,14,3
"15808",21,24,3
"16602",2,5,3
"12424",4,7,3
"14766",11,14,3
"14477",7,10,3
"16600",13,16,3
"13557",13,16,3
"13555",13,16,3
"13554",7,10,3
"14492",7,10,3
"15811",7,10,3
"12576",8,11,3
"16576",2,5,3
"17145",4,7,3
"13939",7,10,3
"18065",29,32,3
"17146",13,16,3
"13320",6,9,3
"17169",3,6,3
"17172",3,6,3
"17180",11,14,3
"13183",15,18,3
"16067",3,6,3
"18245",20,23,3
"13015",11,14,3
"17193",9,12,3
"14733",15,18,3
"14496",7,10,3
"14499",7,10,3
"13020",2,5,3
"14502",11,14,3
"12782",11,14,3
"16553",33,36,3
"12477",9,12,3
"15469",3,6,3
"12428",9,12,3
"15823",3,6,3
"12569",32,35,3
"16549",34,37,3
"15473",8,11,3
"13313",12,15,3
"17563",2,5,3
"14308",2,5,3
"12781",2,5,3
"13506",5,8,3
"18167",3,6,3
"13310",5,8,3
"17700",14,17,3
"14735",56,59,3
"14301",4,7,3
"13495",10,13,3
"14507",11,14,3
"12481",15,18,3
"17702",6,9,3
"13929",11,14,3
"13481",11,14,3
"13479",4,7,3
"15841",9,12,3
"12482",29,32,3
"17284",8,11,3
"18230",9,12,3
"14515",12,15,3
"13304",4,7,3
"12633",7,10,3
"14744",14,17,3
"14714",4,7,3
"16463",4,7,3
"14634",4,7,3
"17509",8,11,3
"15845",11,14,3
"14038",5,8,3
"16444",17,20,3
"12395",15,18,3
"15932",8,11,3
"14295",5,8,3
"17528",8,11,3
"17716",24,27,3
"13902",5,8,3
"13440",7,10,3
"13870",15,18,3
"16395",14,17,3
"15950",10,13,3
"15953",18,21,3
"15614",4,7,3
"14102",5,8,3
"13077",11,14,3
"17337",4,7,3
"17719",15,18,3
"17477",2,5,3
"17338",17,20,3
"15955",22,25,3
"14045",16,19,3
"13425",5,8,3
"13421",8,11,3
"12703",4,7,3
"16353",38,41,3
"17342",4,7,3
"17725",11,14,3
"15638",6,9,3
"13091",3,6,3
"13092",12,15,3
"17728",5,8,3
"14205",9,12,3
"16350",9,12,3
"17730",20,23,3
"12744",11,14,3
"17539",4,7,3
"16341",7,10,3
"15861",12,15,3
"13410",9,12,3
"17799",20,23,3
"13407",3,6,3
"13405",6,9,3
"15643",3,6,3
"17353",4,7,3
"16321",7,10,3
"15881",5,8,3
"17735",26,29,3
"15660",15,18,3
"15664",4,7,3
"13397",10,13,3
"17364",28,31,3
"15671",7,10,3
"17884",20,23,3
"14530",16,19,3
"13118",9,12,3
"16306",7,10,3
"13872",3,6,3
"16131",12,15,3
"17372",28,31,3
"16297",1,4,3
"15684",3,6,3
"14092",24,27,3
"17402",23,26,3
"16128",11,14,3
"13381",12,15,3
"12530",9,12,3
"13209",13,16,3
"15706",4,7,3
"16265",12,15,3
"14564",2,5,3
"13134",6,9,3
"17451",7,10,3
"13787",6,9,3
"17609",11,14,3
"17746",4,7,3
"14255",1,4,3
"14062",24,27,3
"16054",4,7,3
"13213",11,14,3
"17412",16,19,3
"15993",7,10,3
"13246",11,14,3
"16240",2,5,3
"17416",22,25,3
"14854",11,14,3
"12615",8,11,3
"16940",8,11,3
"12867",13,16,3
"13362",7,10,3
"14852",18,21,3
"16233",9,12,3
"14857",7,10,3
"13360",4,7,3
"13763",3,6,3
"14867",16,19,3
"14777",1,4,3
"13874",7,10,3
"14701",15,18,3
"14869",6,9,3
"14870",6,9,3
"14837",9,12,3
"17613",14,17,3
"14245",2,5,3
"14794",10,13,3
"14878",25,28,3
"16232",7,10,3
"17994",11,14,3
"16918",16,19,3
"15751",11,14,3
"16912",15,18,3
"17589",18,21,3
"12613",10,13,3
"16905",17,20,3
"14893",3,6,3
"16955",6,9,3
"16961",3,6,3
"13725",8,11,3
"14702",29,32,3
"16227",3,6,3
"14910",4,7,3
"16225",15,18,3
"14420",4,7,3
"13282",4,7,3
"16966",7,10,3
"16859",7,10,3
"13717",8,11,3
"16843",35,38,3
"14916",8,11,3
"14930",6,9,3
"16979",9,12,3
"15754",9,12,3
"14825",24,27,3
"16985",23,26,3
"14738",9,12,3
"14407",6,9,3
"14994",5,8,3
"13692",5,8,3
"15023",20,23,3
"14403",6,9,3
"14239",21,24,3
"15027",10,13,3
"12463",4,7,3
"16016",11,14,3
"13162",16,19,3
"12352",10,13,3
"17754",13,16,3
"14233",7,10,3
"15034",14,17,3
"15046",25,28,3
"17578",7,10,3
"14147",9,12,3
"16791",15,18,3
"14443",5,8,3
"14401",22,25,3
"18135",10,13,3
"14659",9,12,3
"13952",14,17,3
"13988",8,11,3
"15755",17,20,3
"15091",3,6,3
"14232",5,8,3
"12674",4,7,3
"13656",4,7,3
"15107",9,12,3
"12933",8,11,3
"15110",6,9,3
"14739",25,28,3
"16101",4,7,3
"16755",7,10,3
"13648",8,11,3
"17659",14,17,3
"15137",2,5,3
"15903",12,15,3
"16048",4,6,2
"14829",7,9,2
"14824",10,12,2
"12623",7,9,2
"14817",7,9,2
"13786",6,8,2
"14740",11,13,2
"13814",3,5,2
"13815",8,10,2
"13816",2,4,2
"13820",3,5,2
"12412",6,8,2
"12632",2,4,2
"13824",12,14,2
"14709",25,27,2
"17599",1,3,2
"17597",5,7,2
"13831",18,20,2
"12637",12,14,2
"17588",7,9,2
"14696",8,10,2
"14679",3,5,2
"14665",7,9,2
"12643",12,14,2
"12644",4,6,2
"12645",8,10,2
"17567",9,11,2
"12413",4,6,2
"14649",9,11,2
"12649",8,10,2
"13862",9,11,2
"13863",4,6,2
"14639",9,11,2
"12414",6,8,2
"14627",1,3,2
"13877",3,5,2
"14623",10,12,2
"14618",7,9,2
"13889",6,8,2
"14586",1,3,2
"13894",3,5,2
"13895",6,8,2
"14565",5,7,2
"14560",44,46,2
"14558",3,5,2
"13905",1,3,2
"14551",7,9,2
"17548",4,6,2
"13911",20,22,2
"14535",9,11,2
"17547",2,4,2
"13922",3,5,2
"13925",4,6,2
"17527",4,6,2
"12662",20,22,2
"13941",15,17,2
"14482",12,14,2
"12665",3,5,2
"12668",10,12,2
"14440",13,15,2
"14437",5,7,2
"14430",3,5,2
"18094",13,15,2
"14428",5,7,2
"12421",6,8,2
"17519",15,17,2
"13965",3,5,2
"14425",3,5,2
"14422",19,21,2
"13974",2,4,2
"13975",12,14,2
"14404",13,15,2
"17512",18,20,2
"13985",22,24,2
"14400",3,5,2
"12675",2,4,2
"14356",2,4,2
"14341",18,20,2
"14338",3,5,2
"12678",21,23,2
"14334",12,14,2
"14328",1,3,2
"14016",11,13,2
"14323",2,4,2
"14322",4,6,2
"18241",21,23,2
"14320",5,7,2
"14315",8,10,2
"14305",3,5,2
"14025",8,10,2
"14304",3,5,2
"14028",3,5,2
"14030",20,22,2
"14298",82,84,2
"14035",9,11,2
"14297",4,6,2
"14291",23,25,2
"17476",2,4,2
"14264",6,8,2
"14060",30,32,2
"17465",7,9,2
"17463",7,9,2
"14236",5,7,2
"14231",4,6,2
"14221",17,19,2
"14214",5,7,2
"18231",28,30,2
"14087",3,5,2
"14206",3,5,2
"14201",10,12,2
"14199",4,6,2
"14099",20,22,2
"12427",3,5,2
"14191",15,17,2
"14107",11,13,2
"12697",3,5,2
"14110",33,35,2
"14154",8,10,2
"12700",4,6,2
"14121",4,6,2
"14122",3,5,2
"14152",7,9,2
"14149",1,3,2
"14142",2,4,2
"17440",4,6,2
"14141",4,6,2
"14136",5,7,2
"14133",4,6,2
"12704",8,10,2
"17436",5,7,2
"17434",7,9,2
"17429",5,7,2
"17423",3,5,2
"18092",18,20,2
"12721",8,10,2
"12722",4,6,2
"17420",6,8,2
"17419",18,20,2
"12727",10,12,2
"17405",3,5,2
"12731",17,19,2
"12733",4,6,2
"17396",14,16,2
"17368",14,16,2
"17345",10,12,2
"12746",1,3,2
"12754",3,5,2
"17323",12,14,2
"17322",5,7,2
"17317",3,5,2
"17306",21,23,2
"17289",9,11,2
"12766",9,11,2
"17287",21,23,2
"12434",3,5,2
"18084",3,5,2
"17239",4,6,2
"12783",6,8,2
"17211",13,15,2
"12785",3,5,2
"18069",11,13,2
"12791",6,8,2
"17183",6,8,2
"17165",6,8,2
"12802",7,9,2
"17126",9,11,2
"12807",1,3,2
"17114",8,10,2
"17113",6,8,2
"17109",8,10,2
"17090",13,15,2
"12820",11,13,2
"17083",9,11,2
"17068",47,49,2
"17034",5,7,2
"12836",15,17,2
"17019",11,13,2
"12838",10,12,2
"12841",40,42,2
"16998",5,7,2
"16992",13,15,2
"16975",3,5,2
"18041",38,40,2
"12856",6,8,2
"16950",10,12,2
"16945",33,35,2
"16943",5,7,2
"12450",5,7,2
"12451",8,10,2
"18221",6,8,2
"17975",24,26,2
"16900",3,5,2
"16894",3,5,2
"16892",7,9,2
"12888",2,4,2
"12889",4,6,2
"16863",3,5,2
"17961",100,102,2
"16841",12,14,2
"16838",4,6,2
"16822",1,3,2
"16818",11,13,2
"16810",2,4,2
"12462",2,4,2
"12908",5,7,2
"16807",6,8,2
"16795",3,5,2
"16794",15,17,2
"12917",6,8,2
"12918",1,3,2
"12919",6,8,2
"16790",6,8,2
"12924",12,14,2
"16772",3,5,2
"16770",9,11,2
"18219",17,19,2
"12930",2,4,2
"16756",7,9,2
"16747",2,4,2
"12940",2,4,2
"16739",2,4,2
"12943",2,4,2
"18218",4,6,2
"16725",14,16,2
"17930",13,15,2
"12963",12,14,2
"16686",16,18,2
"12967",3,5,2
"12972",4,6,2
"16669",3,5,2
"12975",6,8,2
"16642",3,5,2
"12986",10,12,2
"16609",7,9,2
"12993",8,10,2
"12994",3,5,2
"17921",10,12,2
"16584",5,7,2
"13005",4,6,2
"16573",2,4,2
"16560",8,10,2
"13013",29,31,2
"13018",35,37,2
"13019",6,8,2
"17920",54,56,2
"16546",5,7,2
"16544",4,6,2
"13032",9,11,2
"16533",3,5,2
"12479",1,3,2
"16520",6,8,2
"16518",4,6,2
"16503",11,13,2
"18217",4,6,2
"13044",11,13,2
"16493",7,9,2
"16485",5,7,2
"16481",1,3,2
"16476",1,3,2
"13055",4,6,2
"16471",4,6,2
"13059",10,12,2
"16455",11,13,2
"16446",2,4,2
"17908",5,7,2
"16398",2,4,2
"17900",2,4,2
"16396",1,3,2
"16383",7,9,2
"17894",18,20,2
"16360",6,8,2
"13085",8,10,2
"16347",11,13,2
"16332",11,13,2
"16326",24,26,2
"18207",1,3,2
"13110",12,14,2
"16320",6,8,2
"13112",1,3,2
"17873",18,20,2
"16303",7,9,2
"16298",7,9,2
"16296",4,6,2
"16286",2,4,2
"16262",1,3,2
"18193",3,5,2
"18272",9,11,2
"16253",7,9,2
"16245",3,5,2
"16235",9,11,2
"13151",3,5,2
"13152",7,9,2
"13154",3,5,2
"17858",30,32,2
"16217",2,4,2
"16210",35,37,2
"12504",4,6,2
"16202",9,11,2
"12505",1,3,2
"17857",24,26,2
"16187",15,17,2
"13171",3,5,2
"13173",11,13,2
"13175",2,4,2
"16166",2,4,2
"13184",10,12,2
"16160",2,4,2
"13186",3,5,2
"18268",6,8,2
"16153",11,13,2
"17856",4,6,2
"13192",6,8,2
"16148",2,4,2
"16147",5,7,2
"13199",67,69,2
"16140",3,5,2
"16134",5,7,2
"13206",13,15,2
"16124",4,6,2
"13211",10,12,2
"18258",6,8,2
"16104",9,11,2
"13217",4,6,2
"16080",4,6,2
"17838",13,15,2
"17837",8,10,2
"16065",8,10,2
"16061",1,3,2
"16053",6,8,2
"14832",1,3,2
"18189",3,5,2
"17820",1,3,2
"16037",5,7,2
"18188",6,8,2
"18187",1,3,2
"17813",5,7,2
"15994",3,5,2
"15984",30,32,2
"13257",1,3,2
"15980",7,9,2
"15978",3,5,2
"15973",3,5,2
"15971",18,20,2
"15940",1,3,2
"13269",28,30,2
"15911",8,10,2
"15906",10,12,2
"13276",5,7,2
"15901",7,9,2
"12528",6,8,2
"13281",1,3,2
"18181",5,7,2
"15882",8,10,2
"13290",1,3,2
"15864",7,9,2
"13299",3,5,2
"13300",3,5,2
"15858",13,15,2
"15839",3,5,2
"17779",3,5,2
"15834",7,9,2
"15826",4,6,2
"13316",10,12,2
"15822",6,8,2
"15814",6,8,2
"15809",7,9,2
"13327",20,22,2
"15802",1,3,2
"12536",3,5,2
"15782",4,6,2
"15777",7,9,2
"15768",34,36,2
"15745",4,6,2
"13359",2,4,2
"15732",10,12,2
"12542",2,4,2
"13365",2,4,2
"15730",5,7,2
"15729",3,5,2
"18248",2,4,2
"17739",18,20,2
"13371",2,4,2
"15724",3,5,2
"15713",4,6,2
"13377",2,4,2
"15704",6,8,2
"15687",9,11,2
"17738",13,15,2
"15681",14,16,2
"15680",10,12,2
"15676",3,5,2
"13393",4,6,2
"13396",2,4,2
"15648",2,4,2
"17732",8,10,2
"15639",3,5,2
"13413",6,8,2
"13420",2,4,2
"15632",8,10,2
"17722",5,7,2
"13426",22,24,2
"13430",2,4,2
"17720",10,12,2
"15621",4,6,2
"13435",9,11,2
"15606",17,19,2
"15598",2,4,2
"18171",9,11,2
"13451",11,13,2
"13453",3,5,2
"13457",2,4,2
"15579",5,7,2
"15570",25,27,2
"13461",6,8,2
"13466",5,7,2
"15551",7,9,2
"15550",12,14,2
"15547",26,28,2
"13473",8,10,2
"13476",5,7,2
"13477",11,13,2
"13478",5,7,2
"15533",3,5,2
"15532",10,12,2
"15523",16,18,2
"15514",18,20,2
"15505",5,7,2
"15497",9,11,2
"13499",5,7,2
"18142",2,4,2
"13501",3,5,2
"12567",15,17,2
"15493",9,11,2
"15480",5,7,2
"13517",3,5,2
"15449",3,5,2
"17693",1,3,2
"15446",3,5,2
"15443",14,16,2
"17692",12,14,2
"15434",11,13,2
"15432",2,4,2
"13526",2,4,2
"13527",12,14,2
"15426",9,11,2
"15416",7,9,2
"15413",5,7,2
"15406",4,6,2
"15394",11,13,2
"15380",11,13,2
"15372",8,10,2
"15369",11,13,2
"13539",7,9,2
"15367",11,13,2
"18141",2,4,2
"17685",12,14,2
"15365",13,15,2
"15347",4,6,2
"15344",3,5,2
"15312",12,14,2
"15304",9,11,2
"15301",17,19,2
"18139",6,8,2
"15289",5,7,2
"15279",5,7,2
"15271",24,26,2
"15255",9,11,2
"15252",5,7,2
"13584",3,5,2
"12579",1,3,2
"13587",4,6,2
"13593",14,16,2
"15238",3,5,2
"17673",13,15,2
"15207",3,5,2
"12585",2,4,2
"15187",16,18,2
"17672",7,9,2
"15157",5,7,2
"17671",5,7,2
"13632",8,10,2
"13635",4,6,2
"15141",7,9,2
"13641",5,7,2
"12594",15,17,2
"15106",5,7,2
"13655",6,8,2
"15098",3,5,2
"15097",3,5,2
"15077",2,4,2
"15076",3,5,2
"15065",5,7,2
"15050",5,7,2
"17649",3,5,2
"13684",4,6,2
"15032",8,10,2
"15031",14,16,2
"14978",10,12,2
"12406",5,7,2
"17640",6,8,2
"14949",4,6,2
"14938",2,4,2
"14936",12,14,2
"14915",11,13,2
"12610",5,7,2
"14909",3,5,2
"14906",1,3,2
"17633",7,9,2
"14905",8,10,2
"13729",3,5,2
"14902",3,5,2
"13734",4,6,2
"14896",8,10,2
"14894",3,5,2
"13742",12,14,2
"17621",6,8,2
"13745",2,4,2
"13750",11,13,2
"13756",23,25,2
"14853",5,7,2
"14850",7,9,2
"17618",11,13,2
"14844",10,12,2
"14834",7,9,2
"18287",7,8,1
"12349",4,5,1
"12360",8,9,1
"12365",2,3,1
"12375",2,3,1
"12379",4,5,1
"12381",5,6,1
"12383",5,6,1
"12384",2,3,1
"12385",1,2,1
"12391",6,7,1
"12393",6,7,1
"12402",6,7,1
"12403",2,3,1
"12410",3,4,1
"12418",4,5,1
"12423",10,11,1
"12425",2,3,1
"12426",2,3,1
"12429",8,9,1
"12433",10,11,1
"12439",2,3,1
"12440",2,3,1
"12445",2,3,1
"12452",2,3,1
"12456",3,4,1
"12465",2,3,1
"12467",1,2,1
"12480",7,8,1
"12487",1,2,1
"12490",21,22,1
"12493",2,3,1
"12495",1,2,1
"12497",3,4,1
"12501",1,2,1
"12503",1,2,1
"12507",4,5,1
"12511",1,2,1
"12513",1,2,1
"12517",5,6,1
"12519",2,3,1
"12520",5,6,1
"12524",17,18,1
"12529",1,2,1
"12531",2,3,1
"12539",7,8,1
"12544",1,2,1
"12546",2,3,1
"12558",1,2,1
"12559",2,3,1
"12560",3,4,1
"12565",1,2,1
"12566",1,2,1
"12572",2,3,1
"12577",8,9,1
"12586",4,5,1
"12588",4,5,1
"12597",4,5,1
"12601",6,7,1
"12605",4,5,1
"12607",1,2,1
"12609",9,10,1
"12612",1,2,1
"12625",4,5,1
"12628",3,4,1
"12631",6,7,1
"12648",4,5,1
"12651",4,5,1
"12652",2,3,1
"12657",4,5,1
"12663",2,3,1
"12664",11,12,1
"12666",1,2,1
"12669",3,4,1
"12670",7,8,1
"12672",2,3,1
"12676",11,12,1
"12677",2,3,1
"12682",52,53,1
"12694",3,4,1
"12696",2,3,1
"12710",3,4,1
"12717",3,4,1
"12719",2,3,1
"12742",1,2,1
"12758",7,8,1
"12768",1,2,1
"12771",1,2,1
"12773",1,2,1
"12775",7,8,1
"12778",9,10,1
"12787",4,5,1
"12790",2,3,1
"12792",2,3,1
"12801",1,2,1
"12818",1,2,1
"12822",2,3,1
"12829",3,4,1
"12830",6,7,1
"12852",1,2,1
"12857",6,7,1
"12858",1,2,1
"12863",6,7,1
"12865",4,5,1
"12870",3,4,1
"12872",12,13,1
"12874",2,3,1
"12876",4,5,1
"12878",2,3,1
"12879",3,4,1
"12885",3,4,1
"12886",2,3,1
"12891",11,12,1
"12895",2,3,1
"12905",2,3,1
"12907",2,3,1
"12910",13,14,1
"12916",7,8,1
"12929",1,2,1
"12936",4,5,1
"12948",9,10,1
"12952",4,5,1
"12959",1,2,1
"12978",5,6,1
"12979",1,2,1
"12985",2,3,1
"12987",5,6,1
"12995",1,2,1
"12998",3,4,1
"13000",4,5,1
"13024",2,3,1
"13028",2,3,1
"13035",3,4,1
"13042",3,4,1
"13043",1,2,1
"13049",4,5,1
"13057",3,4,1
"13065",5,6,1
"13066",2,3,1
"13070",4,5,1
"13074",4,5,1
"13080",4,5,1
"13084",1,2,1
"13106",2,3,1
"13116",1,2,1
"13117",18,19,1
"13121",1,2,1
"13131",7,8,1
"13137",16,17,1
"13138",7,8,1
"13139",8,9,1
"13143",1,2,1
"13145",7,8,1
"13150",3,4,1
"13157",9,10,1
"13159",4,5,1
"13163",1,2,1
"13164",2,3,1
"13166",2,3,1
"13168",5,6,1
"13187",4,5,1
"13190",3,4,1
"13196",7,8,1
"13202",7,8,1
"13203",10,11,1
"13208",9,10,1
"13212",3,4,1
"13224",2,3,1
"13225",16,17,1
"13230",30,31,1
"13235",1,2,1
"13236",2,3,1
"13238",6,7,1
"13239",5,6,1
"13240",8,9,1
"13250",2,3,1
"13252",2,3,1
"13255",3,4,1
"13271",1,2,1
"13278",4,5,1
"13279",1,2,1
"13280",7,8,1
"13284",1,2,1
"13288",5,6,1
"13292",5,6,1
"13293",6,7,1
"13297",7,8,1
"13308",4,5,1
"13314",3,4,1
"13334",5,6,1
"13337",1,2,1
"13343",1,2,1
"13345",1,2,1
"13350",2,3,1
"13352",1,2,1
"13364",1,2,1
"13368",4,5,1
"13369",1,2,1
"13370",1,2,1
"13375",2,3,1
"13388",3,4,1
"13400",1,2,1
"13406",2,3,1
"13414",6,7,1
"13415",4,5,1
"13417",6,7,1
"13422",1,2,1
"13424",1,2,1
"13431",8,9,1
"13433",4,5,1
"13443",6,7,1
"13447",3,4,1
"13450",13,14,1
"13456",6,7,1
"13462",5,6,1
"13464",6,7,1
"13484",3,4,1
"13496",2,3,1
"13497",6,7,1
"13500",4,5,1
"13502",5,6,1
"13511",1,2,1
"13513",3,4,1
"13519",2,3,1
"13523",6,7,1
"13541",2,3,1
"13542",17,18,1
"13544",6,7,1
"13545",2,3,1
"13549",8,9,1
"13567",4,5,1
"13579",5,6,1
"13585",3,4,1
"13591",7,8,1
"13594",2,3,1
"13597",2,3,1
"13598",5,6,1
"13604",1,2,1
"13607",2,3,1
"13612",1,2,1
"13617",8,9,1
"13622",1,2,1
"13624",1,2,1
"13626",2,3,1
"13631",11,12,1
"13634",16,17,1
"13636",5,6,1
"13642",4,5,1
"13644",4,5,1
"13646",2,3,1
"13647",8,9,1
"13651",3,4,1
"13660",1,2,1
"13663",5,6,1
"13674",1,2,1
"13676",2,3,1
"13680",12,13,1
"13696",3,4,1
"13699",2,3,1
"13700",13,14,1
"13701",1,2,1
"13703",2,3,1
"13704",9,10,1
"13722",10,11,1
"13727",8,9,1
"13733",2,3,1
"13741",3,4,1
"13743",7,8,1
"13755",9,10,1
"13760",5,6,1
"13762",5,6,1
"13771",9,10,1
"13772",8,9,1
"13778",4,5,1
"13781",3,4,1
"13782",13,14,1
"13784",14,15,1
"13791",2,3,1
"13797",3,4,1
"13803",3,4,1
"13807",3,4,1
"13810",3,4,1
"13811",3,4,1
"13819",6,7,1
"13821",6,7,1
"13823",7,8,1
"13826",1,2,1
"13829",1,2,1
"13830",1,2,1
"13832",2,3,1
"13834",2,3,1
"13835",7,8,1
"13836",2,3,1
"13842",18,19,1
"13846",4,5,1
"13849",5,6,1
"13850",1,2,1
"13851",8,9,1
"13852",1,2,1
"13853",1,2,1
"13855",4,5,1
"13857",6,7,1
"13860",5,6,1
"13861",2,3,1
"13873",8,9,1
"13882",5,6,1
"13900",6,7,1
"13908",4,5,1
"13914",2,3,1
"13915",1,2,1
"13916",4,5,1
"13919",4,5,1
"13920",4,5,1
"13921",4,5,1
"13927",2,3,1
"13931",11,12,1
"13936",3,4,1
"13937",2,3,1
"13946",6,7,1
"13948",4,5,1
"13950",4,5,1
"13954",2,3,1
"13961",1,2,1
"13963",17,18,1
"13964",2,3,1
"13981",1,2,1
"13984",12,13,1
"13991",6,7,1
"14001",9,10,1
"14008",1,2,1
"14009",3,4,1
"14010",2,3,1
"14011",2,3,1
"14013",5,6,1
"14019",3,4,1
"14020",4,5,1
"14034",3,4,1
"14037",6,7,1
"14043",2,3,1
"14044",10,11,1
"14048",3,4,1
"14057",22,23,1
"14065",3,4,1
"14068",4,5,1
"14071",8,9,1
"14073",1,2,1
"14080",5,6,1
"14085",33,34,1
"14094",1,2,1
"14101",13,14,1
"14108",4,5,1
"14109",1,2,1
"14111",4,5,1
"14119",2,3,1
"14126",4,5,1
"14128",3,4,1
"14132",11,12,1
"14135",24,25,1
"14137",1,2,1
"14140",2,3,1
"14145",7,8,1
"14146",12,13,1
"14151",2,3,1
"14157",5,6,1
"14168",2,3,1
"14172",3,4,1
"14173",6,7,1
"14176",5,6,1
"14177",13,14,1
"14182",4,5,1
"14213",1,2,1
"14215",9,10,1
"14216",5,6,1
"14223",3,4,1
"14225",4,5,1
"14235",9,10,1
"14237",2,3,1
"14244",1,2,1
"14247",5,6,1
"14257",9,10,1
"14269",1,2,1
"14282",25,26,1
"14284",3,4,1
"14285",8,9,1
"14287",3,4,1
"14288",1,2,1
"14293",9,10,1
"14296",2,3,1
"14306",6,7,1
"14307",10,11,1
"14309",11,12,1
"14311",2,3,1
"14314",2,3,1
"14316",5,6,1
"14319",1,2,1
"14321",7,8,1
"14326",3,4,1
"14333",1,2,1
"14350",3,4,1
"14358",2,3,1
"14372",2,3,1
"14380",1,2,1
"14382",2,3,1
"14399",8,9,1
"14409",9,10,1
"14412",3,4,1
"14414",8,9,1
"14421",6,7,1
"14423",3,4,1
"14431",4,5,1
"14454",5,6,1
"14455",4,5,1
"14459",2,3,1
"14461",13,14,1
"14474",2,3,1
"14480",4,5,1
"14481",5,6,1
"14483",2,3,1
"14487",7,8,1
"14488",1,2,1
"14495",3,4,1
"14497",2,3,1
"14501",2,3,1
"14508",5,6,1
"14510",3,4,1
"14511",5,6,1
"14513",6,7,1
"14514",9,10,1
"14521",1,2,1
"14532",11,12,1
"14537",2,3,1
"14540",11,12,1
"14547",8,9,1
"14553",9,10,1
"14555",6,7,1
"14557",1,2,1
"14567",2,3,1
"14568",1,2,1
"14584",8,9,1
"14587",9,10,1
"14598",2,3,1
"14608",11,12,1
"14609",10,11,1
"14611",2,3,1
"14615",5,6,1
"14619",2,3,1
"14620",2,3,1
"14629",2,3,1
"14631",6,7,1
"14643",5,6,1
"14645",3,4,1
"14657",6,7,1
"14678",1,2,1
"14686",5,6,1
"14690",4,5,1
"14692",12,13,1
"14693",7,8,1
"14695",3,4,1
"14708",5,6,1
"14711",11,12,1
"14717",1,2,1
"14719",5,6,1
"14725",4,5,1
"14727",3,4,1
"14734",4,5,1
"14747",1,2,1
"14754",6,7,1
"14756",3,4,1
"14760",1,2,1
"14764",1,2,1
"14768",2,3,1
"14770",8,9,1
"14771",2,3,1
"14773",1,2,1
"14783",1,2,1
"14792",1,2,1
"14793",2,3,1
"14798",8,9,1
"14828",13,14,1
"14835",2,3,1
"14840",2,3,1
"14846",1,2,1
"14847",3,4,1
"14859",5,6,1
"14860",1,2,1
"14866",19,20,1
"14868",12,13,1
"14872",3,4,1
"14882",14,15,1
"14883",6,7,1
"14885",3,4,1
"14897",8,9,1
"14901",12,13,1
"14926",2,3,1
"14928",1,2,1
"14931",5,6,1
"14933",4,5,1
"14937",3,4,1
"14942",4,5,1
"14948",6,7,1
"14950",1,2,1
"14953",4,5,1
"14959",4,5,1
"14963",12,13,1
"14967",6,7,1
"14976",7,8,1
"14981",2,3,1
"14987",8,9,1
"14997",4,5,1
"15003",6,7,1
"15016",5,6,1
"15018",3,4,1
"15029",1,2,1
"15030",8,9,1
"15033",10,11,1
"15038",9,10,1
"15045",2,3,1
"15048",4,5,1
"15051",9,10,1
"15057",5,6,1
"15058",16,17,1
"15066",1,2,1
"15067",5,6,1
"15073",8,9,1
"15081",12,13,1
"15088",2,3,1
"15092",3,4,1
"15095",10,11,1
"15104",2,3,1
"15108",4,5,1
"15109",3,4,1
"15113",3,4,1
"15115",2,3,1
"15117",8,9,1
"15120",1,2,1
"15135",2,3,1
"15136",4,5,1
"15138",1,2,1
"15140",8,9,1
"15142",6,7,1
"15146",2,3,1
"15147",1,2,1
"15150",13,14,1
"15154",3,4,1
"15158",2,3,1
"15162",1,2,1
"15164",9,10,1
"15171",1,2,1
"15173",7,8,1
"15176",1,2,1
"15183",3,4,1
"15198",5,6,1
"15205",2,3,1
"15208",6,7,1
"15212",2,3,1
"15213",2,3,1
"15220",6,7,1
"15223",5,6,1
"15228",6,7,1
"15231",1,2,1
"15239",2,3,1
"15241",11,12,1
"15244",3,4,1
"15247",3,4,1
"15248",3,4,1
"15254",3,4,1
"15257",2,3,1
"15264",2,3,1
"15266",5,6,1
"15268",3,4,1
"15275",1,2,1
"15276",4,5,1
"15283",3,4,1
"15287",5,6,1
"15294",1,2,1
"15297",3,4,1
"15302",1,2,1
"15303",3,4,1
"15306",9,10,1
"15308",1,2,1
"15314",3,4,1
"15315",2,3,1
"15317",1,2,1
"15322",2,3,1
"15323",3,4,1
"15325",8,9,1
"15331",3,4,1
"15337",1,2,1
"15341",2,3,1
"15342",1,2,1
"15345",1,2,1
"15346",3,4,1
"15353",7,8,1
"15359",8,9,1
"15363",2,3,1
"15370",8,9,1
"15373",17,18,1
"15377",4,5,1
"15379",8,9,1
"15381",5,6,1
"15384",4,5,1
"15391",1,2,1
"15392",7,8,1
"15398",2,3,1
"15400",8,9,1
"15402",6,7,1
"15409",1,2,1
"15411",4,5,1
"15422",7,8,1
"15423",3,4,1
"15429",2,3,1
"15430",2,3,1
"15433",2,3,1
"15447",5,6,1
"15461",2,3,1
"15467",3,4,1
"15476",4,5,1
"15484",6,7,1
"15485",7,8,1
"15490",1,2,1
"15491",6,7,1
"15494",5,6,1
"15504",4,5,1
"15525",4,5,1
"15529",12,13,1
"15542",3,4,1
"15546",2,3,1
"15549",8,9,1
"15558",1,2,1
"15561",8,9,1
"15574",6,7,1
"15584",6,7,1
"15586",3,4,1
"15589",3,4,1
"15590",5,6,1
"15594",5,6,1
"15597",2,3,1
"15600",4,5,1
"15603",2,3,1
"15605",9,10,1
"15609",1,2,1
"15618",4,5,1
"15626",3,4,1
"15630",3,4,1
"15645",3,4,1
"15646",5,6,1
"15650",2,3,1
"15652",5,6,1
"15655",1,2,1
"15669",4,5,1
"15670",2,3,1
"15673",9,10,1
"15682",2,3,1
"15691",4,5,1
"15700",2,3,1
"15712",12,13,1
"15728",2,3,1
"15736",2,3,1
"15746",1,2,1
"15747",9,10,1
"15749",3,4,1
"15752",9,10,1
"15763",2,3,1
"15766",3,4,1
"15774",6,7,1
"15781",3,4,1
"15788",1,2,1
"15789",6,7,1
"15793",8,9,1
"15801",3,4,1
"15807",5,6,1
"15812",12,13,1
"15816",2,3,1
"15819",10,11,1
"15830",1,2,1
"15831",3,4,1
"15836",1,2,1
"15840",2,3,1
"15842",2,3,1
"15873",4,5,1
"15877",2,3,1
"15880",1,2,1
"15884",2,3,1
"15888",3,4,1
"15889",8,9,1
"15900",4,5,1
"15922",1,2,1
"15935",2,3,1
"15939",16,17,1
"15941",1,2,1
"15951",3,4,1
"15960",4,5,1
"15965",13,14,1
"15966",1,2,1
"15967",12,13,1
"15969",5,6,1
"15974",7,8,1
"15985",7,8,1
"15996",7,8,1
"16001",1,2,1
"16005",10,11,1
"16010",11,12,1
"16011",29,30,1
"16014",5,6,1
"16015",3,4,1
"16034",6,7,1
"16038",3,4,1
"16039",2,3,1
"16040",7,8,1
"16045",8,9,1
"16073",1,2,1
"16075",2,3,1
"16076",10,11,1
"16077",1,2,1
"16085",12,13,1
"16086",10,11,1
"16099",7,8,1
"16109",3,4,1
"16116",1,2,1
"16117",3,4,1
"16120",6,7,1
"16121",5,6,1
"16136",4,5,1
"16138",3,4,1
"16155",5,6,1
"16157",3,4,1
"16158",9,10,1
"16159",4,5,1
"16164",3,4,1
"16167",5,6,1
"16173",6,7,1
"16184",6,7,1
"16188",5,6,1
"16200",12,13,1
"16201",5,6,1
"16203",6,7,1
"16204",3,4,1
"16206",13,14,1
"16211",3,4,1
"16212",4,5,1
"16221",9,10,1
"16228",3,4,1
"16229",6,7,1
"16234",3,4,1
"16239",6,7,1
"16252",1,2,1
"16256",3,4,1
"16258",15,16,1
"16269",1,2,1
"16271",10,11,1
"16279",9,10,1
"16281",3,4,1
"16289",1,2,1
"16299",1,2,1
"16302",1,2,1
"16309",2,3,1
"16317",5,6,1
"16330",7,8,1
"16335",7,8,1
"16355",1,2,1
"16356",6,7,1
"16358",5,6,1
"16365",15,16,1
"16372",5,6,1
"16376",2,3,1
"16379",4,5,1
"16389",4,5,1
"16403",1,2,1
"16404",1,2,1
"16406",3,4,1
"16416",9,10,1
"16419",8,9,1
"16424",2,3,1
"16428",3,4,1
"16434",12,13,1
"16436",3,4,1
"16441",5,6,1
"16449",2,3,1
"16450",3,4,1
"16451",3,4,1
"16456",13,14,1
"16462",3,4,1
"16465",2,3,1
"16466",15,16,1
"16467",7,8,1
"16470",11,12,1
"16473",4,5,1
"16484",2,3,1
"16488",3,4,1
"16490",1,2,1
"16491",2,3,1
"16496",6,7,1
"16498",2,3,1
"16500",9,10,1
"16531",11,12,1
"16536",1,2,1
"16541",1,2,1
"16543",1,2,1
"16563",6,7,1
"16565",4,5,1
"16566",5,6,1
"16572",3,4,1
"16579",1,2,1
"16581",1,2,1
"16590",2,3,1
"16593",8,9,1
"16598",1,2,1
"16604",2,3,1
"16611",6,7,1
"16612",9,10,1
"16615",1,2,1
"16618",5,6,1
"16619",4,5,1
"16622",1,2,1
"16623",4,5,1
"16625",5,6,1
"16628",7,8,1
"16630",1,2,1
"16631",7,8,1
"16633",6,7,1
"16637",4,5,1
"16638",15,16,1
"16639",4,5,1
"16643",2,3,1
"16646",1,2,1
"16648",3,4,1
"16653",2,3,1
"16654",8,9,1
"16655",13,14,1
"16660",7,8,1
"16661",4,5,1
"16676",6,7,1
"16677",2,3,1
"16683",1,2,1
"16689",2,3,1
"16690",4,5,1
"16699",7,8,1
"16702",4,5,1
"16710",22,23,1
"16711",9,10,1
"16716",3,4,1
"16720",3,4,1
"16730",3,4,1
"16742",14,15,1
"16743",14,15,1
"16745",17,18,1
"16748",14,15,1
"16759",3,4,1
"16763",2,3,1
"16767",15,16,1
"16774",8,9,1
"16775",16,17,1
"16777",5,6,1
"16781",2,3,1
"16798",3,4,1
"16799",2,3,1
"16801",4,5,1
"16809",9,10,1
"16812",4,5,1
"16814",36,37,1
"16823",7,8,1
"16830",4,5,1
"16837",11,12,1
"16840",2,3,1
"16842",3,4,1
"16860",3,4,1
"16861",5,6,1
"16869",4,5,1
"16871",6,7,1
"16878",1,2,1
"16883",19,20,1
"16886",1,2,1
"16897",2,3,1
"16898",5,6,1
"16903",3,4,1
"16908",1,2,1
"16909",1,2,1
"16911",2,3,1
"16917",2,3,1
"16924",3,4,1
"16926",5,6,1
"16934",6,7,1
"16938",9,10,1
"16942",9,10,1
"16946",5,6,1
"16949",6,7,1
"16951",3,4,1
"16954",20,21,1
"16956",1,2,1
"16960",8,9,1
"16971",1,2,1
"16983",11,12,1
"16987",11,12,1
"16993",2,3,1
"17002",7,8,1
"17005",2,3,1
"17007",7,8,1
"17010",1,2,1
"17011",3,4,1
"17014",3,4,1
"17027",9,10,1
"17035",4,5,1
"17037",1,2,1
"17041",6,7,1
"17050",11,12,1
"17053",1,2,1
"17054",5,6,1
"17059",9,10,1
"17061",11,12,1
"17062",6,7,1
"17065",2,3,1
"17075",10,11,1
"17080",7,8,1
"17084",3,4,1
"17094",2,3,1
"17097",9,10,1
"17119",2,3,1
"17133",12,13,1
"17135",10,11,1
"17152",4,5,1
"17156",1,2,1
"17157",19,20,1
"17158",5,6,1
"17159",5,6,1
"17160",17,18,1
"17162",10,11,1
"17164",7,8,1
"17166",2,3,1
"17170",2,3,1
"17173",8,9,1
"17175",4,5,1
"17190",7,8,1
"17191",15,16,1
"17201",4,5,1
"17214",6,7,1
"17251",3,4,1
"17272",4,5,1
"17276",1,2,1
"17298",5,6,1
"17302",5,6,1
"17311",6,7,1
"17313",1,2,1
"17324",12,13,1
"17334",3,4,1
"17339",3,4,1
"17344",2,3,1
"17346",26,27,1
"17350",7,8,1
"17360",6,7,1
"17362",7,8,1
"17365",15,16,1
"17366",2,3,1
"17374",3,4,1
"17375",4,5,1
"17378",1,2,1
"17380",3,4,1
"17381",38,39,1
"17408",3,4,1
"17438",5,6,1
"17449",13,14,1
"17454",10,11,1
"17462",2,3,1
"17464",3,4,1
"17473",2,3,1
"17480",2,3,1
"17481",4,5,1
"17491",17,18,1
"17495",3,4,1
"17496",4,5,1
"17499",2,3,1
"17504",18,19,1
"17506",1,2,1
"17508",8,9,1
"17521",5,6,1
"17524",3,4,1
"17530",12,13,1
"17540",6,7,1
"17550",9,10,1
"17562",7,8,1
"17570",1,2,1
"17573",3,4,1
"17579",4,5,1
"17582",5,6,1
"17584",6,7,1
"17591",8,9,1
"17592",1,2,1
"17596",13,14,1
"17615",6,7,1
"17617",1,2,1
"17622",2,3,1
"17627",1,2,1
"17629",10,11,1
"17635",3,4,1
"17636",1,2,1
"17648",5,6,1
"17653",4,5,1
"17655",9,10,1
"17658",2,3,1
"17678",2,3,1
"17680",3,4,1
"17681",5,6,1
"17682",11,12,1
"17688",1,2,1
"17690",20,21,1
"17691",4,5,1
"17695",5,6,1
"17705",11,12,1
"17707",8,9,1
"17718",2,3,1
"17724",3,4,1
"17726",7,8,1
"17727",1,2,1
"17731",6,7,1
"17736",3,4,1
"17743",1,2,1
"17744",7,8,1
"17747",1,2,1
"17753",4,5,1
"17760",6,7,1
"17763",4,5,1
"17768",7,8,1
"17776",2,3,1
"17801",3,4,1
"17804",3,4,1
"17810",2,3,1
"17817",6,7,1
"17819",12,13,1
"17827",6,7,1
"17829",5,6,1
"17848",30,31,1
"17866",3,4,1
"17870",13,14,1
"17874",6,7,1
"17883",7,8,1
"17886",6,7,1
"17897",9,10,1
"17904",1,2,1
"17905",13,14,1
"17912",6,7,1
"17929",12,13,1
"17935",7,8,1
"17950",7,8,1
"17951",4,5,1
"17962",4,5,1
"17977",2,3,1
"17979",4,5,1
"17987",5,6,1
"17988",14,15,1
"17990",6,7,1
"17998",3,4,1
"18018",4,5,1
"18020",1,2,1
"18024",2,3,1
"18030",2,3,1
"18044",18,19,1
"18051",7,8,1
"18055",14,15,1
"18056",2,3,1
"18059",3,4,1
"18061",28,29,1
"18070",1,2,1
"18072",1,2,1
"18073",12,13,1
"18093",8,9,1
"18108",3,4,1
"18110",2,3,1
"18111",1,2,1
"18125",4,5,1
"18130",3,4,1
"18133",1,2,1
"18145",11,12,1
"18151",6,7,1
"18155",3,4,1
"18158",2,3,1
"18161",6,7,1
"18163",1,2,1
"18164",1,2,1
"18176",1,2,1
"18177",9,10,1
"18190",5,6,1
"18194",6,7,1
"18197",1,2,1
"18199",1,2,1
"18204",3,4,1
"18214",4,5,1
"18215",5,6,1
"18227",2,3,1
"18228",2,3,1
"18232",4,5,1
"18250",1,2,1
"18252",7,8,1
"18256",1,2,1
"18263",3,4,1
"18267",1,2,1
"18269",1,2,1
"18270",3,4,1
"18274",1,2,1
"18280",2,3,1
"18282",2,3,1
"18284",1,2,1
"18286",2,3,1
"12587",1,1,0
"12582",4,4,0
"14884",1,1,0
"17674",2,2,0
"14886",1,1,0
"14887",1,1,0
"14888",1,1,0
"14889",1,1,0
"14890",3,3,0
"14891",4,4,0
"14892",1,1,0
"13740",5,5,0
"13739",2,2,0
"13738",1,1,0
"13737",1,1,0
"12581",1,1,0
"13732",1,1,0
"14899",1,1,0
"14900",1,1,0
"12580",2,2,0
"13731",2,2,0
"13730",2,2,0
"14904",4,4,0
"13728",16,16,0
"13726",2,2,0
"13724",1,1,0
"14908",2,2,0
"13723",6,6,0
"13721",2,2,0
"13720",4,4,0
"13719",11,11,0
"14913",8,8,0
"13718",2,2,0
"13716",1,1,0
"14917",2,2,0
"14918",9,9,0
"14919",1,1,0
"14920",3,3,0
"14921",2,2,0
"14922",2,2,0
"14923",1,1,0
"14924",3,3,0
"12575",2,2,0
"14927",1,1,0
"18185",1,1,0
"14929",2,2,0
"13714",1,1,0
"12574",1,1,0
"14932",2,2,0
"18186",1,1,0
"13713",3,3,0
"14935",2,2,0
"13712",2,2,0
"12388",8,8,0
"13710",3,3,0
"14940",2,2,0
"14941",1,1,0
"12387",1,1,0
"14943",1,1,0
"13708",1,1,0
"14945",1,1,0
"14946",1,1,0
"14947",6,6,0
"17683",3,3,0
"13707",5,5,0
"17684",1,1,0
"14951",1,1,0
"13706",2,2,0
"12573",5,5,0
"14954",2,2,0
"14955",1,1,0
"14956",1,1,0
"14957",2,2,0
"14958",6,6,0
"17686",9,9,0
"14960",2,2,0
"13705",7,7,0
"14962",4,4,0
"17687",1,1,0
"14964",1,1,0
"14965",2,2,0
"14966",6,6,0
"12386",2,2,0
"14968",2,2,0
"14969",1,1,0
"13702",1,1,0
"14971",3,3,0
"14972",2,2,0
"14973",3,3,0
"14974",1,1,0
"14975",2,2,0
"17689",2,2,0
"14977",1,1,0
"13698",2,2,0
"14979",1,1,0
"14980",1,1,0
"18266",1,1,0
"14982",1,1,0
"14983",1,1,0
"14984",6,6,0
"14985",2,2,0
"14986",2,2,0
"18191",2,2,0
"14988",7,7,0
"14989",1,1,0
"14990",2,2,0
"14991",1,1,0
"14992",1,1,0
"14993",1,1,0
"13697",1,1,0
"14995",2,2,0
"14996",2,2,0
"12571",2,2,0
"14998",4,4,0
"14999",1,1,0
"15000",1,1,0
"15001",2,2,0
"15002",9,9,0
"12570",1,1,0
"15004",1,1,0
"13695",16,16,0
"15006",2,2,0
"15007",1,1,0
"15008",2,2,0
"15009",3,3,0
"15010",1,1,0
"15011",2,2,0
"15012",3,3,0
"15013",10,10,0
"15014",2,2,0
"13691",1,1,0
"17694",3,3,0
"15017",1,1,0
"18192",1,1,0
"15019",1,1,0
"15020",1,1,0
"13690",1,1,0
"15022",5,5,0
"13689",2,2,0
"15024",16,16,0
"15025",2,2,0
"15026",5,5,0
"13688",1,1,0
"15028",6,6,0
"12568",1,1,0
"17697",1,1,0
"13687",1,1,0
"13686",3,3,0
"17698",1,1,0
"13685",7,7,0
"15035",1,1,0
"15036",3,3,0
"15037",2,2,0
"17699",2,2,0
"13683",1,1,0
"15040",1,1,0
"15041",2,2,0
"15042",2,2,0
"15043",6,6,0
"13682",1,1,0
"12564",1,1,0
"13681",4,4,0
"15047",1,1,0
"17701",1,1,0
"15049",1,1,0
"13679",3,3,0
"12563",1,1,0
"15052",1,1,0
"15053",3,3,0
"15054",2,2,0
"15055",3,3,0
"15056",1,1,0
"17703",4,4,0
"17704",2,2,0
"13678",1,1,0
"15060",4,4,0
"13677",2,2,0
"15062",8,8,0
"15063",1,1,0
"15064",4,4,0
"13675",2,2,0
"12378",2,2,0
"12562",9,9,0
"15068",4,4,0
"15069",1,1,0
"15070",3,3,0
"15071",4,4,0
"15072",1,1,0
"12347",8,8,0
"15074",3,3,0
"15075",1,1,0
"13673",2,2,0
"13671",1,1,0
"13670",1,1,0
"13669",3,3,0
"15080",2,2,0
"17708",4,4,0
"15082",1,1,0
"15083",1,1,0
"15084",2,2,0
"15085",1,1,0
"15086",2,2,0
"15087",1,1,0
"17709",5,5,0
"15089",6,6,0
"15090",1,1,0
"13667",1,1,0
"17710",1,1,0
"13666",5,5,0
"15094",2,2,0
"17711",2,2,0
"15096",1,1,0
"13665",3,3,0
"13661",1,1,0
"15099",1,1,0
"13657",2,2,0
"13654",11,11,0
"15102",2,2,0
"15103",2,2,0
"17712",1,1,0
"15105",9,9,0
"13653",1,1,0
"13652",5,5,0
"17713",4,4,0
"12561",1,1,0
"13649",6,6,0
"15111",5,5,0
"15112",1,1,0
"17715",2,2,0
"15114",12,12,0
"12557",8,8,0
"15116",4,4,0
"17717",1,1,0
"15118",1,1,0
"15119",1,1,0
"18195",1,1,0
"15121",2,2,0
"13645",1,1,0
"15123",5,5,0
"15124",4,4,0
"13640",1,1,0
"15126",2,2,0
"15127",2,2,0
"13639",2,2,0
"15129",23,23,0
"15130",1,1,0
"15131",1,1,0
"15132",5,5,0
"15133",5,5,0
"15134",10,10,0
"12556",2,2,0
"12555",1,1,0
"13638",1,1,0
"17721",1,1,0
"15139",2,2,0
"12554",1,1,0
"13637",3,3,0
"17723",7,7,0
"15143",2,2,0
"13629",19,19,0
"15145",4,4,0
"18196",4,4,0
"12552",2,2,0
"15148",1,1,0
"15149",5,5,0
"12353",2,2,0
"15151",2,2,0
"13628",1,1,0
"15153",1,1,0
"12377",4,4,0
"15155",1,1,0
"15156",3,3,0
"13625",1,1,0
"12551",1,1,0
"13621",1,1,0
"15160",4,4,0
"15161",1,1,0
"17729",1,1,0
"15163",2,2,0
"12550",1,1,0
"15165",1,1,0
"15166",1,1,0
"15167",5,5,0
"15168",1,1,0
"15169",2,2,0
"15170",1,1,0
"18281",2,2,0
"15172",5,5,0
"12549",6,6,0
"15174",2,2,0
"15175",1,1,0
"17733",2,2,0
"15177",1,1,0
"15178",1,1,0
"13620",1,1,0
"15180",3,3,0
"13619",2,2,0
"13618",1,1,0
"17734",6,6,0
"15184",4,4,0
"15185",1,1,0
"15186",5,5,0
"13616",2,2,0
"15188",1,1,0
"13614",6,6,0
"15190",1,1,0
"15191",3,3,0
"15192",5,5,0
"15193",1,1,0
"13613",5,5,0
"15195",1,1,0
"15196",2,2,0
"13609",1,1,0
"12548",1,1,0
"15199",10,10,0
"15200",1,1,0
"13608",1,1,0
"13606",3,3,0
"15203",15,15,0
"15204",1,1,0
"18200",1,1,0
"15206",4,4,0
"13605",2,2,0
"17737",2,2,0
"15209",1,1,0
"15210",3,3,0
"15211",2,2,0
"12547",3,3,0
"12545",2,2,0
"15214",8,8,0
"13603",1,1,0
"15216",2,2,0
"15217",1,1,0
"13602",4,4,0
"15219",2,2,0
"17740",6,6,0
"13601",4,4,0
"13600",2,2,0
"17741",2,2,0
"13596",2,2,0
"15225",1,1,0
"15226",1,1,0
"15227",9,9,0
"17742",11,11,0
"15229",1,1,0
"15230",2,2,0
"18201",1,1,0
"15232",2,2,0
"15233",1,1,0
"15234",1,1,0
"15235",16,16,0
"15236",1,1,0
"15237",4,4,0
"13595",3,3,0
"18202",3,3,0
"13592",4,4,0
"17745",2,2,0
"15242",1,1,0
"15243",2,2,0
"12543",1,1,0
"15245",8,8,0
"15246",3,3,0
"18203",4,4,0
"17748",1,1,0
"13589",6,6,0
"15250",1,1,0
"13586",1,1,0
"13583",2,2,0
"13582",2,2,0
"17749",3,3,0
"13581",2,2,0
"15256",2,2,0
"17750",9,9,0
"15258",2,2,0
"15259",4,4,0
"13580",1,1,0
"15261",4,4,0
"15262",3,3,0
"15263",1,1,0
"17751",1,1,0
"15265",4,4,0
"17752",1,1,0
"15267",5,5,0
"18285",1,1,0
"15269",3,3,0
"13578",1,1,0
"13575",5,5,0
"15272",6,6,0
"15273",1,1,0
"15274",2,2,0
"12541",3,3,0
"17756",3,3,0
"15277",2,2,0
"15278",4,4,0
"13574",1,1,0
"15280",3,3,0
"13573",6,6,0
"15282",1,1,0
"12538",2,2,0
"15284",1,1,0
"15285",1,1,0
"15286",1,1,0
"17758",12,12,0
"15288",10,10,0
"13572",1,1,0
"13571",26,26,0
"13570",1,1,0
"15292",1,1,0
"15293",1,1,0
"17759",5,5,0
"15295",1,1,0
"13569",4,4,0
"18205",2,2,0
"13568",1,1,0
"13566",5,5,0
"15300",1,1,0
"13565",3,3,0
"17761",1,1,0
"17762",1,1,0
"13563",2,2,0
"15305",1,1,0
"18206",1,1,0
"15307",1,1,0
"17764",5,5,0
"13562",8,8,0
"15310",1,1,0
"13561",11,11,0
"13560",1,1,0
"15313",1,1,0
"17765",4,4,0
"17766",2,2,0
"15316",1,1,0
"17767",2,2,0
"15318",1,1,0
"15319",1,1,0
"15320",1,1,0
"13559",2,2,0
"12376",2,2,0
"12537",1,1,0
"15324",1,1,0
"17770",5,5,0
"13558",4,4,0
"15327",1,1,0
"15328",1,1,0
"13556",2,2,0
"15330",2,2,0
"17771",4,4,0
"15332",6,6,0
"15333",1,1,0
"15334",3,3,0
"15335",1,1,0
"15336",1,1,0
"17772",3,3,0
"15338",1,1,0
"13553",1,1,0
"15340",1,1,0
"17773",2,2,0
"12535",2,2,0
"15343",1,1,0
"13551",2,2,0
"17775",1,1,0
"18208",1,1,0
"13550",1,1,0
"15348",1,1,0
"15349",2,2,0
"15350",2,2,0
"13548",3,3,0
"15352",1,1,0
"17777",3,3,0
"13547",1,1,0
"15355",2,2,0
"15356",13,13,0
"13546",5,5,0
"17778",1,1,0
"15360",1,1,0
"15361",4,4,0
"15362",2,2,0
"12534",1,1,0
"15364",2,2,0
"13543",2,2,0
"15366",7,7,0
"13540",3,3,0
"15368",2,2,0
"13538",12,12,0
"17780",3,3,0
"15371",1,1,0
"13537",2,2,0
"17781",2,2,0
"15374",2,2,0
"15375",1,1,0
"15376",3,3,0
"17782",2,2,0
"15378",2,2,0
"17783",3,3,0
"13536",7,7,0
"17784",1,1,0
"13535",1,1,0
"17785",3,3,0
"15385",3,3,0
"15386",1,1,0
"15387",1,1,0
"15388",1,1,0
"15389",5,5,0
"15390",2,2,0
"17786",2,2,0
"17787",4,4,0
"15393",5,5,0
"13533",3,3,0
"15395",1,1,0
"15396",2,2,0
"15397",1,1,0
"17788",2,2,0
"15399",3,3,0
"17789",2,2,0
"15401",2,2,0
"17790",20,20,0
"15403",2,2,0
"15404",1,1,0
"15405",2,2,0
"13532",1,1,0
"15407",4,4,0
"15408",1,1,0
"17791",1,1,0
"15410",10,10,0
"17792",2,2,0
"15412",1,1,0
"13531",6,6,0
"15414",3,3,0
"15415",1,1,0
"13530",1,1,0
"15417",1,1,0
"15418",2,2,0
"15419",1,1,0
"15420",6,6,0
"15421",10,10,0
"17793",1,1,0
"17794",2,2,0
"15424",3,3,0
"15425",4,4,0
"13529",2,2,0
"15427",3,3,0
"15428",4,4,0
"17795",2,2,0
"17796",7,7,0
"15431",1,1,0
"13525",2,2,0
"17797",8,8,0
"13524",5,5,0
"15435",1,1,0
"15436",3,3,0
"15437",2,2,0
"15438",1,1,0
"15439",4,4,0
"15440",3,3,0
"15441",3,3,0
"15442",1,1,0
"13522",1,1,0
"15444",2,2,0
"15445",2,2,0
"13521",3,3,0
"17798",1,1,0
"15448",2,2,0
"13518",1,1,0
"15450",1,1,0
"15451",2,2,0
"15452",6,6,0
"15453",7,7,0
"15454",2,2,0
"15455",1,1,0
"15456",10,10,0
"15457",1,1,0
"15458",2,2,0
"15459",2,2,0
"15460",1,1,0
"12532",1,1,0
"15462",4,4,0
"15463",1,1,0
"15464",1,1,0
"13516",4,4,0
"15466",4,4,0
"17800",9,9,0
"13515",6,6,0
"13514",4,4,0
"15470",1,1,0
"15471",3,3,0
"15472",1,1,0
"13512",4,4,0
"15474",1,1,0
"15475",1,1,0
"18209",1,1,0
"15477",1,1,0
"15478",3,3,0
"15479",1,1,0
"13509",8,8,0
"15481",1,1,0
"13508",2,2,0
"15483",10,10,0
"12527",5,5,0
"17803",1,1,0
"15486",1,1,0
"15487",1,1,0
"15488",5,5,0
"13507",4,4,0
"18210",7,7,0
"17805",2,2,0
"15492",2,2,0
"13504",1,1,0
"17806",1,1,0
"15495",1,1,0
"15496",1,1,0
"13498",1,1,0
"13494",1,1,0
"15499",1,1,0
"15500",4,4,0
"15501",2,2,0
"13493",2,2,0
"15503",2,2,0
"17807",3,3,0
"13492",3,3,0
"15506",6,6,0
"15507",1,1,0
"15508",6,6,0
"15509",1,1,0
"15510",1,1,0
"15511",5,5,0
"15512",4,4,0
"13491",27,27,0
"13490",1,1,0
"15515",1,1,0
"15516",3,3,0
"15517",1,1,0
"13489",4,4,0
"15519",2,2,0
"15520",1,1,0
"13487",5,5,0
"15522",2,2,0
"13486",3,3,0
"15524",2,2,0
"17808",4,4,0
"15526",2,2,0
"13483",1,1,0
"15528",1,1,0
"12526",3,3,0
"15530",5,5,0
"15531",2,2,0
"13482",2,2,0
"13480",2,2,0
"15534",1,1,0
"13475",4,4,0
"15536",1,1,0
"15537",1,1,0
"13474",3,3,0
"15539",1,1,0
"15540",2,2,0
"15541",1,1,0
"18211",5,5,0
"15543",2,2,0
"13472",2,2,0
"15545",2,2,0
"12522",2,2,0
"13471",4,4,0
"15548",1,1,0
"17812",7,7,0
"13470",2,2,0
"13469",1,1,0
"15552",2,2,0
"15553",1,1,0
"15554",1,1,0
"13467",2,2,0
"15556",1,1,0
"15557",1,1,0
"12521",1,1,0
"15559",1,1,0
"15560",2,2,0
"17814",2,2,0
"15562",3,3,0
"13465",2,2,0
"15564",2,2,0
"15565",2,2,0
"15566",2,2,0
"15567",1,1,0
"15568",3,3,0
"15569",10,10,0
"13460",2,2,0
"15571",14,14,0
"15572",10,10,0
"15573",5,5,0
"17815",1,1,0
"15575",1,1,0
"15576",1,1,0
"15577",5,5,0
"15578",1,1,0
"13459",2,2,0
"13454",1,1,0
"13452",3,3,0
"15582",3,3,0
"15583",1,1,0
"17816",6,6,0
"15585",1,1,0
"18212",2,2,0
"15587",7,7,0
"15588",1,1,0
"17818",1,1,0
"18213",1,1,0
"15591",3,3,0
"15592",1,1,0
"15593",1,1,0
"12518",5,5,0
"15595",1,1,0
"13449",1,1,0
"17821",1,1,0
"13445",1,1,0
"15599",3,3,0
"17822",5,5,0
"13444",2,2,0
"13442",3,3,0
"17823",2,2,0
"15604",1,1,0
"17824",1,1,0
"13441",2,2,0
"13439",3,3,0
"15608",5,5,0
"17825",4,4,0
"15610",1,1,0
"13438",1,1,0
"15612",2,2,0
"15613",1,1,0
"13437",7,7,0
"13436",1,1,0
"15616",1,1,0
"15617",3,3,0
"17826",1,1,0
"15619",1,1,0
"13434",5,5,0
"13432",2,2,0
"13429",4,4,0
"15623",8,8,0
"15624",4,4,0
"13428",3,3,0
"18271",2,2,0
"15627",2,2,0
"13427",6,6,0
"15629",4,4,0
"12516",4,4,0
"15631",1,1,0
"13423",1,1,0
"13419",1,1,0
"15634",2,2,0
"15635",1,1,0
"15636",4,4,0
"15637",5,5,0
"13416",3,3,0
"13412",1,1,0
"13411",1,1,0
"15641",12,12,0
"15642",1,1,0
"13404",2,2,0
"15644",4,4,0
"12351",1,1,0
"17830",3,3,0
"15647",1,1,0
"13403",3,3,0
"15649",4,4,0
"17831",1,1,0
"15651",5,5,0
"17832",1,1,0
"15653",2,2,0
"15654",2,2,0
"17833",1,1,0
"15656",4,4,0
"15657",1,1,0
"13402",4,4,0
"15659",3,3,0
"13399",3,3,0
"15661",8,8,0
"15662",2,2,0
"15663",1,1,0
"13398",2,2,0
"15665",5,5,0
"15666",2,2,0
"15667",1,1,0
"15668",1,1,0
"17834",2,2,0
"17835",3,3,0
"13395",3,3,0
"15672",1,1,0
"17836",1,1,0
"13392",1,1,0
"15675",4,4,0
"13391",1,1,0
"15677",3,3,0
"15678",3,3,0
"15679",4,4,0
"13390",1,1,0
"13389",3,3,0
"12515",1,1,0
"15683",2,2,0
"13387",1,1,0
"15685",1,1,0
"15686",1,1,0
"13386",2,2,0
"15688",1,1,0
"15689",3,3,0
"15690",2,2,0
"12514",2,2,0
"15692",1,1,0
"15693",1,1,0
"13385",1,1,0
"15695",4,4,0
"13383",1,1,0
"15697",1,1,0
"15698",1,1,0
"15699",1,1,0
"17839",1,1,0
"15701",4,4,0
"15702",2,2,0
"15703",1,1,0
"13382",5,5,0
"15705",1,1,0
"13380",1,1,0
"15707",4,4,0
"13379",3,3,0
"15709",2,2,0
"15710",1,1,0
"15711",2,2,0
"17840",1,1,0
"13376",3,3,0
"15714",5,5,0
"15715",5,5,0
"15716",11,11,0
"15717",5,5,0
"15718",1,1,0
"13374",2,2,0
"15720",2,2,0
"15721",1,1,0
"13373",6,6,0
"15723",4,4,0
"13372",1,1,0
"15725",1,1,0
"15726",1,1,0
"15727",15,15,0
"12512",2,2,0
"13367",1,1,0
"13366",1,1,0
"15731",1,1,0
"13363",3,3,0
"15733",1,1,0
"15734",4,4,0
"15735",1,1,0
"17842",1,1,0
"13361",2,2,0
"13358",1,1,0
"15739",1,1,0
"15740",1,1,0
"15741",2,2,0
"15742",1,1,0
"15743",4,4,0
"15744",1,1,0
"13357",5,5,0
"17843",2,2,0
"17844",1,1,0
"15748",3,3,0
"17845",4,4,0
"13356",1,1,0
"13355",1,1,0
"17846",1,1,0
"15753",1,1,0
"13354",1,1,0
"13351",1,1,0
"15756",4,4,0
"15757",6,6,0
"15758",1,1,0
"13349",1,1,0
"13348",1,1,0
"15761",1,1,0
"15762",2,2,0
"17847",2,2,0
"13347",1,1,0
"15765",1,1,0
"18216",1,1,0
"13346",6,6,0
"13344",3,3,0
"15770",1,1,0
"15771",3,3,0
"15772",1,1,0
"15773",2,2,0
"17849",8,8,0
"15775",2,2,0
"15776",1,1,0
"13341",1,1,0
"15778",1,1,0
"15779",2,2,0
"15780",3,3,0
"12509",1,1,0
"13340",12,12,0
"15783",1,1,0
"15784",2,2,0
"13339",1,1,0
"13336",1,1,0
"15787",3,3,0
"17851",6,6,0
"17852",5,5,0
"15790",1,1,0
"13333",3,3,0
"15792",2,2,0
"17853",3,3,0
"15794",2,2,0
"15795",8,8,0
"13332",1,1,0
"15797",6,6,0
"15798",3,3,0
"15799",4,4,0
"15800",7,7,0
"17854",6,6,0
"13331",1,1,0
"15803",4,4,0
"13330",6,6,0
"13328",1,1,0
"15806",3,3,0
"17855",1,1,0
"13326",1,1,0
"13325",1,1,0
"13323",5,5,0
"13322",1,1,0
"12508",2,2,0
"15813",2,2,0
"13321",2,2,0
"15815",5,5,0
"12506",1,1,0
"15817",3,3,0
"15818",1,1,0
"12502",5,5,0
"15820",1,1,0
"15821",2,2,0
"13318",3,3,0
"13315",1,1,0
"15824",2,2,0
"15825",1,1,0
"13312",1,1,0
"13311",2,2,0
"15828",1,1,0
"15829",2,2,0
"17859",1,1,0
"17860",4,4,0
"15832",1,1,0
"15833",1,1,0
"13309",6,6,0
"15835",4,4,0
"12499",1,1,0
"15837",2,2,0
"13307",3,3,0
"13306",1,1,0
"17862",4,4,0
"13305",16,16,0
"17863",12,12,0
"15843",1,1,0
"15844",1,1,0
"13303",1,1,0
"15846",1,1,0
"15847",5,5,0
"15848",1,1,0
"15850",6,6,0
"15851",1,1,0
"15852",3,3,0
"15853",1,1,0
"15854",21,21,0
"15855",6,6,0
"13302",2,2,0
"15857",2,2,0
"13301",4,4,0
"15859",1,1,0
"15860",17,17,0
"13298",1,1,0
"15862",13,13,0
"15863",5,5,0
"13296",6,6,0
"15865",5,5,0
"15866",1,1,0
"13294",3,3,0
"15868",1,1,0
"15869",3,3,0
"15870",4,4,0
"15871",1,1,0
"15872",4,4,0
"17864",5,5,0
"13291",11,11,0
"15875",1,1,0
"15876",2,2,0
"12498",3,3,0
"15878",2,2,0
"15879",4,4,0
"12374",4,4,0
"13289",1,1,0
"13286",1,1,0
"15883",2,2,0
"12496",2,2,0
"13285",6,6,0
"15886",4,4,0
"15887",3,3,0
"17868",1,1,0
"17869",7,7,0
"15890",5,5,0
"15891",1,1,0
"15892",1,1,0
"15893",1,1,0
"15894",2,2,0
"15895",1,1,0
"15897",2,2,0
"13283",4,4,0
"15899",1,1,0
"12373",3,3,0
"13277",7,7,0
"15902",1,1,0
"13275",2,2,0
"15904",1,1,0
"15905",1,1,0
"13274",1,1,0
"15907",3,3,0
"15908",2,2,0
"15909",1,1,0
"15910",15,15,0
"13273",1,1,0
"15912",9,9,0
"15913",1,1,0
"15914",2,2,0
"15915",1,1,0
"13272",2,2,0
"15917",5,5,0
"15918",3,3,0
"15919",2,2,0
"15920",9,9,0
"15921",4,4,0
"17871",5,5,0
"15923",1,1,0
"15924",1,1,0
"15925",1,1,0
"15926",1,1,0
"15927",1,1,0
"15928",1,1,0
"15929",1,1,0
"15930",1,1,0
"15931",1,1,0
"13270",1,1,0
"15933",3,3,0
"15934",2,2,0
"17872",1,1,0
"15936",2,2,0
"15937",1,1,0
"15938",9,9,0
"12492",3,3,0
"13265",5,5,0
"12372",3,3,0
"15942",1,1,0
"15943",2,2,0
"15944",4,4,0
"15945",4,4,0
"15946",3,3,0
"15947",1,1,0
"15948",3,3,0
"15949",2,2,0
"13264",1,1,0
"17875",1,1,0
"15952",4,4,0
"13263",39,39,0
"15954",1,1,0
"13262",3,3,0
"15956",2,2,0
"15957",3,3,0
"15958",4,4,0
"15959",3,3,0
"17876",3,3,0
"15961",1,1,0
"15962",1,1,0
"15963",2,2,0
"15964",1,1,0
"17877",1,1,0
"17878",3,3,0
"17879",1,1,0
"15968",1,1,0
"17880",3,3,0
"15970",2,2,0
"13261",2,2,0
"15972",5,5,0
"13260",1,1,0
"17881",1,1,0
"15975",1,1,0
"15976",6,6,0
"15977",2,2,0
"13259",9,9,0
"15979",1,1,0
"13258",5,5,0
"13254",1,1,0
"15982",1,1,0
"15983",8,8,0
"13253",4,4,0
"17882",2,2,0
"15986",2,2,0
"15987",8,8,0
"15988",3,3,0
"15989",2,2,0
"15990",7,7,0
"15991",1,1,0
"15992",3,3,0
"13251",1,1,0
"13249",9,9,0
"15995",1,1,0
"12371",5,5,0
"13248",2,2,0
"15999",1,1,0
"16000",3,3,0
"12491",1,1,0
"16002",1,1,0
"16003",10,10,0
"16004",5,5,0
"17885",1,1,0
"16006",2,2,0
"16007",7,7,0
"16008",15,15,0
"16009",4,4,0
"12370",7,7,0
"17887",1,1,0
"16012",5,5,0
"13247",4,4,0
"12489",1,1,0
"17889",7,7,0
"13245",2,2,0
"16017",5,5,0
"16018",4,4,0
"13244",1,1,0
"16020",3,3,0
"16021",2,2,0
"16022",1,1,0
"16023",3,3,0
"16024",3,3,0
"16025",1,1,0
"16026",1,1,0
"13243",5,5,0
"16028",1,1,0
"13242",7,7,0
"16030",1,1,0
"16031",2,2,0
"16032",6,6,0
"13241",1,1,0
"17890",2,2,0
"16035",1,1,0
"16036",4,4,0
"13237",1,1,0
"17891",1,1,0
"17892",3,3,0
"17893",1,1,0
"16041",3,3,0
"13234",2,2,0
"16043",8,8,0
"16044",1,1,0
"12488",3,3,0
"16046",1,1,0
"16047",1,1,0
"13233",4,4,0
"16049",6,6,0
"16050",3,3,0
"16051",1,1,0
"16052",1,1,0
"13232",7,7,0
"13229",1,1,0
"16055",1,1,0
"16056",1,1,0
"13228",1,1,0
"16058",1,1,0
"16059",12,12,0
"16060",3,3,0
"13227",1,1,0
"16062",8,8,0
"16063",1,1,0
"16064",1,1,0
"13226",2,2,0
"16066",5,5,0
"13223",6,6,0
"16068",1,1,0
"16069",1,1,0
"16070",2,2,0
"16071",4,4,0
"16072",4,4,0
"17895",1,1,0
"16074",1,1,0
"17896",1,1,0
"18222",1,1,0
"17898",4,4,0
"16078",2,2,0
"16079",3,3,0
"13222",1,1,0
"16081",8,8,0
"16082",1,1,0
"16083",4,4,0
"16084",1,1,0
"17899",1,1,0
"12486",1,1,0
"16087",5,5,0
"16088",2,2,0
"16089",2,2,0
"16090",1,1,0
"16091",2,2,0
"13221",2,2,0
"16093",1,1,0
"13220",5,5,0
"16095",1,1,0
"16096",4,4,0
"16097",1,1,0
"16098",14,14,0
"17901",3,3,0
"16100",1,1,0
"13219",1,1,0
"16102",3,3,0
"13218",1,1,0
"13216",1,1,0
"16105",5,5,0
"16106",1,1,0
"16107",7,7,0
"13215",1,1,0
"17902",1,1,0
"16110",4,4,0
"16111",1,1,0
"16112",4,4,0
"16113",1,1,0
"16114",1,1,0
"16115",12,12,0
"17903",1,1,0
"12369",3,3,0
"13214",7,7,0
"16119",8,8,0
"18224",1,1,0
"17906",1,1,0
"16122",6,6,0
"16123",1,1,0
"13210",1,1,0
"16125",14,14,0
"16126",15,15,0
"16127",2,2,0
"13207",4,4,0
"16129",3,3,0
"16130",4,4,0
"13205",1,1,0
"16132",2,2,0
"13204",1,1,0
"13201",4,4,0
"16135",2,2,0
"17907",1,1,0
"16137",1,1,0
"12485",1,1,0
"16139",5,5,0
"13200",4,4,0
"16141",2,2,0
"16142",1,1,0
"13197",1,1,0
"16144",1,1,0
"13195",1,1,0
"16146",4,4,0
"13194",2,2,0
"13193",1,1,0
"16149",3,3,0
"13191",1,1,0
"16152",1,1,0
"13189",2,2,0
"17909",1,1,0
"13188",1,1,0
"17910",1,1,0
"17911",1,1,0
"12368",1,1,0
"13185",1,1,0
"13182",1,1,0
"16162",1,1,0
"13181",1,1,0
"17913",14,14,0
"16165",1,1,0
"13180",1,1,0
"17914",1,1,0
"13179",1,1,0
"16169",4,4,0
"13177",2,2,0
"16171",1,1,0
"16172",8,8,0
"17915",1,1,0
"16174",7,7,0
"16175",7,7,0
"13176",1,1,0
"13174",12,12,0
"16178",2,2,0
"16179",1,1,0
"13172",1,1,0
"16181",1,1,0
"16182",9,9,0
"16183",4,4,0
"17916",2,2,0
"16185",3,3,0
"13170",1,1,0
"13169",3,3,0
"17917",3,3,0
"16189",2,2,0
"16190",8,8,0
"13167",5,5,0
"16192",1,1,0
"16193",2,2,0
"16194",1,1,0
"16195",1,1,0
"16196",1,1,0
"16197",9,9,0
"16198",2,2,0
"16199",7,7,0
"17918",3,3,0
"17919",2,2,0
"13165",3,3,0
"12478",1,1,0
"12475",2,2,0
"16205",7,7,0
"17922",1,1,0
"16207",1,1,0
"16208",10,10,0
"16209",9,9,0
"13161",2,2,0
"17923",3,3,0
"12470",1,1,0
"16213",1,1,0
"16214",4,4,0
"16215",1,1,0
"16216",1,1,0
"13160",1,1,0
"13158",5,5,0
"16219",1,1,0
"17925",1,1,0
"16222",2,2,0
"16223",2,2,0
"16224",5,5,0
"13156",3,3,0
"16226",5,5,0
"13155",6,6,0
"17926",5,5,0
"17927",1,1,0
"16230",2,2,0
"16231",4,4,0
"13153",1,1,0
"13149",4,4,0
"17928",3,3,0
"13147",4,4,0
"16236",1,1,0
"16237",1,1,0
"16238",1,1,0
"12367",1,1,0
"13146",1,1,0
"16241",16,16,0
"13144",2,2,0
"16243",2,2,0
"16244",2,2,0
"13142",1,1,0
"16246",2,2,0
"16247",1,1,0
"16248",1,1,0
"16249",5,5,0
"16250",3,3,0
"16251",1,1,0
"12469",2,2,0
"13140",5,5,0
"16254",3,3,0
"13135",2,2,0
"12466",1,1,0
"16257",1,1,0
"17932",3,3,0
"16259",3,3,0
"16260",1,1,0
"16261",6,6,0
"13133",3,3,0
"16263",1,1,0
"16264",2,2,0
"13132",1,1,0
"16266",14,14,0
"16267",1,1,0
"16268",2,2,0
"17933",1,1,0
"16270",1,1,0
"17934",3,3,0
"16272",1,1,0
"16273",2,2,0
"16274",1,1,0
"16275",3,3,0
"16276",3,3,0
"16277",1,1,0
"13130",1,1,0
"18273",4,4,0
"16280",1,1,0
"17936",1,1,0
"16282",3,3,0
"13129",2,2,0
"16284",3,3,0
"16285",1,1,0
"13128",1,1,0
"16287",5,5,0
"16288",1,1,0
"17937",7,7,0
"16290",4,4,0
"16291",1,1,0
"13127",1,1,0
"13125",1,1,0
"16294",1,1,0
"16295",4,4,0
"13124",4,4,0
"13123",2,2,0
"13122",2,2,0
"17938",1,1,0
"16300",3,3,0
"16301",1,1,0
"17939",1,1,0
"13120",1,1,0
"16304",1,1,0
"16305",1,1,0
"13119",1,1,0
"16307",3,3,0
"16308",7,7,0
"12464",8,8,0
"16310",2,2,0
"16311",2,2,0
"16312",1,1,0
"16313",2,2,0
"16314",3,3,0
"16315",2,2,0
"13114",1,1,0
"17941",4,4,0
"16318",1,1,0
"16319",1,1,0
"13111",1,1,0
"13108",2,2,0
"16322",2,2,0
"16323",2,2,0
"16324",3,3,0
"13105",1,1,0
"13104",9,9,0
"13103",3,3,0
"16328",1,1,0
"16329",4,4,0
"17942",1,1,0
"16331",6,6,0
"13101",4,4,0
"16333",22,22,0
"16334",1,1,0
"17944",1,1,0
"16336",4,4,0
"16337",1,1,0
"16338",1,1,0
"16339",1,1,0
"16340",3,3,0
"13099",1,1,0
"16342",4,4,0
"16343",3,3,0
"16344",4,4,0
"16345",2,2,0
"16346",1,1,0
"13096",1,1,0
"16348",8,8,0
"16349",1,1,0
"13095",1,1,0
"13088",1,1,0
"16352",2,2,0
"13087",1,1,0
"16354",5,5,0
"17945",3,3,0
"17946",2,2,0
"16357",4,4,0
"17947",1,1,0
"13086",1,1,0
"13083",3,3,0
"16361",4,4,0
"13079",6,6,0
"16363",1,1,0
"16364",2,2,0
"17948",1,1,0
"16366",4,4,0
"16367",3,3,0
"16368",3,3,0
"16369",7,7,0
"16370",4,4,0
"16371",1,1,0
"12461",2,2,0
"16373",2,2,0
"16374",5,5,0
"16375",2,2,0
"18283",22,22,0
"16377",2,2,0
"16378",3,3,0
"18229",28,28,0
"16380",1,1,0
"16381",2,2,0
"16382",2,2,0
"13076",1,1,0
"16384",4,4,0
"16385",5,5,0
"16386",3,3,0
"16387",5,5,0
"16388",1,1,0
"17952",4,4,0
"16390",3,3,0
"16391",4,4,0
"16392",3,3,0
"13075",1,1,0
"13073",2,2,0
"13072",1,1,0
"13071",1,1,0
"16397",1,1,0
"13068",2,2,0
"16399",3,3,0
"16400",9,9,0
"13067",3,3,0
"16402",2,2,0
"17953",1,1,0
"12460",1,1,0
"16405",2,2,0
"17955",6,6,0
"16407",14,14,0
"16408",1,1,0
"16409",12,12,0
"16410",1,1,0
"16411",4,4,0
"16412",5,5,0
"16413",2,2,0
"16414",5,5,0
"16415",3,3,0
"17956",1,1,0
"16417",1,1,0
"16418",5,5,0
"17957",1,1,0
"16420",1,1,0
"16421",3,3,0
"13064",6,6,0
"16423",1,1,0
"17958",2,2,0
"16425",1,1,0
"16426",10,10,0
"16427",2,2,0
"17959",1,1,0
"16429",1,1,0
"16430",7,7,0
"16431",3,3,0
"16432",1,1,0
"16433",2,2,0
"17960",3,3,0
"16435",3,3,0
"12459",1,1,0
"16437",2,2,0
"16438",5,5,0
"16439",1,1,0
"16440",6,6,0
"12366",1,1,0
"16442",5,5,0
"16443",1,1,0
"13063",1,1,0
"16445",4,4,0
"13062",1,1,0
"16447",3,3,0
"16448",2,2,0
"17963",4,4,0
"17964",2,2,0
"12458",4,4,0
"16452",2,2,0
"16453",2,2,0
"13061",1,1,0
"13060",1,1,0
"17966",10,10,0
"16457",1,1,0
"16458",30,30,0
"16459",1,1,0
"16460",3,3,0
"16461",3,3,0
"17967",2,2,0
"13058",3,3,0
"16464",3,3,0
"17968",4,4,0
"12455",10,10,0
"17970",1,1,0
"16468",3,3,0
"16469",5,5,0
"17971",1,1,0
"13056",1,1,0
"16472",2,2,0
"17972",1,1,0
"13053",1,1,0
"16475",4,4,0
"13052",7,7,0
"16477",11,11,0
"16478",3,3,0
"16479",2,2,0
"16480",1,1,0
"13051",2,2,0
"16482",1,1,0
"16483",1,1,0
"17973",1,1,0
"13046",3,3,0
"16486",1,1,0
"16487",2,2,0
"17974",6,6,0
"16489",2,2,0
"12453",1,1,0
"17976",1,1,0
"16492",1,1,0
"13045",3,3,0
"16494",1,1,0
"16495",3,3,0
"12364",4,4,0
"16497",23,23,0
"17978",4,4,0
"13041",4,4,0
"18275",2,2,0
"16501",1,1,0
"16502",2,2,0
"13040",2,2,0
"16504",1,1,0
"16505",1,1,0
"16506",2,2,0
"16507",1,1,0
"16508",1,1,0
"16509",1,1,0
"16510",6,6,0
"16511",6,6,0
"16513",4,4,0
"16515",10,10,0
"16516",1,1,0
"16517",1,1,0
"13039",4,4,0
"16519",4,4,0
"13038",3,3,0
"16521",3,3,0
"16522",2,2,0
"13036",1,1,0
"16524",2,2,0
"13034",3,3,0
"16526",2,2,0
"16527",2,2,0
"16528",1,1,0
"16529",4,4,0
"16530",1,1,0
"17980",4,4,0
"16532",5,5,0
"13033",2,2,0
"16534",1,1,0
"16535",3,3,0
"17981",1,1,0
"16537",1,1,0
"16538",3,3,0
"16539",10,10,0
"16540",1,1,0
"17982",1,1,0
"16542",2,2,0
"17983",1,1,0
"13031",5,5,0
"16545",2,2,0
"13030",2,2,0
"16547",1,1,0
"16548",1,1,0
"13029",5,5,0
"13025",1,1,0
"16551",7,7,0
"16552",2,2,0
"13023",3,3,0
"13022",1,1,0
"13017",1,1,0
"13016",3,3,0
"16557",2,2,0
"13011",1,1,0
"16559",1,1,0
"13010",2,2,0
"16561",2,2,0
"16562",1,1,0
"17984",5,5,0
"16564",1,1,0
"17985",1,1,0
"17986",1,1,0
"16567",2,2,0
"16568",2,2,0
"16569",5,5,0
"13009",1,1,0
"13007",1,1,0
"18233",1,1,0
"13006",1,1,0
"16574",3,3,0
"13003",3,3,0
"16577",1,1,0
"16578",1,1,0
"18234",1,1,0
"17989",1,1,0
"16582",1,1,0
"16583",2,2,0
"13002",3,3,0
"16585",2,2,0
"16586",3,3,0
"16587",1,1,0
"16588",4,4,0
"16589",4,4,0
"18235",3,3,0
"16591",1,1,0
"12999",3,3,0
"17991",3,3,0
"16594",1,1,0
"16595",5,5,0
"16596",4,4,0
"16597",1,1,0
"17992",1,1,0
"16599",1,1,0
"12996",1,1,0
"16601",3,3,0
"12992",1,1,0
"16603",2,2,0
"17993",1,1,0
"16605",1,1,0
"16606",2,2,0
"12991",3,3,0
"16608",2,2,0
"12990",7,7,0
"16610",1,1,0
"12449",6,6,0
"17995",3,3,0
"16613",1,1,0
"16614",3,3,0
"17996",3,3,0
"16616",2,2,0
"16617",1,1,0
"12448",1,1,0
"18236",12,12,0
"16620",6,6,0
"16621",4,4,0
"17999",3,3,0
"18000",1,1,0
"16624",2,2,0
"18001",6,6,0
"12988",1,1,0
"16627",1,1,0
"18002",4,4,0
"16629",2,2,0
"18003",1,1,0
"18004",1,1,0
"16632",2,2,0
"18005",2,2,0
"12984",1,1,0
"16635",1,1,0
"16636",4,4,0
"18006",4,4,0
"18007",1,1,0
"18008",23,23,0
"16640",1,1,0
"16641",2,2,0
"12983",1,1,0
"12447",1,1,0
"16644",2,2,0
"16645",1,1,0
"18010",1,1,0
"16647",4,4,0
"18011",2,2,0
"16649",1,1,0
"16650",7,7,0
"16651",1,1,0
"12981",2,2,0
"18012",1,1,0
"18013",2,2,0
"18014",1,1,0
"12977",4,4,0
"16657",4,4,0
"12976",8,8,0
"16659",1,1,0
"18015",1,1,0
"18016",7,7,0
"16662",1,1,0
"16663",1,1,0
"16664",1,1,0
"16665",1,1,0
"16666",2,2,0
"16667",2,2,0
"16668",13,13,0
"12974",2,2,0
"12973",1,1,0
"16671",3,3,0
"12970",10,10,0
"16673",1,1,0
"16674",2,2,0
"16675",2,2,0
"18017",4,4,0
"18237",5,5,0
"12969",1,1,0
"16679",3,3,0
"16680",3,3,0
"16681",7,7,0
"16682",5,5,0
"18019",1,1,0
"12968",1,1,0
"16685",2,2,0
"12966",1,1,0
"16687",1,1,0
"16688",4,4,0
"18238",1,1,0
"18021",2,2,0
"16691",2,2,0
"16692",4,4,0
"16693",5,5,0
"16694",1,1,0
"16695",2,2,0
"16696",4,4,0
"16697",1,1,0
"16698",2,2,0
"18022",5,5,0
"12965",1,1,0
"12964",1,1,0
"18239",6,6,0
"16704",2,2,0
"12962",2,2,0
"16706",3,3,0
"16707",4,4,0
"16708",1,1,0
"16709",14,14,0
"18025",6,6,0
"18026",2,2,0
"16712",13,13,0
"12961",1,1,0
"12960",4,4,0
"16715",2,2,0
"18027",1,1,0
"12958",2,2,0
"16718",5,5,0
"12956",4,4,0
"18028",1,1,0
"16721",1,1,0
"12954",1,1,0
"16723",4,4,0
"16724",1,1,0
"12953",2,2,0
"16726",7,7,0
"16727",4,4,0
"16728",4,4,0
"12950",3,3,0
"18029",1,1,0
"16731",1,1,0
"12946",1,1,0
"16733",1,1,0
"16734",3,3,0
"12945",2,2,0
"12944",2,2,0
"16737",2,2,0
"16738",1,1,0
"12942",3,3,0
"16740",1,1,0
"16741",1,1,0
"18240",1,1,0
"18031",1,1,0
"16744",7,7,0
"18032",1,1,0
"12941",1,1,0
"12939",20,20,0
"18033",1,1,0
"16749",2,2,0
"16750",5,5,0
"16751",1,1,0
"16752",1,1,0
"16753",1,1,0
"12938",1,1,0
"12937",9,9,0
"12934",1,1,0
"16757",2,2,0
"16758",1,1,0
"18034",3,3,0
"16760",1,1,0
"16761",1,1,0
"16762",3,3,0
"18035",5,5,0
"12932",8,8,0
"16765",2,2,0
"16766",2,2,0
"18036",11,11,0
"12928",12,12,0
"16769",4,4,0
"12927",1,1,0
"16771",10,10,0
"12926",4,4,0
"16773",3,3,0
"18037",15,15,0
"18038",1,1,0
"16776",2,2,0
"18039",4,4,0
"16778",2,2,0
"12925",3,3,0
"16780",3,3,0
"18040",2,2,0
"12923",3,3,0
"16783",1,1,0
"16784",5,5,0
"16785",1,1,0
"16786",1,1,0
"16787",4,4,0
"16788",5,5,0
"16789",1,1,0
"12922",1,1,0
"12920",4,4,0
"16792",5,5,0
"16793",1,1,0
"12914",1,1,0
"12913",13,13,0
"16796",1,1,0
"12912",5,5,0
"12446",1,1,0
"18042",2,2,0
"16800",1,1,0
"18043",3,3,0
"16802",2,2,0
"16803",1,1,0
"16804",3,3,0
"16805",5,5,0
"16806",4,4,0
"12911",1,1,0
"16808",2,2,0
"12363",2,2,0
"12906",5,5,0
"16811",2,2,0
"18045",1,1,0
"16813",10,10,0
"18046",1,1,0
"16815",2,2,0
"16816",4,4,0
"12904",2,2,0
"12903",1,1,0
"16819",2,2,0
"16820",1,1,0
"16821",1,1,0
"12902",1,1,0
"18047",2,2,0
"16824",3,3,0
"16825",5,5,0
"16826",1,1,0
"16827",5,5,0
"16828",2,2,0
"16829",2,2,0
"18048",3,3,0
"16831",1,1,0
"16832",5,5,0
"16833",6,6,0
"16834",2,2,0
"12900",1,1,0
"16836",4,4,0
"18049",2,2,0
"12899",1,1,0
"12898",2,2,0
"18050",2,2,0
"12897",4,4,0
"18242",8,8,0
"12894",1,1,0
"16844",2,2,0
"16845",1,1,0
"16846",3,3,0
"16847",2,2,0
"16848",4,4,0
"16849",1,1,0
"16850",1,1,0
"16851",3,3,0
"16852",2,2,0
"16854",2,2,0
"16855",2,2,0
"16856",3,3,0
"16857",1,1,0
"12893",1,1,0
"12892",1,1,0
"18052",1,1,0
"12444",5,5,0
"16862",4,4,0
"12890",2,2,0
"16864",2,2,0
"16865",1,1,0
"16866",3,3,0
"16867",1,1,0
"16868",3,3,0
"18054",1,1,0
"16870",1,1,0
"18243",1,1,0
"16872",6,6,0
"12887",1,1,0
"16874",1,1,0
"12884",1,1,0
"16876",1,1,0
"16877",6,6,0
"18244",2,2,0
"16880",8,8,0
"16881",1,1,0
"16882",3,3,0
"18057",3,3,0
"16884",4,4,0
"16885",4,4,0
"18058",3,3,0
"16887",3,3,0
"16888",3,3,0
"16889",6,6,0
"16890",3,3,0
"16891",11,11,0
"12883",4,4,0
"16893",2,2,0
"12882",2,2,0
"16895",5,5,0
"16896",1,1,0
"12361",4,4,0
"18060",2,2,0
"16899",8,8,0
"12881",1,1,0
"16901",1,1,0
"16902",1,1,0
"18246",3,3,0
"16904",21,21,0
"12880",2,2,0
"16906",7,7,0
"16907",9,9,0
"12443",1,1,0
"18063",2,2,0
"16910",8,8,0
"12442",1,1,0
"12877",20,20,0
"16913",3,3,0
"16914",1,1,0
"16915",11,11,0
"16916",4,4,0
"12441",1,1,0
"12875",5,5,0
"12873",3,3,0
"16920",1,1,0
"16921",3,3,0
"16922",1,1,0
"12871",3,3,0
"18066",3,3,0
"16925",1,1,0
"18067",1,1,0
"16927",3,3,0
"12869",1,1,0
"16929",7,7,0
"16930",3,3,0
"16931",23,23,0
"16932",3,3,0
"12868",8,8,0
"18068",1,1,0
"16935",3,3,0
"16936",2,2,0
"16937",1,1,0
"12438",2,2,0
"16939",3,3,0
"12866",3,3,0
"16941",1,1,0
"12358",5,5,0
"12864",2,2,0
"16944",1,1,0
"12862",2,2,0
"18071",6,6,0
"12861",1,1,0
"16948",7,7,0
"12357",3,3,0
"12860",1,1,0
"18249",1,1,0
"16952",5,5,0
"16953",1,1,0
"18074",2,2,0
"12859",1,1,0
"12436",1,1,0
"16957",2,2,0
"16958",1,1,0
"16959",1,1,0
"18076",1,1,0
"12855",4,4,0
"16962",1,1,0
"16963",1,1,0
"16964",2,2,0
"16965",1,1,0
"12851",2,2,0
"16967",1,1,0
"16968",2,2,0
"16969",3,3,0
"16970",1,1,0
"18077",18,18,0
"16972",2,2,0
"16973",1,1,0
"16974",2,2,0
"12850",1,1,0
"16976",1,1,0
"16977",4,4,0
"16978",3,3,0
"12849",6,6,0
"16980",3,3,0
"16982",1,1,0
"18078",4,4,0
"12848",1,1,0
"12847",2,2,0
"16986",11,11,0
"18079",5,5,0
"16988",2,2,0
"16989",6,6,0
"16990",2,2,0
"16991",1,1,0
"12846",1,1,0
"18080",2,2,0
"12845",4,4,0
"16997",3,3,0
"12844",4,4,0
"16999",2,2,0
"17000",2,2,0
"17001",19,19,0
"18081",3,3,0
"17003",4,4,0
"17004",4,4,0
"18082",1,1,0
"17006",8,8,0
"18083",1,1,0
"17008",1,1,0
"17009",1,1,0
"12435",6,6,0
"18085",4,4,0
"17012",1,1,0
"18086",1,1,0
"17015",3,3,0
"17016",1,1,0
"12842",4,4,0
"17018",6,6,0
"12837",2,2,0
"17020",2,2,0
"17021",6,6,0
"17022",2,2,0
"17023",3,3,0
"17024",3,3,0
"17025",5,5,0
"17026",3,3,0
"12432",5,5,0
"17028",3,3,0
"17029",7,7,0
"17030",1,1,0
"17031",6,6,0
"12834",1,1,0
"17033",4,4,0
"12833",1,1,0
"18088",1,1,0
"17036",1,1,0
"18089",1,1,0
"17038",2,2,0
"17039",1,1,0
"17040",2,2,0
"18090",1,1,0
"17042",5,5,0
"17043",8,8,0
"12832",2,2,0
"17045",5,5,0
"17046",5,5,0
"17047",6,6,0
"12831",3,3,0
"12828",6,6,0
"18091",1,1,0
"17051",4,4,0
"17052",1,1,0
"12430",1,1,0
"12350",1,1,0
"17055",1,1,0
"17056",1,1,0
"17057",1,1,0
"17058",3,3,0
"12420",1,1,0
"17060",1,1,0
"18095",5,5,0
"18096",6,6,0
"12827",3,3,0
"17064",3,3,0
"12419",2,2,0
"17066",1,1,0
"17067",3,3,0
"12825",2,2,0
"12824",1,1,0
"17070",2,2,0
"12823",18,18,0
"17072",1,1,0
"17073",4,4,0
"17074",1,1,0
"18098",1,1,0
"17076",6,6,0
"17077",1,1,0
"17078",2,2,0
"17079",1,1,0
"18099",1,1,0
"17081",6,6,0
"17082",6,6,0
"12821",2,2,0
"18100",1,1,0
"12819",1,1,0
"17086",6,6,0
"17087",1,1,0
"17088",4,4,0
"17089",1,1,0
"12817",3,3,0
"12816",2,2,0
"12815",2,2,0
"17093",1,1,0
"18101",5,5,0
"12814",1,1,0
"12813",3,3,0
"12416",1,1,0
"17098",3,3,0
"17099",1,1,0
"17100",2,2,0
"17101",7,7,0
"17102",1,1,0
"17103",1,1,0
"17104",1,1,0
"17105",2,2,0
"17106",1,1,0
"12812",1,1,0
"17108",1,1,0
"12811",5,5,0
"17110",3,3,0
"17111",2,2,0
"17112",1,1,0
"12810",2,2,0
"12808",5,5,0
"12806",4,4,0
"17116",1,1,0
"17117",1,1,0
"17118",1,1,0
"18103",1,1,0
"17120",1,1,0
"17121",1,1,0
"17122",4,4,0
"17123",3,3,0
"17124",1,1,0
"17125",1,1,0
"12805",4,4,0
"17127",5,5,0
"17128",1,1,0
"17129",1,1,0
"17131",5,5,0
"17132",2,2,0
"18104",1,1,0
"17134",3,3,0
"18105",1,1,0
"17136",1,1,0
"17137",6,6,0
"17138",7,7,0
"12804",2,2,0
"17140",1,1,0
"17141",4,4,0
"17142",4,4,0
"17143",2,2,0
"17144",2,2,0
"12803",1,1,0
"12800",3,3,0
"12799",1,1,0
"17148",1,1,0
"17149",1,1,0
"17150",6,6,0
"17151",1,1,0
"18106",6,6,0
"17153",1,1,0
"17154",1,1,0
"17155",7,7,0
"18107",1,1,0
"18251",9,9,0
"12411",1,1,0
"12348",5,5,0
"18253",1,1,0
"17161",1,1,0
"18112",4,4,0
"17163",4,4,0
"18113",1,1,0
"12798",4,4,0
"18114",1,1,0
"17167",3,3,0
"17168",1,1,0
"12796",1,1,0
"18115",1,1,0
"17171",2,2,0
"12795",1,1,0
"18116",13,13,0
"17174",1,1,0
"18117",1,1,0
"17176",3,3,0
"17177",1,1,0
"17178",1,1,0
"17179",6,6,0
"12794",2,2,0
"17181",3,3,0
"17182",2,2,0
"12793",3,3,0
"17184",2,2,0
"17185",3,3,0
"17186",2,2,0
"17187",2,2,0
"12789",3,3,0
"17189",5,5,0
"12407",5,5,0
"18119",1,1,0
"17192",1,1,0
"12788",4,4,0
"17194",3,3,0
"17195",1,1,0
"17196",1,1,0
"17197",1,1,0
"17198",3,3,0
"17199",1,1,0
"17200",4,4,0
"18120",1,1,0
"17202",1,1,0
"17203",10,10,0
"12786",1,1,0
"17205",3,3,0
"17206",1,1,0
"17207",1,1,0
"17208",1,1,0
"17209",3,3,0
"17210",1,1,0
"12784",3,3,0
"17212",3,3,0
"12780",1,1,0
"18121",2,2,0
"17215",1,1,0
"17216",1,1,0
"17217",2,2,0
"17218",18,18,0
"17219",2,2,0
"17220",21,21,0
"17221",5,5,0
"17222",6,6,0
"17223",3,3,0
"17224",1,1,0
"17225",1,1,0
"17226",3,3,0
"17227",12,12,0
"17228",13,13,0
"17229",2,2,0
"12777",1,1,0
"12776",1,1,0
"17232",2,2,0
"17233",3,3,0
"17234",1,1,0
"17235",8,8,0
"17236",12,12,0
"17237",4,4,0
"17238",32,32,0
"12774",1,1,0
"17240",1,1,0
"17241",12,12,0
"17242",5,5,0
"12772",1,1,0
"17244",5,5,0
"17245",2,2,0
"17246",2,2,0
"17247",1,1,0
"17248",2,2,0
"17249",1,1,0
"17250",2,2,0
"18122",6,6,0
"17252",2,2,0
"17253",1,1,0
"17254",3,3,0
"17255",4,4,0
"17256",5,5,0
"17257",2,2,0
"17258",2,2,0
"17259",6,6,0
"17260",1,1,0
"17261",1,1,0
"17262",11,11,0
"17263",1,1,0
"17264",1,1,0
"17265",2,2,0
"17266",5,5,0
"17267",2,2,0
"17268",11,11,0
"17269",1,1,0
"17270",2,2,0
"17271",1,1,0
"18123",3,3,0
"17273",1,1,0
"17274",2,2,0
"17275",1,1,0
"18124",1,1,0
"17277",2,2,0
"17278",2,2,0
"17279",1,1,0
"17280",1,1,0
"17281",6,6,0
"17282",5,5,0
"17283",1,1,0
"12769",1,1,0
"17285",2,2,0
"17286",3,3,0
"12767",1,1,0
"17288",11,11,0
"12765",6,6,0
"17290",8,8,0
"17291",1,1,0
"17292",2,2,0
"17293",17,17,0
"17294",2,2,0
"17295",3,3,0
"17296",1,1,0
"17297",1,1,0
"18254",1,1,0
"17299",6,6,0
"17300",2,2,0
"17301",2,2,0
"18126",1,1,0
"17303",1,1,0
"17304",1,1,0
"17305",1,1,0
"12764",1,1,0
"12763",2,2,0
"17308",2,2,0
"17309",3,3,0
"17310",2,2,0
"18127",4,4,0
"17312",3,3,0
"18128",1,1,0
"12762",2,2,0
"12761",2,2,0
"17316",1,1,0
"12760",1,1,0
"17318",1,1,0
"17319",1,1,0
"17320",6,6,0
"17321",6,6,0
"12759",8,8,0
"12756",1,1,0
"18129",1,1,0
"17325",3,3,0
"17326",2,2,0
"17327",2,2,0
"17328",1,1,0
"17329",5,5,0
"17330",4,4,0
"17331",1,1,0
"17332",5,5,0
"17333",1,1,0
"18255",2,2,0
"17335",2,2,0
"17336",1,1,0
"12752",1,1,0
"12751",1,1,0
"18131",1,1,0
"12750",1,1,0
"17341",5,5,0
"12745",3,3,0
"17343",6,6,0
"18132",1,1,0
"12743",2,2,0
"18278",2,2,0
"17347",1,1,0
"17348",9,9,0
"17349",5,5,0
"18134",2,2,0
"17351",12,12,0
"17352",1,1,0
"12741",2,2,0
"17354",4,4,0
"17355",1,1,0
"17356",5,5,0
"17357",2,2,0
"17358",5,5,0
"17359",2,2,0
"12405",1,1,0
"17361",5,5,0
"12404",1,1,0
"17363",3,3,0
"12740",1,1,0
"18137",2,2,0
"18138",1,1,0
"17367",1,1,0
"12739",4,4,0
"17369",1,1,0
"17370",4,4,0
"17371",6,6,0
"12738",1,1,0
"17373",7,7,0
"12401",1,1,0
"18140",1,1,0
"17376",4,4,0
"12737",2,2,0
"12400",1,1,0
"17379",1,1,0
"12399",7,7,0
"18143",2,2,0
"17382",8,8,0
"17383",2,2,0
"17384",3,3,0
"17385",1,1,0
"17386",7,7,0
"17387",2,2,0
"17388",11,11,0
"12736",1,1,0
"17390",1,1,0
"17391",2,2,0
"17392",3,3,0
"17393",2,2,0
"17394",1,1,0
"17395",1,1,0
"12735",2,2,0
"17397",3,3,0
"17398",3,3,0
"17400",8,8,0
"17401",1,1,0
"12734",3,3,0
"17403",2,2,0
"12732",1,1,0
"12730",1,1,0
"12729",1,1,0
"17407",1,1,0
"18144",19,19,0
"17409",10,10,0
"17410",5,5,0
"12728",5,5,0
"12726",11,11,0
"17413",2,2,0
"17414",6,6,0
"17415",1,1,0
"12725",4,4,0
"17417",1,1,0
"17418",3,3,0
"12724",7,7,0
"12723",5,5,0
"17421",3,3,0
"12718",1,1,0
"12716",2,2,0
"17425",2,2,0
"12715",1,1,0
"17427",1,1,0
"12714",12,12,0
"12713",1,1,0
"17430",4,4,0
"17431",1,1,0
"17432",9,9,0
"17433",2,2,0
"12711",2,2,0
"17435",1,1,0
"12707",1,1,0
"17437",1,1,0
"12356",6,6,0
"17439",1,1,0
"12702",1,1,0
"17441",1,1,0
"12701",6,6,0
"17443",1,1,0
"17444",3,3,0
"17446",2,2,0
"17447",2,2,0
"12699",1,1,0
"18146",2,2,0
"12698",1,1,0
"12695",7,7,0
"17453",2,2,0
"18147",2,2,0
"17455",1,1,0
"17456",2,2,0
"12692",1,1,0
"17458",2,2,0
"17459",2,2,0
"12691",7,7,0
"17461",3,3,0
"18148",1,1,0
"12690",1,1,0
"18149",7,7,0
"12689",2,2,0
"17466",2,2,0
"17467",1,1,0
"17468",3,3,0
"12688",1,1,0
"17470",11,11,0
"17471",1,1,0
"17472",4,4,0
"18150",3,3,0
"17474",1,1,0
"17475",1,1,0
"12687",2,2,0
"12686",1,1,0
"17478",2,2,0
"17479",1,1,0
"12355",2,2,0
"18152",1,1,0
"17482",2,2,0
"17483",4,4,0
"17484",2,2,0
"17486",1,1,0
"17487",1,1,0
"17488",1,1,0
"17489",2,2,0
"12685",6,6,0
"18153",1,1,0
"17492",3,3,0
"17493",1,1,0
"17494",1,1,0
"18154",5,5,0
"18259",7,7,0
"17497",2,2,0
"17498",1,1,0
"18156",2,2,0
"17500",3,3,0
"17501",2,2,0
"17502",4,4,0
"17503",2,2,0
"18157",1,1,0
"17505",5,5,0
"12354",1,1,0
"17507",2,2,0
"18159",1,1,0
"12684",7,7,0
"17510",2,2,0
"12680",4,4,0
"12673",3,3,0
"17513",3,3,0
"17514",2,2,0
"17515",9,9,0
"17516",6,6,0
"17517",1,1,0
"17518",2,2,0
"12671",1,1,0
"17520",1,1,0
"18160",3,3,0
"17522",5,5,0
"17523",4,4,0
"18261",2,2,0
"17525",3,3,0
"12667",1,1,0
"12661",1,1,0
"12660",1,1,0
"17529",2,2,0
"18162",1,1,0
"12659",1,1,0
"17532",1,1,0
"17533",1,1,0
"17534",5,5,0
"17535",1,1,0
"14131",1,1,0
"14134",15,15,0
"17536",3,3,0
"14130",4,4,0
"17537",2,2,0
"14138",2,2,0
"14139",4,4,0
"17538",1,1,0
"14129",9,9,0
"14127",6,6,0
"14143",1,1,0
"14144",1,1,0
"12658",1,1,0
"18262",3,3,0
"14125",3,3,0
"14148",2,2,0
"14124",1,1,0
"14150",2,2,0
"17541",1,1,0
"14123",1,1,0
"14153",1,1,0
"14118",1,1,0
"14155",1,1,0
"14117",1,1,0
"17542",3,3,0
"14158",1,1,0
"14116",5,5,0
"14160",7,7,0
"14161",7,7,0
"14162",2,2,0
"14163",5,5,0
"14164",2,2,0
"14165",1,1,0
"14166",2,2,0
"14167",8,8,0
"17543",1,1,0
"14169",2,2,0
"14170",3,3,0
"14171",2,2,0
"17544",3,3,0
"17545",6,6,0
"14174",1,1,0
"14115",2,2,0
"12655",1,1,0
"12654",5,5,0
"14178",7,7,0
"14179",2,2,0
"14114",7,7,0
"14181",2,2,0
"17549",2,2,0
"14183",2,2,0
"14184",1,1,0
"14185",1,1,0
"14186",5,5,0
"14187",1,1,0
"14106",1,1,0
"14104",5,5,0
"14190",1,1,0
"14103",1,1,0
"14192",1,1,0
"14193",3,3,0
"14100",1,1,0
"14098",1,1,0
"14196",1,1,0
"14197",1,1,0
"14097",2,2,0
"14095",1,1,0
"14200",1,1,0
"14093",1,1,0
"14202",3,3,0
"14203",1,1,0
"14204",4,4,0
"14091",2,2,0
"14090",1,1,0
"14207",1,1,0
"14208",2,2,0
"14089",1,1,0
"14086",1,1,0
"14084",1,1,0
"14212",2,2,0
"18279",1,1,0
"14083",11,11,0
"17551",1,1,0
"12653",3,3,0
"14082",2,2,0
"14218",1,1,0
"14219",3,3,0
"14220",4,4,0
"14079",2,2,0
"14222",1,1,0
"17553",4,4,0
"14224",9,9,0
"17554",5,5,0
"14078",9,9,0
"14077",6,6,0
"14228",3,3,0
"14076",1,1,0
"14230",3,3,0
"14075",6,6,0
"14074",1,1,0
"14072",1,1,0
"14234",4,4,0
"17555",5,5,0
"14070",1,1,0
"17556",2,2,0
"14238",3,3,0
"14069",2,2,0
"14240",3,3,0
"14241",2,2,0
"14242",2,2,0
"14067",2,2,0
"17557",4,4,0
"14066",1,1,0
"14246",3,3,0
"17558",1,1,0
"14248",3,3,0
"14249",12,12,0
"14250",3,3,0
"14251",5,5,0
"14252",1,1,0
"14253",2,2,0
"14254",1,1,0
"14061",3,3,0
"14059",1,1,0
"17559",1,1,0
"14058",2,2,0
"14259",1,1,0
"14260",3,3,0
"14261",2,2,0
"14262",8,8,0
"14263",1,1,0
"14055",3,3,0
"14265",4,4,0
"14266",1,1,0
"14054",1,1,0
"14268",1,1,0
"17560",9,9,0
"14270",1,1,0
"14271",2,2,0
"14272",4,4,0
"14273",4,4,0
"14274",1,1,0
"14275",6,6,0
"14053",4,4,0
"14052",2,2,0
"14278",1,1,0
"14279",2,2,0
"14280",1,1,0
"14281",1,1,0
"17561",4,4,0
"14283",4,4,0
"18165",1,1,0
"12650",1,1,0
"14050",2,2,0
"17564",3,3,0
"17565",1,1,0
"14289",6,6,0
"14046",1,1,0
"14042",1,1,0
"14041",1,1,0
"17566",2,2,0
"14294",1,1,0
"14039",2,2,0
"12646",2,2,0
"14036",1,1,0
"14033",1,1,0
"14029",2,2,0
"14300",1,1,0
"14027",1,1,0
"14302",3,3,0
"14303",2,2,0
"14026",2,2,0
"14024",3,3,0
"17568",1,1,0
"17569",1,1,0
"14023",2,2,0
"18166",1,1,0
"14310",1,1,0
"17571",5,5,0
"14312",11,11,0
"17572",10,10,0
"14022",2,2,0
"12398",1,1,0
"14317",1,1,0
"14318",1,1,0
"17574",1,1,0
"14021",7,7,0
"17575",1,1,0
"14018",1,1,0
"14017",1,1,0
"14324",2,2,0
"14325",1,1,0
"12642",3,3,0
"14327",6,6,0
"14015",1,1,0
"14014",3,3,0
"14330",1,1,0
"14331",2,2,0
"14332",5,5,0
"17577",2,2,0
"14012",1,1,0
"14335",2,2,0
"14336",4,4,0
"14007",1,1,0
"14006",7,7,0
"14340",1,1,0
"14005",5,5,0
"14004",11,11,0
"14343",4,4,0
"14344",20,20,0
"14345",1,1,0
"14346",5,5,0
"14347",1,1,0
"14348",1,1,0
"14349",1,1,0
"12641",1,1,0
"14351",1,1,0
"14352",4,4,0
"14353",3,3,0
"14354",2,2,0
"14355",3,3,0
"14003",1,1,0
"14357",1,1,0
"12397",2,2,0
"14002",2,2,0
"14360",4,4,0
"14361",1,1,0
"14362",1,1,0
"14363",2,2,0
"14364",8,8,0
"14365",2,2,0
"14366",1,1,0
"13998",3,3,0
"14368",1,1,0
"14369",2,2,0
"13997",3,3,0
"14371",1,1,0
"17580",5,5,0
"14373",1,1,0
"14374",1,1,0
"14375",3,3,0
"14376",1,1,0
"14377",2,2,0
"14378",1,1,0
"14379",4,4,0
"12640",3,3,0
"14381",2,2,0
"18169",1,1,0
"14383",3,3,0
"14384",1,1,0
"14385",3,3,0
"14386",1,1,0
"14387",3,3,0
"13996",2,2,0
"13994",6,6,0
"13992",3,3,0
"14391",1,1,0
"14392",1,1,0
"14393",1,1,0
"14394",1,1,0
"13990",1,1,0
"14396",7,7,0
"13989",5,5,0
"14398",2,2,0
"17583",1,1,0
"13987",2,2,0
"13986",1,1,0
"14402",1,1,0
"13978",2,2,0
"13977",1,1,0
"14405",1,1,0
"14406",1,1,0
"13976",4,4,0
"14408",11,11,0
"18170",9,9,0
"13973",1,1,0
"14411",1,1,0
"17585",7,7,0
"14413",4,4,0
"17586",1,1,0
"13972",2,2,0
"14416",2,2,0
"14417",1,1,0
"14418",3,3,0
"14419",7,7,0
"13970",2,2,0
"17587",1,1,0
"13968",1,1,0
"12639",3,3,0
"14424",1,1,0
"13967",2,2,0
"13966",1,1,0
"14427",4,4,0
"13962",3,3,0
"14429",1,1,0
"13960",2,2,0
"12638",2,2,0
"14432",6,6,0
"14433",1,1,0
"14434",6,6,0
"14435",1,1,0
"14436",2,2,0
"13959",6,6,0
"14438",1,1,0
"14439",5,5,0
"13957",3,3,0
"13956",5,5,0
"13955",3,3,0
"13953",12,12,0
"14444",1,1,0
"14445",1,1,0
"14446",5,5,0
"14447",6,6,0
"14448",2,2,0
"14449",8,8,0
"14450",7,7,0
"13951",3,3,0
"14452",4,4,0
"14453",1,1,0
"17590",3,3,0
"12396",1,1,0
"13949",6,6,0
"14457",1,1,0
"14458",1,1,0
"12394",2,2,0
"13947",1,1,0
"12636",1,1,0
"13945",2,2,0
"14463",4,4,0
"14464",2,2,0
"14465",11,11,0
"14466",13,13,0
"14467",12,12,0
"14468",1,1,0
"14469",4,4,0
"14470",3,3,0
"14471",2,2,0
"14472",9,9,0
"14473",2,2,0
"17594",4,4,0
"13944",1,1,0
"14476",1,1,0
"13943",1,1,0
"14478",4,4,0
"14479",4,4,0
"17595",2,2,0
"18173",5,5,0
"13942",1,1,0
"12635",4,4,0
"14484",4,4,0
"14485",1,1,0
"14486",2,2,0
"17598",1,1,0
"12634",2,2,0
"14489",4,4,0
"14490",2,2,0
"14491",2,2,0
"13940",4,4,0
"13938",1,1,0
"14494",3,3,0
"17600",1,1,0
"13935",3,3,0
"17601",2,2,0
"14498",10,10,0
"13934",1,1,0
"14500",3,3,0
"12630",2,2,0
"13933",2,2,0
"14503",6,6,0
"14504",4,4,0
"13932",1,1,0
"14506",7,7,0
"13930",2,2,0
"12629",2,2,0
"14509",1,1,0
"17604",6,6,0
"17605",1,1,0
"14512",7,7,0
"17606",1,1,0
"17607",1,1,0
"13928",4,4,0
"14516",1,1,0
"14517",2,2,0
"14518",1,1,0
"14519",2,2,0
"14520",2,2,0
"17608",4,4,0
"14522",8,8,0
"14523",1,1,0
"14524",13,13,0
"13926",1,1,0
"14526",1,1,0
"13923",1,1,0
"14528",1,1,0
"14529",3,3,0
"13918",2,2,0
"14531",1,1,0
"12627",7,7,0
"13917",2,2,0
"13913",1,1,0
"13912",1,1,0
"14536",1,1,0
"12624",2,2,0
"14538",5,5,0
"14539",2,2,0
"12622",1,1,0
"14541",14,14,0
"14542",1,1,0
"13909",2,2,0
"14544",3,3,0
"14545",1,1,0
"13907",1,1,0
"12620",3,3,0
"14548",9,9,0
"14549",4,4,0
"14550",4,4,0
"13906",1,1,0
"14552",3,3,0
"12618",1,1,0
"14554",4,4,0
"17614",1,1,0
"14556",3,3,0
"18174",2,2,0
"13904",2,2,0
"14559",1,1,0
"13903",1,1,0
"14561",3,3,0
"13899",2,2,0
"14563",2,2,0
"13898",2,2,0
"13897",3,3,0
"14566",4,4,0
"17616",4,4,0
"18175",1,1,0
"14569",4,4,0
"14570",3,3,0
"14571",1,1,0
"13896",1,1,0
"13893",1,1,0
"14574",1,1,0
"14575",1,1,0
"14576",1,1,0
"14577",7,7,0
"14578",1,1,0
"14579",1,1,0
"14580",1,1,0
"14581",2,2,0
"14582",1,1,0
"14583",8,8,0
"12617",1,1,0
"14585",5,5,0
"13892",6,6,0
"17619",1,1,0
"14588",1,1,0
"14589",1,1,0
"13891",3,3,0
"14591",4,4,0
"14592",3,3,0
"13888",7,7,0
"14594",2,2,0
"14595",8,8,0
"14596",1,1,0
"14597",6,6,0
"17620",1,1,0
"14599",2,2,0
"14600",2,2,0
"14601",1,1,0
"14602",1,1,0
"14603",1,1,0
"14604",1,1,0
"14605",4,4,0
"13887",1,1,0
"13886",1,1,0
"12614",1,1,0
"18264",1,1,0
"14610",2,2,0
"17623",7,7,0
"14612",1,1,0
"14613",1,1,0
"14614",1,1,0
"17624",4,4,0
"14616",5,5,0
"14617",2,2,0
"13885",2,2,0
"17625",8,8,0
"17626",1,1,0
"13880",17,17,0
"14622",1,1,0
"13879",1,1,0
"14624",6,6,0
"13878",4,4,0
"13876",1,1,0
"13875",14,14,0
"14628",5,5,0
"18265",2,2,0
"14630",1,1,0
"17628",1,1,0
"14632",1,1,0
"14633",1,1,0
"13869",10,10,0
"14635",1,1,0
"14636",2,2,0
"14637",1,1,0
"14638",1,1,0
"13868",2,2,0
"13867",3,3,0
"14641",1,1,0
"14642",1,1,0
"12392",1,1,0
"13866",1,1,0
"17630",2,2,0
"13865",4,4,0
"14647",2,2,0
"13864",1,1,0
"13859",2,2,0
"14650",1,1,0
"14651",9,9,0
"14652",1,1,0
"14653",12,12,0
"14654",1,1,0
"13858",1,1,0
"14656",5,5,0
"17631",7,7,0
"14658",2,2,0
"13848",8,8,0
"14660",2,2,0
"14661",1,1,0
"14662",7,7,0
"14663",2,2,0
"14664",2,2,0
"13847",1,1,0
"14666",1,1,0
"13845",1,1,0
"14668",1,1,0
"14669",7,7,0
"14670",3,3,0
"14671",2,2,0
"14672",4,4,0
"14673",7,7,0
"14674",1,1,0
"14675",2,2,0
"13844",1,1,0
"14677",1,1,0
"12611",1,1,0
"13843",1,1,0
"13841",1,1,0
"14681",6,6,0
"14682",6,6,0
"14683",1,1,0
"14684",6,6,0
"13840",1,1,0
"17634",9,9,0
"14687",3,3,0
"13839",1,1,0
"14689",1,1,0
"18179",8,8,0
"14691",5,5,0
"18180",6,6,0
"17637",2,2,0
"14694",1,1,0
"17638",2,2,0
"13838",10,10,0
"14697",2,2,0
"14698",5,5,0
"14699",4,4,0
"14700",5,5,0
"13837",2,2,0
"13833",2,2,0
"14703",1,1,0
"14704",11,11,0
"14705",1,1,0
"14706",1,1,0
"14707",2,2,0
"17639",6,6,0
"13828",1,1,0
"14710",13,13,0
"12608",1,1,0
"14712",4,4,0
"13827",3,3,0
"13825",2,2,0
"14715",8,8,0
"14716",3,3,0
"17642",5,5,0
"14718",1,1,0
"17643",2,2,0
"14720",3,3,0
"14721",1,1,0
"14722",3,3,0
"14723",11,11,0
"14724",1,1,0
"12606",1,1,0
"14726",1,1,0
"12604",2,2,0
"14728",1,1,0
"14729",3,3,0
"14730",8,8,0
"14731",3,3,0
"13822",2,2,0
"13818",1,1,0
"17647",3,3,0
"13817",2,2,0
"14736",2,2,0
"14737",4,4,0
"13812",3,3,0
"13809",3,3,0
"13808",5,5,0
"14741",7,7,0
"14742",1,1,0
"14743",1,1,0
"13806",1,1,0
"13805",2,2,0
"14746",4,4,0
"12390",1,1,0
"13804",9,9,0
"14749",1,1,0
"14750",1,1,0
"14751",2,2,0
"14752",1,1,0
"14753",2,2,0
"12603",1,1,0
"13801",1,1,0
"17650",1,1,0
"14757",1,1,0
"14758",7,7,0
"14759",3,3,0
"12602",1,1,0
"14761",3,3,0
"14762",2,2,0
"12599",13,13,0
"14765",3,3,0
"13800",3,3,0
"14767",1,1,0
"18182",1,1,0
"13796",1,1,0
"17654",1,1,0
"12389",3,3,0
"14772",1,1,0
"17656",5,5,0
"14774",1,1,0
"14775",3,3,0
"13795",4,4,0
"13794",1,1,0
"14778",2,2,0
"14779",3,3,0
"14780",2,2,0
"14782",1,1,0
"17657",1,1,0
"14784",3,3,0
"14785",2,2,0
"14786",1,1,0
"14787",1,1,0
"14788",3,3,0
"14789",1,1,0
"14790",10,10,0
"14791",1,1,0
"18184",1,1,0
"12596",2,2,0
"13793",1,1,0
"14795",1,1,0
"13792",3,3,0
"14797",1,1,0
"17660",2,2,0
"14799",2,2,0
"13790",1,1,0
"14801",1,1,0
"13789",1,1,0
"14803",3,3,0
"14804",1,1,0
"14805",7,7,0
"14806",2,2,0
"14807",2,2,0
"13788",1,1,0
"14809",2,2,0
"14810",13,13,0
"14811",1,1,0
"14812",1,1,0
"14813",4,4,0
"14814",1,1,0
"14815",2,2,0
"14816",1,1,0
"13785",4,4,0
"14818",6,6,0
"14819",4,4,0
"14820",9,9,0
"14821",7,7,0
"14822",1,1,0
"14823",3,3,0
"13783",4,4,0
"13780",3,3,0
"14826",2,2,0
"14827",1,1,0
"17662",2,2,0
"13779",1,1,0
"14830",1,1,0
"13775",1,1,0
"13774",1,1,0
"14833",1,1,0
"13773",2,2,0
"12595",1,1,0
"14836",3,3,0
"13770",4,4,0
"14838",2,2,0
"14839",3,3,0
"17664",4,4,0
"14841",14,14,0
"13766",1,1,0
"14843",1,1,0
"13765",1,1,0
"14845",1,1,0
"17665",1,1,0
"17666",5,5,0
"14848",1,1,0
"13764",6,6,0
"13761",6,6,0
"14851",3,3,0
"13759",2,2,0
"13757",1,1,0
"13754",3,3,0
"14855",7,7,0
"14856",3,3,0
"13753",4,4,0
"14858",1,1,0
"12593",3,3,0
"17668",2,2,0
"13752",7,7,0
"14862",2,2,0
"14863",1,1,0
"14865",4,4,0
"17669",10,10,0
"13751",1,1,0
"17670",1,1,0
"13748",9,9,0
"13747",2,2,0
"14871",9,9,0
"12591",3,3,0
"14873",2,2,0
"14874",1,1,0
"13746",1,1,0
"14876",2,2,0
"14877",2,2,0
"13744",2,2,0
"14879",1,1,0
"14880",3,3,0
"14881",1,1,0
