"customer_id","frequency_completed","cancellation_count"
"12346",12,5
"12347",8,0
"12348",5,0
"12349",4,1
"12350",1,0
"12351",1,0
"12352",10,3
"12353",2,0
"12354",1,0
"12355",2,0
"12356",6,0
"12357",3,0
"12358",5,0
"12359",10,4
"12360",8,1
"12361",4,0
"12362",11,3
"12363",2,0
"12364",4,0
"12365",2,1
"12366",1,0
"12367",1,0
"12368",1,0
"12369",3,0
"12370",7,0
"12371",5,0
"12372",3,0
"12373",3,0
"12374",4,0
"12375",2,1
"12376",2,0
"12377",4,0
"12378",2,0
"12379",4,1
"12380",11,4
"12381",5,1
"12383",5,1
"12384",2,1
"12385",1,1
"12386",2,0
"12387",1,0
"12388",8,0
"12389",3,0
"12390",1,0
"12391",6,1
"12392",1,0
"12393",6,1
"12394",2,0
"12395",15,3
"12396",1,0
"12397",2,0
"12398",1,0
"12399",7,0
"12400",1,0
"12401",1,0
"12402",6,1
"12403",2,1
"12404",1,0
"12405",1,0
"12406",5,2
"12407",5,0
"12408",8,6
"12409",7,6
"12410",3,1
"12411",1,0
"12412",6,2
"12413",4,2
"12414",6,2
"12415",28,5
"12416",1,0
"12417",20,7
"12418",4,1
"12419",2,0
"12420",1,0
"12421",6,2
"12422",17,4
"12423",10,1
"12424",4,3
"12425",2,1
"12426",2,1
"12427",3,2
"12428",9,3
"12429",8,1
"12430",1,0
"12431",27,6
"12432",5,0
"12433",10,1
"12434",3,2
"12435",6,0
"12436",1,0
"12437",39,8
"12438",2,0
"12439",2,1
"12440",2,1
"12441",1,0
"12442",1,0
"12443",1,0
"12444",5,0
"12445",2,1
"12446",1,0
"12447",1,0
"12448",1,0
"12449",6,0
"12450",5,2
"12451",8,2
"12452",2,1
"12453",1,0
"12454",5,4
"12455",10,0
"12456",3,1
"12457",8,6
"12458",4,0
"12459",1,0
"12460",1,0
"12461",2,0
"12462",2,2
"12463",4,3
"12464",8,0
"12465",2,1
"12466",1,0
"12467",1,1
"12468",5,5
"12469",2,0
"12470",1,0
"12471",79,50
"12472",19,18
"12473",5,4
"12474",31,23
"12475",2,0
"12476",23,15
"12477",9,3
"12478",1,0
"12479",1,2
"12480",7,1
"12481",15,3
"12482",29,3
"12483",19,8
"12484",12,4
"12485",1,0
"12486",1,0
"12487",1,1
"12488",3,0
"12489",1,0
"12490",21,1
"12491",1,0
"12492",3,0
"12493",2,1
"12494",9,8
"12495",1,1
"12496",2,0
"12497",3,1
"12498",3,0
"12499",1,0
"12500",19,6
"12501",1,1
"12502",5,0
"12503",1,1
"12504",4,2
"12505",1,2
"12506",1,0
"12507",4,1
"12508",2,0
"12509",1,0
"12510",9,7
"12511",1,1
"12512",2,0
"12513",1,1
"12514",2,0
"12515",1,0
"12516",4,0
"12517",5,1
"12518",5,0
"12519",2,1
"12520",5,1
"12521",1,0
"12522",2,0
"12523",23,7
"12524",17,1
"12525",3,5
"12526",3,0
"12527",5,0
"12528",6,2
"12529",1,1
"12530",9,3
"12531",2,1
"12532",1,0
"12533",2,4
"12534",1,0
"12535",2,0
"12536",3,2
"12537",1,0
"12538",2,0
"12539",7,1
"12540",33,3
"12541",3,0
"12542",2,2
"12543",1,0
"12544",1,1
"12545",2,0
"12546",2,1
"12547",3,0
"12548",1,0
"12549",6,0
"12550",1,0
"12551",1,0
"12552",2,0
"12553",12,5
"12554",1,0
"12555",1,0
"12556",2,0
"12557",8,0
"12558",1,1
"12559",2,1
"12560",3,1
"12561",1,0
"12562",9,0
"12563",1,0
"12564",1,0
"12565",1,1
"12566",1,1
"12567",15,2
"12568",1,0
"12569",32,3
"12570",1,0
"12571",2,0
"12572",2,1
"12573",5,0
"12574",1,0
"12575",2,0
"12576",8,3
"12577",8,1
"12578",4,3
"12579",1,2
"12580",2,0
"12581",1,0
"12582",4,0
"12583",27,4
"12584",9,9
"12585",2,2
"12586",4,1
"12587",1,0
"12588",4,1
"12589",8,3
"12590",2,3
"12591",3,0
"12592",5,3
"12593",3,0
"12594",15,2
"12595",1,0
"12596",2,0
"12597",4,1
"12598",11,4
"12599",13,0
"12600",21,5
"12601",6,1
"12602",1,0
"12603",1,0
"12604",2,0
"12605",4,1
"12606",1,0
"12607",1,1
"12608",1,0
"12609",9,1
"12610",5,2
"12611",1,0
"12612",1,1
"12613",10,3
"12614",1,0
"12615",8,3
"12616",3,4
"12617",1,0
"12618",1,0
"12619",10,4
"12620",3,0
"12621",35,9
"12622",1,0
"12623",7,2
"12624",2,0
"12625",4,1
"12626",9,4
"12627",7,0
"12628",3,1
"12629",2,0
"12630",2,0
"12631",6,1
"12632",2,2
"12633",7,3
"12634",2,0
"12635",4,0
"12636",1,0
"12637",12,2
"12638",2,0
"12639",3,0
"12640",3,0
"12641",1,0
"12642",3,0
"12643",12,2
"12644",4,2
"12645",8,2
"12646",2,0
"12647",36,9
"12648",4,1
"12649",8,2
"12650",1,0
"12651",4,1
"12652",2,1
"12653",3,0
"12654",5,0
"12655",1,0
"12656",8,4
"12657",4,1
"12658",1,0
"12659",1,0
"12660",1,0
"12661",1,0
"12662",20,2
"12663",2,1
"12664",11,1
"12665",3,2
"12666",1,1
"12667",1,0
"12668",10,2
"12669",3,1
"12670",7,1
"12671",1,0
"12672",2,1
"12673",3,0
"12674",4,3
"12675",2,2
"12676",11,1
"12677",2,1
"12678",21,2
"12679",4,5
"12680",4,0
"12681",45,11
"12682",52,1
"12683",21,6
"12684",7,0
"12685",6,0
"12686",1,0
"12687",2,0
"12688",1,0
"12689",2,0
"12690",1,0
"12691",7,0
"12692",1,0
"12693",7,4
"12694",3,1
"12695",7,0
"12696",2,1
"12697",3,2
"12698",1,0
"12699",1,0
"12700",4,2
"12701",6,0
"12702",1,0
"12703",4,3
"12704",8,2
"12705",14,8
"12707",1,0
"12708",18,12
"12709",34,21
"12710",3,1
"12711",2,0
"12712",21,7
"12713",1,0
"12714",12,0
"12715",1,0
"12716",2,0
"12717",3,1
"12718",1,0
"12719",2,1
"12720",30,11
"12721",8,2
"12722",4,2
"12723",5,0
"12724",7,0
"12725",4,0
"12726",11,0
"12727",10,2
"12728",5,0
"12729",1,0
"12730",1,0
"12731",17,2
"12732",1,0
"12733",4,2
"12734",3,0
"12735",2,0
"12736",1,0
"12737",2,0
"12738",1,0
"12739",4,0
"12740",1,0
"12741",2,0
"12742",1,1
"12743",2,0
"12744",11,3
"12745",3,0
"12746",1,2
"12747",26,6
"12748",337,28
"12749",9,7
"12750",1,0
"12751",1,0
"12752",1,0
"12753",6,5
"12754",3,2
"12755",11,11
"12756",1,0
"12757",13,6
"12758",7,1
"12759",8,0
"12760",1,0
"12761",2,0
"12762",2,0
"12763",2,0
"12764",1,0
"12765",6,0
"12766",9,2
"12767",1,0
"12768",1,1
"12769",1,0
"12770",2,5
"12771",1,1
"12772",1,0
"12773",1,1
"12774",1,0
"12775",7,1
"12776",1,0
"12777",1,0
"12778",9,1
"12779",14,7
"12780",1,0
"12781",2,3
"12782",11,3
"12783",6,2
"12784",3,0
"12785",3,2
"12786",1,0
"12787",4,1
"12788",4,0
"12789",3,0
"12790",2,1
"12791",6,2
"12792",2,1
"12793",3,0
"12794",2,0
"12795",1,0
"12796",1,0
"12797",2,4
"12798",4,0
"12799",1,0
"12800",3,0
"12801",1,1
"12802",7,2
"12803",1,0
"12804",2,0
"12805",4,0
"12806",4,0
"12807",1,2
"12808",5,0
"12809",3,5
"12810",2,0
"12811",5,0
"12812",1,0
"12813",3,0
"12814",1,0
"12815",2,0
"12816",2,0
"12817",3,0
"12818",1,1
"12819",1,0
"12820",11,2
"12821",2,0
"12822",2,1
"12823",18,0
"12824",1,0
"12825",2,0
"12826",12,3
"12827",3,0
"12828",6,0
"12829",3,1
"12830",6,1
"12831",3,0
"12832",2,0
"12833",1,0
"12834",1,0
"12835",41,8
"12836",15,2
"12837",2,0
"12838",10,2
"12839",26,5
"12840",7,4
"12841",40,2
"12842",4,0
"12843",30,4
"12844",4,0
"12845",4,0
"12846",1,0
"12847",2,0
"12848",1,0
"12849",6,0
"12850",1,0
"12851",2,0
"12852",1,1
"12853",11,5
"12854",7,4
"12855",4,0
"12856",6,2
"12857",6,1
"12858",1,1
"12859",1,0
"12860",1,0
"12861",1,0
"12862",2,0
"12863",6,1
"12864",2,0
"12865",4,1
"12866",3,0
"12867",13,3
"12868",8,0
"12869",1,0
"12870",3,1
"12871",3,0
"12872",12,1
"12873",3,0
"12874",2,1
"12875",5,0
"12876",4,1
"12877",20,0
"12878",2,1
"12879",3,1
"12880",2,0
"12881",1,0
"12882",2,0
"12883",4,0
"12884",1,0
"12885",3,1
"12886",2,1
"12887",1,0
"12888",2,2
"12889",4,2
"12890",2,0
"12891",11,1
"12892",1,0
"12893",1,0
"12894",1,0
"12895",2,1
"12897",4,0
"12898",2,0
"12899",1,0
"12900",1,0
"12901",28,8
"12902",1,0
"12903",1,0
"12904",2,0
"12905",2,1
"12906",5,0
"12907",2,1
"12908",5,2
"12909",8,5
"12910",13,1
"12911",1,0
"12912",5,0
"12913",13,0
"12914",1,0
"12915",4,4
"12916",7,1
"12917",6,2
"12918",1,2
"12919",6,2
"12920",4,0
"12921",74,29
"12922",1,0
"12923",3,0
"12924",12,2
"12925",3,0
"12926",4,0
"12927",1,0
"12928",12,0
"12929",1,1
"12930",2,2
"12931",57,14
"12932",8,0
"12933",8,3
"12934",1,0
"12935",15,4
"12936",4,1
"12937",9,0
"12938",1,0
"12939",20,0
"12940",2,2
"12941",1,0
"12942",3,0
"12943",2,2
"12944",2,0
"12945",2,0
"12946",1,0
"12947",6,5
"12948",9,1
"12949",22,6
"12950",3,0
"12951",15,5
"12952",4,1
"12953",2,0
"12954",1,0
"12955",11,3
"12956",4,0
"12957",13,8
"12958",2,0
"12959",1,1
"12960",4,0
"12961",1,0
"12962",2,0
"12963",12,2
"12964",1,0
"12965",1,0
"12966",1,0
"12967",3,2
"12968",1,0
"12969",1,0
"12970",10,0
"12971",116,4
"12972",4,2
"12973",1,0
"12974",2,0
"12975",6,2
"12976",8,0
"12977",4,0
"12978",5,1
"12979",1,1
"12980",21,5
"12981",2,0
"12982",8,9
"12983",1,0
"12984",1,0
"12985",2,1
"12986",10,2
"12987",5,1
"12988",1,0
"12989",33,6
"12990",7,0
"12991",3,0
"12992",1,0
"12993",8,2
"12994",3,2
"12995",1,1
"12996",1,0
"12997",8,8
"12998",3,1
"12999",3,0
"13000",4,1
"13001",33,4
"13002",3,0
"13003",3,0
"13004",36,10
"13005",4,2
"13006",1,0
"13007",1,0
"13008",3,4
"13009",1,0
"13010",2,0
"13011",1,0
"13012",11,4
"13013",29,2
"13014",11,7
"13015",11,3
"13016",3,0
"13017",1,0
"13018",35,2
"13019",6,2
"13020",2,3
"13021",17,7
"13022",1,0
"13023",3,0
"13024",2,1
"13025",1,0
"13026",9,4
"13027",19,4
"13028",2,1
"13029",5,0
"13030",2,0
"13031",5,0
"13032",9,2
"13033",2,0
"13034",3,0
"13035",3,1
"13036",1,0
"13037",12,4
"13038",3,0
"13039",4,0
"13040",2,0
"13041",4,0
"13042",3,1
"13043",1,1
"13044",11,2
"13045",3,0
"13046",3,0
"13047",24,18
"13048",9,4
"13049",4,1
"13050",35,22
"13051",2,0
"13052",7,0
"13053",1,0
"13055",4,2
"13056",1,0
"13057",3,1
"13058",3,0
"13059",10,2
"13060",1,0
"13061",1,0
"13062",1,0
"13063",1,0
"13064",6,0
"13065",5,1
"13066",2,1
"13067",3,0
"13068",2,0
"13069",38,4
"13070",4,1
"13071",1,0
"13072",1,0
"13073",2,0
"13074",4,1
"13075",1,0
"13076",1,0
"13077",11,3
"13078",57,38
"13079",6,0
"13080",4,1
"13081",28,16
"13082",21,4
"13083",3,0
"13084",1,1
"13085",8,2
"13086",1,0
"13087",1,0
"13088",1,0
"13089",203,44
"13090",24,6
"13091",3,3
"13092",12,3
"13093",55,33
"13094",13,4
"13095",1,0
"13096",1,0
"13097",28,12
"13098",28,13
"13099",1,0
"13101",4,0
"13102",37,5
"13103",3,0
"13104",9,0
"13105",1,0
"13106",2,1
"13107",9,6
"13108",2,0
"13109",3,4
"13110",12,2
"13111",1,0
"13112",1,2
"13113",37,23
"13114",1,0
"13115",10,13
"13116",1,1
"13117",18,1
"13118",9,3
"13119",1,0
"13120",1,0
"13121",1,1
"13122",2,0
"13123",2,0
"13124",4,0
"13125",1,0
"13126",13,6
"13127",1,0
"13128",1,0
"13129",2,0
"13130",1,0
"13131",7,1
"13132",1,0
"13133",3,0
"13134",6,3
"13135",2,0
"13136",13,11
"13137",16,1
"13138",7,1
"13139",8,1
"13140",5,0
"13141",17,4
"13142",1,0
"13143",1,1
"13144",2,0
"13145",7,1
"13146",1,0
"13147",4,0
"13148",26,10
"13149",4,0
"13150",3,1
"13151",3,2
"13152",7,2
"13153",1,0
"13154",3,2
"13155",6,0
"13156",3,0
"13157",9,1
"13158",5,0
"13159",4,1
"13160",1,0
"13161",2,0
"13162",16,3
"13163",1,1
"13164",2,1
"13165",3,0
"13166",2,1
"13167",5,0
"13168",5,1
"13169",3,0
"13170",1,0
"13171",3,2
"13172",1,0
"13173",11,2
"13174",12,0
"13175",2,2
"13176",1,0
"13177",2,0
"13178",21,4
"13179",1,0
"13180",1,0
"13181",1,0
"13182",1,0
"13183",15,3
"13184",10,2
"13185",1,0
"13186",3,2
"13187",4,1
"13188",1,0
"13189",2,0
"13190",3,1
"13191",1,0
"13192",6,2
"13193",1,0
"13194",2,0
"13195",1,0
"13196",7,1
"13197",1,0
"13198",8,4
"13199",67,2
"13200",4,0
"13201",4,0
"13202",7,1
"13203",10,1
"13204",1,0
"13205",1,0
"13206",13,2
"13207",4,0
"13208",9,1
"13209",13,3
"13210",1,0
"13211",10,2
"13212",3,1
"13213",11,3
"13214",7,0
"13215",1,0
"13216",1,0
"13217",4,2
"13218",1,0
"13219",1,0
"13220",5,0
"13221",2,0
"13222",1,0
"13223",6,0
"13224",2,1
"13225",16,1
"13226",2,0
"13227",1,0
"13228",1,0
"13229",1,0
"13230",30,1
"13232",7,0
"13233",4,0
"13234",2,0
"13235",1,1
"13236",2,1
"13237",1,0
"13238",6,1
"13239",5,1
"13240",8,1
"13241",1,0
"13242",7,0
"13243",5,0
"13244",1,0
"13245",2,0
"13246",11,3
"13247",4,0
"13248",2,0
"13249",9,0
"13250",2,1
"13251",1,0
"13252",2,1
"13253",4,0
"13254",1,0
"13255",3,1
"13257",1,2
"13258",5,0
"13259",9,0
"13260",1,0
"13261",2,0
"13262",3,0
"13263",39,0
"13264",1,0
"13265",5,0
"13266",19,11
"13267",36,14
"13268",11,4
"13269",28,2
"13270",1,0
"13271",1,1
"13272",2,0
"13273",1,0
"13274",1,0
"13275",2,0
"13276",5,2
"13277",7,0
"13278",4,1
"13279",1,1
"13280",7,1
"13281",1,2
"13282",4,3
"13283",4,0
"13284",1,1
"13285",6,0
"13286",1,0
"13287",3,4
"13288",5,1
"13289",1,0
"13290",1,2
"13291",11,0
"13292",5,1
"13293",6,1
"13294",3,0
"13295",4,5
"13296",6,0
"13297",7,1
"13298",1,0
"13299",3,2
"13300",3,2
"13301",4,0
"13302",2,0
"13303",1,0
"13304",4,3
"13305",16,0
"13306",1,0
"13307",3,0
"13308",4,1
"13309",6,0
"13310",5,3
"13311",2,0
"13312",1,0
"13313",12,3
"13314",3,1
"13315",1,0
"13316",10,2
"13317",19,12
"13318",3,0
"13319",58,20
"13320",6,3
"13321",2,0
"13322",1,0
"13323",5,0
"13324",18,5
"13325",1,0
"13326",1,0
"13327",20,2
"13328",1,0
"13329",8,6
"13330",6,0
"13331",1,0
"13332",1,0
"13333",3,0
"13334",5,1
"13336",1,0
"13337",1,1
"13338",4,6
"13339",1,0
"13340",12,0
"13341",1,0
"13343",1,1
"13344",3,0
"13345",1,1
"13346",6,0
"13347",1,0
"13348",1,0
"13349",1,0
"13350",2,1
"13351",1,0
"13352",1,1
"13354",1,0
"13355",1,0
"13356",1,0
"13357",5,0
"13358",1,0
"13359",2,2
"13360",4,3
"13361",2,0
"13362",7,3
"13363",3,0
"13364",1,1
"13365",2,2
"13366",1,0
"13367",1,0
"13368",4,1
"13369",1,1
"13370",1,1
"13371",2,2
"13372",1,0
"13373",6,0
"13374",2,0
"13375",2,1
"13376",3,0
"13377",2,2
"13379",3,0
"13380",1,0
"13381",12,3
"13382",5,0
"13383",1,0
"13384",11,4
"13385",1,0
"13386",2,0
"13387",1,0
"13388",3,1
"13389",3,0
"13390",1,0
"13391",1,0
"13392",1,0
"13393",4,2
"13394",19,5
"13395",3,0
"13396",2,2
"13397",10,3
"13398",2,0
"13399",3,0
"13400",1,1
"13402",4,0
"13403",3,0
"13404",2,0
"13405",6,3
"13406",2,1
"13407",3,3
"13408",106,29
"13410",9,3
"13411",1,0
"13412",1,0
"13413",6,2
"13414",6,1
"13415",4,1
"13416",3,0
"13417",6,1
"13418",31,6
"13419",1,0
"13420",2,2
"13421",8,3
"13422",1,1
"13423",1,0
"13424",1,1
"13425",5,3
"13426",22,2
"13427",6,0
"13428",3,0
"13429",4,0
"13430",2,2
"13431",8,1
"13432",2,0
"13433",4,1
"13434",5,0
"13435",9,2
"13436",1,0
"13437",7,0
"13438",1,0
"13439",3,0
"13440",7,3
"13441",2,0
"13442",3,0
"13443",6,1
"13444",2,0
"13445",1,0
"13446",11,7
"13447",3,1
"13448",13,6
"13449",1,0
"13450",13,1
"13451",11,2
"13452",3,0
"13453",3,2
"13454",1,0
"13455",6,5
"13456",6,1
"13457",2,2
"13458",16,8
"13459",2,0
"13460",2,0
"13461",6,2
"13462",5,1
"13464",6,1
"13465",2,0
"13466",5,2
"13467",2,0
"13468",72,15
"13469",1,0
"13470",2,0
"13471",4,0
"13472",2,0
"13473",8,2
"13474",3,0
"13475",4,0
"13476",5,2
"13477",11,2
"13478",5,2
"13479",4,3
"13480",2,0
"13481",11,3
"13482",2,0
"13483",1,0
"13484",3,1
"13485",11,4
"13486",3,0
"13487",5,0
"13488",23,6
"13489",4,0
"13490",1,0
"13491",27,0
"13492",3,0
"13493",2,0
"13494",1,0
"13495",10,3
"13496",2,1
"13497",6,1
"13498",1,0
"13499",5,2
"13500",4,1
"13501",3,2
"13502",5,1
"13503",6,6
"13504",1,0
"13505",4,4
"13506",5,3
"13507",4,0
"13508",2,0
"13509",8,0
"13510",11,6
"13511",1,1
"13512",4,0
"13513",3,1
"13514",4,0
"13515",6,0
"13516",4,0
"13517",3,2
"13518",1,0
"13519",2,1
"13520",11,4
"13521",3,0
"13522",1,0
"13523",6,1
"13524",5,0
"13525",2,0
"13526",2,2
"13527",12,2
"13529",2,0
"13530",1,0
"13531",6,0
"13532",1,0
"13533",3,0
"13534",35,25
"13535",1,0
"13536",7,0
"13537",2,0
"13538",12,0
"13539",7,2
"13540",3,0
"13541",2,1
"13542",17,1
"13543",2,0
"13544",6,1
"13545",2,1
"13546",5,0
"13547",1,0
"13548",3,0
"13549",8,1
"13550",1,0
"13551",2,0
"13552",22,10
"13553",1,0
"13554",7,3
"13555",13,3
"13556",2,0
"13557",13,3
"13558",4,0
"13559",2,0
"13560",1,0
"13561",11,0
"13562",8,0
"13563",2,0
"13564",37,17
"13565",3,0
"13566",5,0
"13567",4,1
"13568",1,0
"13569",4,0
"13570",1,0
"13571",26,0
"13572",1,0
"13573",6,0
"13574",1,0
"13575",5,0
"13576",28,4
"13577",11,3
"13578",1,0
"13579",5,1
"13580",1,0
"13581",2,0
"13582",2,0
"13583",2,0
"13584",3,2
"13585",3,1
"13586",1,0
"13587",4,2
"13588",9,4
"13589",6,0
"13590",18,3
"13591",7,1
"13592",4,0
"13593",14,2
"13594",2,1
"13595",3,0
"13596",2,0
"13597",2,1
"13598",5,1
"13599",33,19
"13600",2,0
"13601",4,0
"13602",4,0
"13603",1,0
"13604",1,1
"13605",2,0
"13606",3,0
"13607",2,1
"13608",1,0
"13609",1,0
"13610",14,3
"13611",10,4
"13612",1,1
"13613",5,0
"13614",6,0
"13615",8,4
"13616",2,0
"13617",8,1
"13618",1,0
"13619",2,0
"13620",1,0
"13621",1,0
"13622",1,1
"13623",10,5
"13624",1,1
"13625",1,0
"13626",2,1
"13627",7,3
"13628",1,0
"13629",19,0
"13630",7,4
"13631",11,1
"13632",8,2
"13634",16,1
"13635",4,2
"13636",5,1
"13637",3,0
"13638",1,0
"13639",2,0
"13640",1,0
"13641",5,2
"13642",4,1
"13643",10,5
"13644",4,1
"13645",1,0
"13646",2,1
"13647",8,1
"13648",8,3
"13649",6,0
"13650",10,6
"13651",3,1
"13652",5,0
"13653",1,0
"13654",11,0
"13655",6,2
"13656",4,3
"13657",2,0
"13658",9,4
"13659",12,5
"13660",1,1
"13661",1,0
"13662",11,6
"13663",5,1
"13665",3,0
"13666",5,0
"13667",1,0
"13668",35,12
"13669",3,0
"13670",1,0
"13671",1,0
"13672",3,4
"13673",2,0
"13674",1,1
"13675",2,0
"13676",2,1
"13677",2,0
"13678",1,0
"13679",3,0
"13680",12,1
"13681",4,0
"13682",1,0
"13683",1,0
"13684",4,2
"13685",7,0
"13686",3,0
"13687",1,0
"13688",1,0
"13689",2,0
"13690",1,0
"13691",1,0
"13692",5,3
"13693",9,4
"13694",143,21
"13695",16,0
"13696",3,1
"13697",1,0
"13698",2,0
"13699",2,1
"13700",13,1
"13701",1,1
"13702",1,0
"13703",2,1
"13704",9,1
"13705",7,0
"13706",2,0
"13707",5,0
"13708",1,0
"13709",18,4
"13710",3,0
"13711",9,6
"13712",2,0
"13713",3,0
"13714",1,0
"13715",17,4
"13716",1,0
"13717",8,3
"13718",2,0
"13719",11,0
"13720",4,0
"13721",2,0
"13722",10,1
"13723",6,0
"13724",1,0
"13725",8,3
"13726",2,0
"13727",8,1
"13728",16,0
"13729",3,2
"13730",2,0
"13731",2,0
"13732",1,0
"13733",2,1
"13734",4,2
"13735",13,9
"13736",7,5
"13737",1,0
"13738",1,0
"13739",2,0
"13740",5,0
"13741",3,1
"13742",12,2
"13743",7,1
"13744",2,0
"13745",2,2
"13746",1,0
"13747",2,0
"13748",9,0
"13750",11,2
"13751",1,0
"13752",7,0
"13753",4,0
"13754",3,0
"13755",9,1
"13756",23,2
"13757",1,0
"13758",15,4
"13759",2,0
"13760",5,1
"13761",6,0
"13762",5,1
"13763",3,3
"13764",6,0
"13765",1,0
"13766",1,0
"13767",73,23
"13768",2,6
"13769",20,9
"13770",4,0
"13771",9,1
"13772",8,1
"13773",2,0
"13774",1,0
"13775",1,0
"13776",2,6
"13777",61,12
"13778",4,1
"13779",1,0
"13780",3,0
"13781",3,1
"13782",13,1
"13783",4,0
"13784",14,1
"13785",4,0
"13786",6,2
"13787",6,3
"13788",1,0
"13789",1,0
"13790",1,0
"13791",2,1
"13792",3,0
"13793",1,0
"13794",1,0
"13795",4,0
"13796",1,0
"13797",3,1
"13798",110,15
"13799",9,4
"13800",3,0
"13801",1,0
"13802",19,5
"13803",3,1
"13804",9,0
"13805",2,0
"13806",1,0
"13807",3,1
"13808",5,0
"13809",3,0
"13810",3,1
"13811",3,1
"13812",3,0
"13813",8,4
"13814",3,2
"13815",8,2
"13816",2,2
"13817",2,0
"13818",1,0
"13819",6,1
"13820",3,2
"13821",6,1
"13822",2,0
"13823",7,1
"13824",12,2
"13825",2,0
"13826",1,1
"13827",3,0
"13828",1,0
"13829",1,1
"13830",1,1
"13831",18,2
"13832",2,1
"13833",2,0
"13834",2,1
"13835",7,1
"13836",2,1
"13837",2,0
"13838",10,0
"13839",1,0
"13840",1,0
"13841",1,0
"13842",18,1
"13843",1,0
"13844",1,0
"13845",1,0
"13846",4,1
"13847",1,0
"13848",8,0
"13849",5,1
"13850",1,1
"13851",8,1
"13852",1,1
"13853",1,1
"13854",39,6
"13855",4,1
"13856",11,4
"13857",6,1
"13858",1,0
"13859",2,0
"13860",5,1
"13861",2,1
"13862",9,2
"13863",4,2
"13864",1,0
"13865",4,0
"13866",1,0
"13867",3,0
"13868",2,0
"13869",10,0
"13870",15,3
"13871",17,4
"13872",3,3
"13873",8,1
"13874",7,3
"13875",14,0
"13876",1,0
"13877",3,2
"13878",4,0
"13879",1,0
"13880",17,0
"13881",43,8
"13882",5,1
"13883",15,11
"13884",10,4
"13885",2,0
"13886",1,0
"13887",1,0
"13888",7,0
"13889",6,2
"13890",14,8
"13891",3,0
"13892",6,0
"13893",1,0
"13894",3,2
"13895",6,2
"13896",1,0
"13897",3,0
"13898",2,0
"13899",2,0
"13900",6,1
"13901",15,5
"13902",5,3
"13903",1,0
"13904",2,0
"13905",1,2
"13906",1,0
"13907",1,0
"13908",4,1
"13909",2,0
"13911",20,2
"13912",1,0
"13913",1,0
"13914",2,1
"13915",1,1
"13916",4,1
"13917",2,0
"13918",2,0
"13919",4,1
"13920",4,1
"13921",4,1
"13922",3,2
"13923",1,0
"13924",6,5
"13925",4,2
"13926",1,0
"13927",2,1
"13928",4,0
"13929",11,3
"13930",2,0
"13931",11,1
"13932",1,0
"13933",2,0
"13934",1,0
"13935",3,0
"13936",3,1
"13937",2,1
"13938",1,0
"13939",7,3
"13940",4,0
"13941",15,2
"13942",1,0
"13943",1,0
"13944",1,0
"13945",2,0
"13946",6,1
"13947",1,0
"13948",4,1
"13949",6,0
"13950",4,1
"13951",3,0
"13952",14,3
"13953",12,0
"13954",2,1
"13955",3,0
"13956",5,0
"13957",3,0
"13958",8,4
"13959",6,0
"13960",2,0
"13961",1,1
"13962",3,0
"13963",17,1
"13964",2,1
"13965",3,2
"13966",1,0
"13967",2,0
"13968",1,0
"13969",35,4
"13970",2,0
"13971",14,4
"13972",2,0
"13973",1,0
"13974",2,2
"13975",12,2
"13976",4,0
"13977",1,0
"13978",2,0
"13979",7,4
"13980",5,4
"13981",1,1
"13982",9,4
"13983",21,9
"13984",12,1
"13985",22,2
"13986",1,0
"13987",2,0
"13988",8,3
"13989",5,0
"13990",1,0
"13991",6,1
"13992",3,0
"13993",19,5
"13994",6,0
"13995",14,4
"13996",2,0
"13997",3,0
"13998",3,0
"13999",29,7
"14000",5,3
"14001",9,1
"14002",2,0
"14003",1,0
"14004",11,0
"14005",5,0
"14006",7,0
"14007",1,0
"14008",1,1
"14009",3,1
"14010",2,1
"14011",2,1
"14012",1,0
"14013",5,1
"14014",3,0
"14015",1,0
"14016",11,2
"14017",1,0
"14018",1,0
"14019",3,1
"14020",4,1
"14021",7,0
"14022",2,0
"14023",2,0
"14024",3,0
"14025",8,2
"14026",2,0
"14027",1,0
"14028",3,2
"14029",2,0
"14030",20,2
"14031",44,11
"14032",16,9
"14033",1,0
"14034",3,1
"14035",9,2
"14036",1,0
"14037",6,1
"14038",5,3
"14039",2,0
"14040",35,7
"14041",1,0
"14042",1,0
"14043",2,1
"14044",10,1
"14045",16,3
"14046",1,0
"14047",14,5
"14048",3,1
"14049",13,5
"14050",2,0
"14051",37,5
"14052",2,0
"14053",4,0
"14054",1,0
"14055",3,0
"14056",23,6
"14057",22,1
"14058",2,0
"14059",1,0
"14060",30,2
"14061",3,0
"14062",24,3
"14063",9,4
"14064",15,6
"14065",3,1
"14066",1,0
"14067",2,0
"14068",4,1
"14069",2,0
"14070",1,0
"14071",8,1
"14072",1,0
"14073",1,1
"14074",1,0
"14075",6,0
"14076",1,0
"14077",6,0
"14078",9,0
"14079",2,0
"14080",5,1
"14081",10,6
"14082",2,0
"14083",11,0
"14084",1,0
"14085",33,1
"14086",1,0
"14087",3,2
"14088",16,4
"14089",1,0
"14090",1,0
"14091",2,0
"14092",24,3
"14093",1,0
"14094",1,1
"14095",1,0
"14096",17,17
"14097",2,0
"14098",1,0
"14099",20,2
"14100",1,0
"14101",13,1
"14102",5,3
"14103",1,0
"14104",5,0
"14105",5,4
"14106",1,0
"14107",11,2
"14108",4,1
"14109",1,1
"14110",33,2
"14111",4,1
"14112",13,14
"14113",16,15
"14114",7,0
"14115",2,0
"14116",5,0
"14117",1,0
"14118",1,0
"14119",2,1
"14121",4,2
"14122",3,2
"14123",1,0
"14124",1,0
"14125",3,0
"14126",4,1
"14127",6,0
"14128",3,1
"14129",9,0
"14130",4,0
"14131",1,0
"14132",11,1
"14133",4,2
"14134",15,0
"14135",24,1
"14136",5,2
"14137",1,1
"14138",2,0
"14139",4,0
"14140",2,1
"14141",4,2
"14142",2,2
"14143",1,0
"14144",1,0
"14145",7,1
"14146",12,1
"14147",9,3
"14148",2,0
"14149",1,2
"14150",2,0
"14151",2,1
"14152",7,2
"14153",1,0
"14154",8,2
"14155",1,0
"14156",156,46
"14157",5,1
"14158",1,0
"14159",20,5
"14160",7,0
"14161",7,0
"14162",2,0
"14163",5,0
"14164",2,0
"14165",1,0
"14166",2,0
"14167",8,0
"14168",2,1
"14169",2,0
"14170",3,0
"14171",2,0
"14172",3,1
"14173",6,1
"14174",1,0
"14175",8,9
"14176",5,1
"14177",13,1
"14178",7,0
"14179",2,0
"14180",33,9
"14181",2,0
"14182",4,1
"14183",2,0
"14184",1,0
"14185",1,0
"14186",5,0
"14187",1,0
"14188",6,4
"14189",16,9
"14190",1,0
"14191",15,2
"14192",1,0
"14193",3,0
"14194",36,18
"14195",6,4
"14196",1,0
"14197",1,0
"14198",9,4
"14199",4,2
"14200",1,0
"14201",10,2
"14202",3,0
"14203",1,0
"14204",4,0
"14205",9,3
"14206",3,2
"14207",1,0
"14208",2,0
"14209",15,4
"14210",16,5
"14211",18,8
"14212",2,0
"14213",1,1
"14214",5,2
"14215",9,1
"14216",5,1
"14217",23,10
"14218",1,0
"14219",3,0
"14220",4,0
"14221",17,2
"14222",1,0
"14223",3,1
"14224",9,0
"14225",4,1
"14226",6,3
"14227",15,7
"14228",3,0
"14229",7,4
"14230",3,0
"14231",4,2
"14232",5,3
"14233",7,3
"14234",4,0
"14235",9,1
"14236",5,2
"14237",2,1
"14238",3,0
"14239",21,3
"14240",3,0
"14241",2,0
"14242",2,0
"14243",17,6
"14244",1,1
"14245",2,3
"14246",3,0
"14247",5,1
"14248",3,0
"14249",12,0
"14250",3,0
"14251",5,0
"14252",1,0
"14253",2,0
"14254",1,0
"14255",1,3
"14256",5,4
"14257",9,1
"14258",25,7
"14259",1,0
"14260",3,0
"14261",2,0
"14262",8,0
"14263",1,0
"14264",6,2
"14265",4,0
"14266",1,0
"14267",3,6
"14268",1,0
"14269",1,1
"14270",1,0
"14271",2,0
"14272",4,0
"14273",4,0
"14274",1,0
"14275",6,0
"14276",7,6
"14277",9,5
"14278",1,0
"14279",2,0
"14280",1,0
"14281",1,0
"14282",25,1
"14283",4,0
"14284",3,1
"14285",8,1
"14286",7,5
"14287",3,1
"14288",1,1
"14289",6,0
"14290",8,6
"14291",23,2
"14292",16,11
"14293",9,1
"14294",1,0
"14295",5,3
"14296",2,1
"14297",4,2
"14298",82,2
"14299",27,14
"14300",1,0
"14301",4,3
"14302",3,0
"14303",2,0
"14304",3,2
"14305",3,2
"14306",6,1
"14307",10,1
"14308",2,3
"14309",11,1
"14310",1,0
"14311",2,1
"14312",11,0
"14314",2,1
"14315",8,2
"14316",5,1
"14317",1,0
"14318",1,0
"14319",1,1
"14320",5,2
"14321",7,1
"14322",4,2
"14323",2,2
"14324",2,0
"14325",1,0
"14326",3,1
"14327",6,0
"14328",1,2
"14329",15,13
"14330",1,0
"14331",2,0
"14332",5,0
"14333",1,1
"14334",12,2
"14335",2,0
"14336",4,0
"14338",3,2
"14339",2,3
"14340",1,0
"14341",18,2
"14342",6,3
"14343",4,0
"14344",20,0
"14345",1,0
"14346",5,0
"14347",1,0
"14348",1,0
"14349",1,0
"14350",3,1
"14351",1,0
"14352",4,0
"14353",3,0
"14354",2,0
"14355",3,0
"14356",2,2
"14357",1,0
"14358",2,1
"14359",3,3
"14360",4,0
"14361",1,0
"14362",1,0
"14363",2,0
"14364",8,0
"14365",2,0
"14366",1,0
"14367",16,3
"14368",1,0
"14369",2,0
"14370",6,3
"14371",1,0
"14372",2,1
"14373",1,0
"14374",1,0
"14375",3,0
"14376",1,0
"14377",2,0
"14378",1,0
"14379",4,0
"14380",1,1
"14381",2,0
"14382",2,1
"14383",3,0
"14384",1,0
"14385",3,0
"14386",1,0
"14387",3,0
"14388",16,4
"14389",5,6
"14390",13,5
"14391",1,0
"14392",1,0
"14393",1,0
"14394",1,0
"14395",20,4
"14396",7,0
"14397",19,4
"14398",2,0
"14399",8,1
"14400",3,2
"14401",22,3
"14402",1,0
"14403",6,3
"14404",13,2
"14405",1,0
"14406",1,0
"14407",6,3
"14408",11,0
"14409",9,1
"14410",11,6
"14411",1,0
"14412",3,1
"14413",4,0
"14414",8,1
"14415",23,9
"14416",2,0
"14417",1,0
"14418",3,0
"14419",7,0
"14420",4,3
"14421",6,1
"14422",19,2
"14423",3,1
"14424",1,0
"14425",3,2
"14426",17,10
"14427",4,0
"14428",5,2
"14429",1,0
"14430",3,2
"14431",4,1
"14432",6,0
"14433",1,0
"14434",6,0
"14435",1,0
"14436",2,0
"14437",5,2
"14438",1,0
"14439",5,0
"14440",13,2
"14441",11,8
"14442",7,5
"14443",5,3
"14444",1,0
"14445",1,0
"14446",5,0
"14447",6,0
"14448",2,0
"14449",8,0
"14450",7,0
"14451",12,6
"14452",4,0
"14453",1,0
"14454",5,1
"14455",4,1
"14456",9,5
"14457",1,0
"14458",1,0
"14459",2,1
"14460",9,3
"14461",13,1
"14462",12,4
"14463",4,0
"14464",2,0
"14465",11,0
"14466",13,0
"14467",12,0
"14468",1,0
"14469",4,0
"14470",3,0
"14471",2,0
"14472",9,0
"14473",2,0
"14474",2,1
"14475",4,3
"14476",1,0
"14477",7,3
"14478",4,0
"14479",4,0
"14480",4,1
"14481",5,1
"14482",12,2
"14483",2,1
"14484",4,0
"14485",1,0
"14486",2,0
"14487",7,1
"14488",1,1
"14489",4,0
"14490",2,0
"14491",2,0
"14492",7,3
"14493",10,4
"14494",3,0
"14495",3,1
"14496",7,3
"14497",2,1
"14498",10,0
"14499",7,3
"14500",3,0
"14501",2,1
"14502",11,3
"14503",6,0
"14504",4,0
"14505",19,8
"14506",7,0
"14507",11,3
"14508",5,1
"14509",1,0
"14510",3,1
"14511",5,1
"14512",7,0
"14513",6,1
"14514",9,1
"14515",12,3
"14516",1,0
"14517",2,0
"14518",1,0
"14519",2,0
"14520",2,0
"14521",1,1
"14522",8,0
"14523",1,0
"14524",13,0
"14525",17,4
"14526",1,0
"14527",122,68
"14528",1,0
"14529",3,0
"14530",16,3
"14531",1,0
"14532",11,1
"14533",11,4
"14534",26,12
"14535",9,2
"14536",1,0
"14537",2,1
"14538",5,0
"14539",2,0
"14540",11,1
"14541",14,0
"14542",1,0
"14543",39,11
"14544",3,0
"14545",1,0
"14546",11,9
"14547",8,1
"14548",9,0
"14549",4,0
"14550",4,0
"14551",7,2
"14552",3,0
"14553",9,1
"14554",4,0
"14555",6,1
"14556",3,0
"14557",1,1
"14558",3,2
"14559",1,0
"14560",44,2
"14561",3,0
"14562",26,4
"14563",2,0
"14564",2,3
"14565",5,2
"14566",4,0
"14567",2,1
"14568",1,1
"14569",4,0
"14570",3,0
"14571",1,0
"14572",11,4
"14573",13,4
"14574",1,0
"14575",1,0
"14576",1,0
"14577",7,0
"14578",1,0
"14579",1,0
"14580",1,0
"14581",2,0
"14582",1,0
"14583",8,0
"14584",8,1
"14585",5,0
"14586",1,2
"14587",9,1
"14588",1,0
"14589",1,0
"14590",20,8
"14591",4,0
"14592",3,0
"14593",12,6
"14594",2,0
"14595",8,0
"14596",1,0
"14597",6,0
"14598",2,1
"14599",2,0
"14600",2,0
"14601",1,0
"14602",1,0
"14603",1,0
"14604",1,0
"14605",4,0
"14606",192,67
"14607",22,5
"14608",11,1
"14609",10,1
"14610",2,0
"14611",2,1
"14612",1,0
"14613",1,0
"14614",1,0
"14615",5,1
"14616",5,0
"14617",2,0
"14618",7,2
"14619",2,1
"14620",2,1
"14621",9,7
"14622",1,0
"14623",10,2
"14624",6,0
"14625",11,7
"14626",11,4
"14627",1,2
"14628",5,0
"14629",2,1
"14630",1,0
"14631",6,1
"14632",1,0
"14633",1,0
"14634",4,3
"14635",1,0
"14636",2,0
"14637",1,0
"14638",1,0
"14639",9,2
"14640",10,6
"14641",1,0
"14642",1,0
"14643",5,1
"14644",7,5
"14645",3,1
"14646",152,12
"14647",2,0
"14648",15,4
"14649",9,2
"14650",1,0
"14651",9,0
"14652",1,0
"14653",12,0
"14654",1,0
"14655",7,5
"14656",5,0
"14657",6,1
"14658",2,0
"14659",9,3
"14660",2,0
"14661",1,0
"14662",7,0
"14663",2,0
"14664",2,0
"14665",7,2
"14666",1,0
"14667",54,7
"14668",1,0
"14669",7,0
"14670",3,0
"14671",2,0
"14672",4,0
"14673",7,0
"14674",1,0
"14675",2,0
"14676",12,4
"14677",1,0
"14678",1,1
"14679",3,2
"14680",58,29
"14681",6,0
"14682",6,0
"14683",1,0
"14684",6,0
"14685",8,5
"14686",5,1
"14687",3,0
"14688",28,6
"14689",1,0
"14690",4,1
"14691",5,0
"14692",12,1
"14693",7,1
"14694",1,0
"14695",3,1
"14696",8,2
"14697",2,0
"14698",5,0
"14699",4,0
"14700",5,0
"14701",15,3
"14702",29,3
"14703",1,0
"14704",11,0
"14705",1,0
"14706",1,0
"14707",2,0
"14708",5,1
"14709",25,2
"14710",13,0
"14711",11,1
"14712",4,0
"14713",21,4
"14714",4,3
"14715",8,0
"14716",3,0
"14717",1,1
"14718",1,0
"14719",5,1
"14720",3,0
"14721",1,0
"14722",3,0
"14723",11,0
"14724",1,0
"14725",4,1
"14726",1,0
"14727",3,1
"14728",1,0
"14729",3,0
"14730",8,0
"14731",3,0
"14732",19,5
"14733",15,3
"14734",4,1
"14735",56,3
"14736",2,0
"14737",4,0
"14738",9,3
"14739",25,3
"14740",11,2
"14741",7,0
"14742",1,0
"14743",1,0
"14744",14,3
"14745",12,5
"14746",4,0
"14747",1,1
"14748",10,6
"14749",1,0
"14750",1,0
"14751",2,0
"14752",1,0
"14753",2,0
"14754",6,1
"14755",25,5
"14756",3,1
"14757",1,0
"14758",7,0
"14759",3,0
"14760",1,1
"14761",3,0
"14762",2,0
"14764",1,1
"14765",3,0
"14766",11,3
"14767",1,0
"14768",2,1
"14769",17,4
"14770",8,1
"14771",2,1
"14772",1,0
"14773",1,1
"14774",1,0
"14775",3,0
"14776",15,4
"14777",1,3
"14778",2,0
"14779",3,0
"14780",2,0
"14782",1,0
"14783",1,1
"14784",3,0
"14785",2,0
"14786",1,0
"14787",1,0
"14788",3,0
"14789",1,0
"14790",10,0
"14791",1,0
"14792",1,1
"14793",2,1
"14794",10,3
"14795",1,0
"14796",27,12
"14797",1,0
"14798",8,1
"14799",2,0
"14800",17,6
"14801",1,0
"14802",2,4
"14803",3,0
"14804",1,0
"14805",7,0
"14806",2,0
"14807",2,0
"14808",8,7
"14809",2,0
"14810",13,0
"14811",1,0
"14812",1,0
"14813",4,0
"14814",1,0
"14815",2,0
"14816",1,0
"14817",7,2
"14818",6,0
"14819",4,0
"14820",9,0
"14821",7,0
"14822",1,0
"14823",3,0
"14824",10,2
"14825",24,3
"14826",2,0
"14827",1,0
"14828",13,1
"14829",7,2
"14830",1,0
"14831",3,4
"14832",1,2
"14833",1,0
"14834",7,2
"14835",2,1
"14836",3,0
"14837",9,3
"14838",2,0
"14839",3,0
"14840",2,1
"14841",14,0
"14842",4,4
"14843",1,0
"14844",10,2
"14845",1,0
"14846",1,1
"14847",3,1
"14848",1,0
"14849",43,7
"14850",7,2
"14851",3,0
"14852",18,3
"14853",5,2
"14854",11,3
"14855",7,0
"14856",3,0
"14857",7,3
"14858",1,0
"14859",5,1
"14860",1,1
"14861",10,4
"14862",2,0
"14863",1,0
"14865",4,0
"14866",19,1
"14867",16,3
"14868",12,1
"14869",6,3
"14870",6,3
"14871",9,0
"14872",3,1
"14873",2,0
"14874",1,0
"14875",3,4
"14876",2,0
"14877",2,0
"14878",25,3
"14879",1,0
"14880",3,0
"14881",1,0
"14882",14,1
"14883",6,1
"14884",1,0
"14885",3,1
"14886",1,0
"14887",1,0
"14888",1,0
"14889",1,0
"14890",3,0
"14891",4,0
"14892",1,0
"14893",3,3
"14894",3,2
"14895",38,10
"14896",8,2
"14897",8,1
"14898",14,4
"14899",1,0
"14900",1,0
"14901",12,1
"14902",3,2
"14903",5,5
"14904",4,0
"14905",8,2
"14906",1,2
"14907",16,7
"14908",2,0
"14909",3,2
"14910",4,3
"14911",398,112
"14912",6,5
"14913",8,0
"14915",11,2
"14916",8,3
"14917",2,0
"14918",9,0
"14919",1,0
"14920",3,0
"14921",2,0
"14922",2,0
"14923",1,0
"14924",3,0
"14926",2,1
"14927",1,0
"14928",1,1
"14929",2,0
"14930",6,3
"14931",5,1
"14932",2,0
"14933",4,1
"14934",5,4
"14935",2,0
"14936",12,2
"14937",3,1
"14938",2,2
"14940",2,0
"14941",1,0
"14942",4,1
"14943",1,0
"14944",19,5
"14945",1,0
"14946",1,0
"14947",6,0
"14948",6,1
"14949",4,2
"14950",1,1
"14951",1,0
"14952",32,11
"14953",4,1
"14954",2,0
"14955",1,0
"14956",1,0
"14957",2,0
"14958",6,0
"14959",4,1
"14960",2,0
"14961",22,6
"14962",4,0
"14963",12,1
"14964",1,0
"14965",2,0
"14966",6,0
"14967",6,1
"14968",2,0
"14969",1,0
"14970",12,4
"14971",3,0
"14972",2,0
"14973",3,0
"14974",1,0
"14975",2,0
"14976",7,1
"14977",1,0
"14978",10,2
"14979",1,0
"14980",1,0
"14981",2,1
"14982",1,0
"14983",1,0
"14984",6,0
"14985",2,0
"14986",2,0
"14987",8,1
"14988",7,0
"14989",1,0
"14990",2,0
"14991",1,0
"14992",1,0
"14993",1,0
"14994",5,3
"14995",2,0
"14996",2,0
"14997",4,1
"14998",4,0
"14999",1,0
"15000",1,0
"15001",2,0
"15002",9,0
"15003",6,1
"15004",1,0
"15005",56,20
"15006",2,0
"15007",1,0
"15008",2,0
"15009",3,0
"15010",1,0
"15011",2,0
"15012",3,0
"15013",10,0
"15014",2,0
"15015",13,7
"15016",5,1
"15017",1,0
"15018",3,1
"15019",1,0
"15020",1,0
"15021",12,5
"15022",5,0
"15023",20,3
"15024",16,0
"15025",2,0
"15026",5,0
"15027",10,3
"15028",6,0
"15029",1,1
"15030",8,1
"15031",14,2
"15032",8,2
"15033",10,1
"15034",14,3
"15035",1,0
"15036",3,0
"15037",2,0
"15038",9,1
"15039",93,14
"15040",1,0
"15041",2,0
"15042",2,0
"15043",6,0
"15044",35,12
"15045",2,1
"15046",25,3
"15047",1,0
"15048",4,1
"15049",1,0
"15050",5,2
"15051",9,1
"15052",1,0
"15053",3,0
"15054",2,0
"15055",3,0
"15056",1,0
"15057",5,1
"15058",16,1
"15059",19,8
"15060",4,0
"15061",127,11
"15062",8,0
"15063",1,0
"15064",4,0
"15065",5,2
"15066",1,1
"15067",5,1
"15068",4,0
"15069",1,0
"15070",3,0
"15071",4,0
"15072",1,0
"15073",8,1
"15074",3,0
"15075",1,0
"15076",3,2
"15077",2,2
"15078",53,11
"15079",11,6
"15080",2,0
"15081",12,1
"15082",1,0
"15083",1,0
"15084",2,0
"15085",1,0
"15086",2,0
"15087",1,0
"15088",2,1
"15089",6,0
"15090",1,0
"15091",3,3
"15092",3,1
"15093",23,11
"15094",2,0
"15095",10,1
"15096",1,0
"15097",3,2
"15098",3,2
"15099",1,0
"15100",7,7
"15101",6,5
"15102",2,0
"15103",2,0
"15104",2,1
"15105",9,0
"15106",5,2
"15107",9,3
"15108",4,1
"15109",3,1
"15110",6,3
"15111",5,0
"15112",1,0
"15113",3,1
"15114",12,0
"15115",2,1
"15116",4,0
"15117",8,1
"15118",1,0
"15119",1,0
"15120",1,1
"15121",2,0
"15122",11,5
"15123",5,0
"15124",4,0
"15125",24,12
"15126",2,0
"15127",2,0
"15128",5,4
"15129",23,0
"15130",1,0
"15131",1,0
"15132",5,0
"15133",5,0
"15134",10,0
"15135",2,1
"15136",4,1
"15137",2,3
"15138",1,1
"15139",2,0
"15140",8,1
"15141",7,2
"15142",6,1
"15143",2,0
"15144",29,4
"15145",4,0
"15146",2,1
"15147",1,1
"15148",1,0
"15149",5,0
"15150",13,1
"15151",2,0
"15152",14,4
"15153",1,0
"15154",3,1
"15155",1,0
"15156",3,0
"15157",5,2
"15158",2,1
"15159",34,4
"15160",4,0
"15161",1,0
"15162",1,1
"15163",2,0
"15164",9,1
"15165",1,0
"15166",1,0
"15167",5,0
"15168",1,0
"15169",2,0
"15170",1,0
"15171",1,1
"15172",5,0
"15173",7,1
"15174",2,0
"15175",1,0
"15176",1,1
"15177",1,0
"15178",1,0
"15179",13,4
"15180",3,0
"15181",5,3
"15182",11,3
"15183",3,1
"15184",4,0
"15185",1,0
"15186",5,0
"15187",16,2
"15188",1,0
"15189",46,12
"15190",1,0
"15191",3,0
"15192",5,0
"15193",1,0
"15194",28,11
"15195",1,0
"15196",2,0
"15197",6,4
"15198",5,1
"15199",10,0
"15200",1,0
"15201",7,7
"15202",3,5
"15203",15,0
"15204",1,0
"15205",2,1
"15206",4,0
"15207",3,2
"15208",6,1
"15209",1,0
"15210",3,0
"15211",2,0
"15212",2,1
"15213",2,1
"15214",8,0
"15215",7,4
"15216",2,0
"15217",1,0
"15218",22,3
"15219",2,0
"15220",6,1
"15221",4,3
"15222",11,6
"15223",5,1
"15224",5,3
"15225",1,0
"15226",1,0
"15227",9,0
"15228",6,1
"15229",1,0
"15230",2,0
"15231",1,1
"15232",2,0
"15233",1,0
"15234",1,0
"15235",16,0
"15236",1,0
"15237",4,0
"15238",3,2
"15239",2,1
"15240",12,8
"15241",11,1
"15242",1,0
"15243",2,0
"15244",3,1
"15245",8,0
"15246",3,0
"15247",3,1
"15248",3,1
"15249",18,3
"15250",1,0
"15251",21,10
"15252",5,2
"15253",8,4
"15254",3,1
"15255",9,2
"15256",2,0
"15257",2,1
"15258",2,0
"15259",4,0
"15260",25,5
"15261",4,0
"15262",3,0
"15263",1,0
"15264",2,1
"15265",4,0
"15266",5,1
"15267",5,0
"15268",3,1
"15269",3,0
"15270",21,10
"15271",24,2
"15272",6,0
"15273",1,0
"15274",2,0
"15275",1,1
"15276",4,1
"15277",2,0
"15278",4,0
"15279",5,2
"15280",3,0
"15281",16,6
"15282",1,0
"15283",3,1
"15284",1,0
"15285",1,0
"15286",1,0
"15287",5,1
"15288",10,0
"15289",5,2
"15290",26,4
"15291",40,13
"15292",1,0
"15293",1,0
"15294",1,1
"15295",1,0
"15296",12,8
"15297",3,1
"15298",23,6
"15299",10,5
"15300",1,0
"15301",17,2
"15302",1,1
"15303",3,1
"15304",9,2
"15305",1,0
"15306",9,1
"15307",1,0
"15308",1,1
"15309",4,6
"15310",1,0
"15311",208,62
"15312",12,2
"15313",1,0
"15314",3,1
"15315",2,1
"15316",1,0
"15317",1,1
"15318",1,0
"15319",1,0
"15320",1,0
"15321",12,6
"15322",2,1
"15323",3,1
"15324",1,0
"15325",8,1
"15326",5,5
"15327",1,0
"15328",1,0
"15329",11,9
"15330",2,0
"15331",3,1
"15332",6,0
"15333",1,0
"15334",3,0
"15335",1,0
"15336",1,0
"15337",1,1
"15338",1,0
"15339",7,4
"15340",1,0
"15341",2,1
"15342",1,1
"15343",1,0
"15344",3,2
"15345",1,1
"15346",3,1
"15347",4,2
"15348",1,0
"15349",2,0
"15350",2,0
"15351",10,5
"15352",1,0
"15353",7,1
"15354",3,4
"15355",2,0
"15356",13,0
"15358",42,13
"15359",8,1
"15360",1,0
"15361",4,0
"15362",2,0
"15363",2,1
"15364",2,0
"15365",13,2
"15366",7,0
"15367",11,2
"15368",2,0
"15369",11,2
"15370",8,1
"15371",1,0
"15372",8,2
"15373",17,1
"15374",2,0
"15375",1,0
"15376",3,0
"15377",4,1
"15378",2,0
"15379",8,1
"15380",11,2
"15381",5,1
"15382",12,8
"15384",4,1
"15385",3,0
"15386",1,0
"15387",1,0
"15388",1,0
"15389",5,0
"15390",2,0
"15391",1,1
"15392",7,1
"15393",5,0
"15394",11,2
"15395",1,0
"15396",2,0
"15397",1,0
"15398",2,1
"15399",3,0
"15400",8,1
"15401",2,0
"15402",6,1
"15403",2,0
"15404",1,0
"15405",2,0
"15406",4,2
"15407",4,0
"15408",1,0
"15409",1,1
"15410",10,0
"15411",4,1
"15412",1,0
"15413",5,2
"15414",3,0
"15415",1,0
"15416",7,2
"15417",1,0
"15418",2,0
"15419",1,0
"15420",6,0
"15421",10,0
"15422",7,1
"15423",3,1
"15424",3,0
"15425",4,0
"15426",9,2
"15427",3,0
"15428",4,0
"15429",2,1
"15430",2,1
"15431",1,0
"15432",2,2
"15433",2,1
"15434",11,2
"15435",1,0
"15436",3,0
"15437",2,0
"15438",1,0
"15439",4,0
"15440",3,0
"15441",3,0
"15442",1,0
"15443",14,2
"15444",2,0
"15445",2,0
"15446",3,2
"15447",5,1
"15448",2,0
"15449",3,2
"15450",1,0
"15451",2,0
"15452",6,0
"15453",7,0
"15454",2,0
"15455",1,0
"15456",10,0
"15457",1,0
"15458",2,0
"15459",2,0
"15460",1,0
"15461",2,1
"15462",4,0
"15463",1,0
"15464",1,0
"15465",32,7
"15466",4,0
"15467",3,1
"15468",3,4
"15469",3,3
"15470",1,0
"15471",3,0
"15472",1,0
"15473",8,3
"15474",1,0
"15475",1,0
"15476",4,1
"15477",1,0
"15478",3,0
"15479",1,0
"15480",5,2
"15481",1,0
"15482",19,5
"15483",10,0
"15484",6,1
"15485",7,1
"15486",1,0
"15487",1,0
"15488",5,0
"15489",8,4
"15490",1,1
"15491",6,1
"15492",2,0
"15493",9,2
"15494",5,1
"15495",1,0
"15496",1,0
"15497",9,2
"15498",44,11
"15499",1,0
"15500",4,0
"15501",2,0
"15502",14,13
"15503",2,0
"15504",4,1
"15505",5,2
"15506",6,0
"15507",1,0
"15508",6,0
"15509",1,0
"15510",1,0
"15511",5,0
"15512",4,0
"15513",35,6
"15514",18,2
"15515",1,0
"15516",3,0
"15517",1,0
"15518",15,8
"15519",2,0
"15520",1,0
"15521",16,8
"15522",2,0
"15523",16,2
"15524",2,0
"15525",4,1
"15526",2,0
"15527",23,8
"15528",1,0
"15529",12,1
"15530",5,0
"15531",2,0
"15532",10,2
"15533",3,2
"15534",1,0
"15535",6,4
"15536",1,0
"15537",1,0
"15538",6,5
"15539",1,0
"15540",2,0
"15541",1,0
"15542",3,1
"15543",2,0
"15544",20,6
"15545",2,0
"15546",2,1
"15547",26,2
"15548",1,0
"15549",8,1
"15550",12,2
"15551",7,2
"15552",2,0
"15553",1,0
"15554",1,0
"15555",36,10
"15556",1,0
"15557",1,0
"15558",1,1
"15559",1,0
"15560",2,0
"15561",8,1
"15562",3,0
"15563",7,4
"15564",2,0
"15565",2,0
"15566",2,0
"15567",1,0
"15568",3,0
"15569",10,0
"15570",25,2
"15571",14,0
"15572",10,0
"15573",5,0
"15574",6,1
"15575",1,0
"15576",1,0
"15577",5,0
"15578",1,0
"15579",5,2
"15580",8,6
"15581",38,5
"15582",3,0
"15583",1,0
"15584",6,1
"15585",1,0
"15586",3,1
"15587",7,0
"15588",1,0
"15589",3,1
"15590",5,1
"15591",3,0
"15592",1,0
"15593",1,0
"15594",5,1
"15595",1,0
"15596",9,7
"15597",2,1
"15598",2,2
"15599",3,0
"15600",4,1
"15601",30,5
"15602",16,9
"15603",2,1
"15604",1,0
"15605",9,1
"15606",17,2
"15607",9,4
"15608",5,0
"15609",1,1
"15610",1,0
"15611",26,6
"15612",2,0
"15613",1,0
"15614",4,3
"15615",47,7
"15616",1,0
"15617",3,0
"15618",4,1
"15619",1,0
"15620",4,4
"15621",4,2
"15622",17,13
"15623",8,0
"15624",4,0
"15625",9,5
"15626",3,1
"15627",2,0
"15628",17,4
"15629",4,0
"15630",3,1
"15631",1,0
"15632",8,2
"15633",13,5
"15634",2,0
"15635",1,0
"15636",4,0
"15637",5,0
"15638",6,3
"15639",3,2
"15640",29,5
"15641",12,0
"15642",1,0
"15643",3,3
"15644",4,0
"15645",3,1
"15646",5,1
"15647",1,0
"15648",2,2
"15649",4,0
"15650",2,1
"15651",5,0
"15652",5,1
"15653",2,0
"15654",2,0
"15655",1,1
"15656",4,0
"15657",1,0
"15658",8,5
"15659",3,0
"15660",15,3
"15661",8,0
"15662",2,0
"15663",1,0
"15664",4,3
"15665",5,0
"15666",2,0
"15667",1,0
"15668",1,0
"15669",4,1
"15670",2,1
"15671",7,3
"15672",1,0
"15673",9,1
"15674",13,5
"15675",4,0
"15676",3,2
"15677",3,0
"15678",3,0
"15679",4,0
"15680",10,2
"15681",14,2
"15682",2,1
"15683",2,0
"15684",3,3
"15685",1,0
"15686",1,0
"15687",9,2
"15688",1,0
"15689",3,0
"15690",2,0
"15691",4,1
"15692",1,0
"15693",1,0
"15694",24,5
"15695",4,0
"15696",13,8
"15697",1,0
"15698",1,0
"15699",1,0
"15700",2,1
"15701",4,0
"15702",2,0
"15703",1,0
"15704",6,2
"15705",1,0
"15706",4,3
"15707",4,0
"15708",9,5
"15709",2,0
"15710",1,0
"15711",2,0
"15712",12,1
"15713",4,2
"15714",5,0
"15715",5,0
"15716",11,0
"15717",5,0
"15718",1,0
"15719",31,8
"15720",2,0
"15721",1,0
"15722",11,4
"15723",4,0
"15724",3,2
"15725",1,0
"15726",1,0
"15727",15,0
"15728",2,1
"15729",3,2
"15730",5,2
"15731",1,0
"15732",10,2
"15733",1,0
"15734",4,0
"15735",1,0
"15736",2,1
"15737",8,4
"15738",41,4
"15739",1,0
"15740",1,0
"15741",2,0
"15742",1,0
"15743",4,0
"15744",1,0
"15745",4,2
"15746",1,1
"15747",9,1
"15748",3,0
"15749",3,1
"15750",18,6
"15751",11,3
"15752",9,1
"15753",1,0
"15754",9,3
"15755",17,3
"15756",4,0
"15757",6,0
"15758",1,0
"15759",7,3
"15760",2,3
"15761",1,0
"15762",2,0
"15763",2,1
"15764",8,6
"15765",1,0
"15766",3,1
"15768",34,2
"15769",46,5
"15770",1,0
"15771",3,0
"15772",1,0
"15773",2,0
"15774",6,1
"15775",2,0
"15776",1,0
"15777",7,2
"15778",1,0
"15779",2,0
"15780",3,0
"15781",3,1
"15782",4,2
"15783",1,0
"15784",2,0
"15785",16,10
"15786",5,4
"15787",3,0
"15788",1,1
"15789",6,1
"15790",1,0
"15791",5,4
"15792",2,0
"15793",8,1
"15794",2,0
"15795",8,0
"15796",17,5
"15797",6,0
"15798",3,0
"15799",4,0
"15800",7,0
"15801",3,1
"15802",1,2
"15803",4,0
"15804",13,6
"15805",30,10
"15806",3,0
"15807",5,1
"15808",21,3
"15809",7,2
"15810",8,5
"15811",7,3
"15812",12,1
"15813",2,0
"15814",6,2
"15815",5,0
"15816",2,1
"15817",3,0
"15818",1,0
"15819",10,1
"15820",1,0
"15821",2,0
"15822",6,2
"15823",3,3
"15824",2,0
"15825",1,0
"15826",4,2
"15827",28,14
"15828",1,0
"15829",2,0
"15830",1,1
"15831",3,1
"15832",1,0
"15833",1,0
"15834",7,2
"15835",4,0
"15836",1,1
"15837",2,0
"15838",34,4
"15839",3,2
"15840",2,1
"15841",9,3
"15842",2,1
"15843",1,0
"15844",1,0
"15845",11,3
"15846",1,0
"15847",5,0
"15848",1,0
"15850",6,0
"15851",1,0
"15852",3,0
"15853",1,0
"15854",21,0
"15855",6,0
"15856",52,6
"15857",2,0
"15858",13,2
"15859",1,0
"15860",17,0
"15861",12,3
"15862",13,0
"15863",5,0
"15864",7,2
"15865",5,0
"15866",1,0
"15867",31,4
"15868",1,0
"15869",3,0
"15870",4,0
"15871",1,0
"15872",4,0
"15873",4,1
"15874",21,4
"15875",1,0
"15876",2,0
"15877",2,1
"15878",2,0
"15879",4,0
"15880",1,1
"15881",5,3
"15882",8,2
"15883",2,0
"15884",2,1
"15885",15,5
"15886",4,0
"15887",3,0
"15888",3,1
"15889",8,1
"15890",5,0
"15891",1,0
"15892",1,0
"15893",1,0
"15894",2,0
"15895",1,0
"15897",2,0
"15898",25,4
"15899",1,0
"15900",4,1
"15901",7,2
"15902",1,0
"15903",12,3
"15904",1,0
"15905",1,0
"15906",10,2
"15907",3,0
"15908",2,0
"15909",1,0
"15910",15,0
"15911",8,2
"15912",9,0
"15913",1,0
"15914",2,0
"15915",1,0
"15916",13,4
"15917",5,0
"15918",3,0
"15919",2,0
"15920",9,0
"15921",4,0
"15922",1,1
"15923",1,0
"15924",1,0
"15925",1,0
"15926",1,0
"15927",1,0
"15928",1,0
"15929",1,0
"15930",1,0
"15931",1,0
"15932",8,3
"15933",3,0
"15934",2,0
"15935",2,1
"15936",2,0
"15937",1,0
"15938",9,0
"15939",16,1
"15940",1,2
"15941",1,1
"15942",1,0
"15943",2,0
"15944",4,0
"15945",4,0
"15946",3,0
"15947",1,0
"15948",3,0
"15949",2,0
"15950",10,3
"15951",3,1
"15952",4,0
"15953",18,3
"15954",1,0
"15955",22,3
"15956",2,0
"15957",3,0
"15958",4,0
"15959",3,0
"15960",4,1
"15961",1,0
"15962",1,0
"15963",2,0
"15964",1,0
"15965",13,1
"15966",1,1
"15967",12,1
"15968",1,0
"15969",5,1
"15970",2,0
"15971",18,2
"15972",5,0
"15973",3,2
"15974",7,1
"15975",1,0
"15976",6,0
"15977",2,0
"15978",3,2
"15979",1,0
"15980",7,2
"15981",21,6
"15982",1,0
"15983",8,0
"15984",30,2
"15985",7,1
"15986",2,0
"15987",8,0
"15988",3,0
"15989",2,0
"15990",7,0
"15991",1,0
"15992",3,0
"15993",7,3
"15994",3,2
"15995",1,0
"15996",7,1
"15998",16,5
"15999",1,0
"16000",3,0
"16001",1,1
"16002",1,0
"16003",10,0
"16004",5,0
"16005",10,1
"16006",2,0
"16007",7,0
"16008",15,0
"16009",4,0
"16010",11,1
"16011",29,1
"16012",5,0
"16013",84,10
"16014",5,1
"16015",3,1
"16016",11,3
"16017",5,0
"16018",4,0
"16019",27,8
"16020",3,0
"16021",2,0
"16022",1,0
"16023",3,0
"16024",3,0
"16025",1,0
"16026",1,0
"16027",15,3
"16028",1,0
"16029",107,18
"16030",1,0
"16031",2,0
"16032",6,0
"16033",27,9
"16034",6,1
"16035",1,0
"16036",4,0
"16037",5,2
"16038",3,1
"16039",2,1
"16040",7,1
"16041",3,0
"16042",8,3
"16043",8,0
"16044",1,0
"16045",8,1
"16046",1,0
"16047",1,0
"16048",4,2
"16049",6,0
"16050",3,0
"16051",1,0
"16052",1,0
"16053",6,2
"16054",4,3
"16055",1,0
"16056",1,0
"16057",10,7
"16058",1,0
"16059",12,0
"16060",3,0
"16061",1,2
"16062",8,0
"16063",1,0
"16064",1,0
"16065",8,2
"16066",5,0
"16067",3,3
"16068",1,0
"16069",1,0
"16070",2,0
"16071",4,0
"16072",4,0
"16073",1,1
"16074",1,0
"16075",2,1
"16076",10,1
"16077",1,1
"16078",2,0
"16079",3,0
"16080",4,2
"16081",8,0
"16082",1,0
"16083",4,0
"16084",1,0
"16085",12,1
"16086",10,1
"16087",5,0
"16088",2,0
"16089",2,0
"16090",1,0
"16091",2,0
"16092",6,4
"16093",1,0
"16094",11,8
"16095",1,0
"16096",4,0
"16097",1,0
"16098",14,0
"16099",7,1
"16100",1,0
"16101",4,3
"16102",3,0
"16103",22,5
"16104",9,2
"16105",5,0
"16106",1,0
"16107",7,0
"16108",4,4
"16109",3,1
"16110",4,0
"16111",1,0
"16112",4,0
"16113",1,0
"16114",1,0
"16115",12,0
"16116",1,1
"16117",3,1
"16118",1,4
"16119",8,0
"16120",6,1
"16121",5,1
"16122",6,0
"16123",1,0
"16124",4,2
"16125",14,0
"16126",15,0
"16127",2,0
"16128",11,3
"16129",3,0
"16130",4,0
"16131",12,3
"16132",2,0
"16133",56,22
"16134",5,2
"16135",2,0
"16136",4,1
"16137",1,0
"16138",3,1
"16139",5,0
"16140",3,2
"16141",2,0
"16142",1,0
"16143",12,4
"16144",1,0
"16145",19,10
"16146",4,0
"16147",5,2
"16148",2,2
"16149",3,0
"16150",10,10
"16152",1,0
"16153",11,2
"16155",5,1
"16156",20,6
"16157",3,1
"16158",9,1
"16159",4,1
"16160",2,2
"16161",43,14
"16162",1,0
"16163",6,8
"16164",3,1
"16165",1,0
"16166",2,2
"16167",5,1
"16168",66,7
"16169",4,0
"16170",20,5
"16171",1,0
"16172",8,0
"16173",6,1
"16174",7,0
"16175",7,0
"16176",4,3
"16177",8,4
"16178",2,0
"16179",1,0
"16180",13,3
"16181",1,0
"16182",9,0
"16183",4,0
"16184",6,1
"16185",3,0
"16186",26,4
"16187",15,2
"16188",5,1
"16189",2,0
"16190",8,0
"16191",24,16
"16192",1,0
"16193",2,0
"16194",1,0
"16195",1,0
"16196",1,0
"16197",9,0
"16198",2,0
"16199",7,0
"16200",12,1
"16201",5,1
"16202",9,2
"16203",6,1
"16204",3,1
"16205",7,0
"16206",13,1
"16207",1,0
"16208",10,0
"16209",9,0
"16210",35,2
"16211",3,1
"16212",4,1
"16213",1,0
"16214",4,0
"16215",1,0
"16216",1,0
"16217",2,2
"16218",13,6
"16219",1,0
"16221",9,1
"16222",2,0
"16223",2,0
"16224",5,0
"16225",15,3
"16226",5,0
"16227",3,3
"16228",3,1
"16229",6,1
"16230",2,0
"16231",4,0
"16232",7,3
"16233",9,3
"16234",3,1
"16235",9,2
"16236",1,0
"16237",1,0
"16238",1,0
"16239",6,1
"16240",2,3
"16241",16,0
"16242",14,4
"16243",2,0
"16244",2,0
"16245",3,2
"16246",2,0
"16247",1,0
"16248",1,0
"16249",5,0
"16250",3,0
"16251",1,0
"16252",1,1
"16253",7,2
"16254",3,0
"16255",15,4
"16256",3,1
"16257",1,0
"16258",15,1
"16259",3,0
"16260",1,0
"16261",6,0
"16262",1,2
"16263",1,0
"16264",2,0
"16265",12,3
"16266",14,0
"16267",1,0
"16268",2,0
"16269",1,1
"16270",1,0
"16271",10,1
"16272",1,0
"16273",2,0
"16274",1,0
"16275",3,0
"16276",3,0
"16277",1,0
"16278",3,4
"16279",9,1
"16280",1,0
"16281",3,1
"16282",3,0
"16283",8,4
"16284",3,0
"16285",1,0
"16286",2,2
"16287",5,0
"16288",1,0
"16289",1,1
"16290",4,0
"16291",1,0
"16292",5,4
"16293",15,4
"16294",1,0
"16295",4,0
"16296",4,2
"16297",1,3
"16298",7,2
"16299",1,1
"16300",3,0
"16301",1,0
"16302",1,1
"16303",7,2
"16304",1,0
"16305",1,0
"16306",7,3
"16307",3,0
"16308",7,0
"16309",2,1
"16310",2,0
"16311",2,0
"16312",1,0
"16313",2,0
"16314",3,0
"16315",2,0
"16316",13,6
"16317",5,1
"16318",1,0
"16319",1,0
"16320",6,2
"16321",7,3
"16322",2,0
"16323",2,0
"16324",3,0
"16325",12,5
"16326",24,2
"16327",16,4
"16328",1,0
"16329",4,0
"16330",7,1
"16331",6,0
"16332",11,2
"16333",22,0
"16334",1,0
"16335",7,1
"16336",4,0
"16337",1,0
"16338",1,0
"16339",1,0
"16340",3,0
"16341",7,3
"16342",4,0
"16343",3,0
"16344",4,0
"16345",2,0
"16346",1,0
"16347",11,2
"16348",8,0
"16349",1,0
"16350",9,3
"16351",13,5
"16352",2,0
"16353",38,3
"16354",5,0
"16355",1,1
"16356",6,1
"16357",4,0
"16358",5,1
"16359",16,4
"16360",6,2
"16361",4,0
"16362",6,5
"16363",1,0
"16364",2,0
"16365",15,1
"16366",4,0
"16367",3,0
"16368",3,0
"16369",7,0
"16370",4,0
"16371",1,0
"16372",5,1
"16373",2,0
"16374",5,0
"16375",2,0
"16376",2,1
"16377",2,0
"16378",3,0
"16379",4,1
"16380",1,0
"16381",2,0
"16382",2,0
"16383",7,2
"16384",4,0
"16385",5,0
"16386",3,0
"16387",5,0
"16388",1,0
"16389",4,1
"16390",3,0
"16391",4,0
"16392",3,0
"16393",23,7
"16394",5,4
"16395",14,3
"16396",1,2
"16397",1,0
"16398",2,2
"16399",3,0
"16400",9,0
"16401",23,16
"16402",2,0
"16403",1,1
"16404",1,1
"16405",2,0
"16406",3,1
"16407",14,0
"16408",1,0
"16409",12,0
"16410",1,0
"16411",4,0
"16412",5,0
"16413",2,0
"16414",5,0
"16415",3,0
"16416",9,1
"16417",1,0
"16418",5,0
"16419",8,1
"16420",1,0
"16421",3,0
"16422",109,37
"16423",1,0
"16424",2,1
"16425",1,0
"16426",10,0
"16427",2,0
"16428",3,1
"16429",1,0
"16430",7,0
"16431",3,0
"16432",1,0
"16433",2,0
"16434",12,1
"16435",3,0
"16436",3,1
"16437",2,0
"16438",5,0
"16439",1,0
"16440",6,0
"16441",5,1
"16442",5,0
"16443",1,0
"16444",17,3
"16445",4,0
"16446",2,2
"16447",3,0
"16448",2,0
"16449",2,1
"16450",3,1
"16451",3,1
"16452",2,0
"16453",2,0
"16454",4,4
"16455",11,2
"16456",13,1
"16457",1,0
"16458",30,0
"16459",1,0
"16460",3,0
"16461",3,0
"16462",3,1
"16463",4,3
"16464",3,0
"16465",2,1
"16466",15,1
"16467",7,1
"16468",3,0
"16469",5,0
"16470",11,1
"16471",4,2
"16472",2,0
"16473",4,1
"16474",7,4
"16475",4,0
"16476",1,2
"16477",11,0
"16478",3,0
"16479",2,0
"16480",1,0
"16481",1,2
"16482",1,0
"16483",1,0
"16484",2,1
"16485",5,2
"16486",1,0
"16487",2,0
"16488",3,1
"16489",2,0
"16490",1,1
"16491",2,1
"16492",1,0
"16493",7,2
"16494",1,0
"16495",3,0
"16496",6,1
"16497",23,0
"16498",2,1
"16499",8,5
"16500",9,1
"16501",1,0
"16502",2,0
"16503",11,2
"16504",1,0
"16505",1,0
"16506",2,0
"16507",1,0
"16508",1,0
"16509",1,0
"16510",6,0
"16511",6,0
"16513",4,0
"16515",10,0
"16516",1,0
"16517",1,0
"16518",4,2
"16519",4,0
"16520",6,2
"16521",3,0
"16522",2,0
"16523",28,11
"16524",2,0
"16525",48,6
"16526",2,0
"16527",2,0
"16528",1,0
"16529",4,0
"16530",1,0
"16531",11,1
"16532",5,0
"16533",3,2
"16534",1,0
"16535",3,0
"16536",1,1
"16537",1,0
"16538",3,0
"16539",10,0
"16540",1,0
"16541",1,1
"16542",2,0
"16543",1,1
"16544",4,2
"16545",2,0
"16546",5,2
"16547",1,0
"16548",1,0
"16549",34,3
"16550",18,11
"16551",7,0
"16552",2,0
"16553",33,3
"16554",8,10
"16555",6,4
"16556",17,7
"16557",2,0
"16558",38,9
"16559",1,0
"16560",8,2
"16561",2,0
"16562",1,0
"16563",6,1
"16564",1,0
"16565",4,1
"16566",5,1
"16567",2,0
"16568",2,0
"16569",5,0
"16570",20,11
"16571",10,7
"16572",3,1
"16573",2,2
"16574",3,0
"16576",2,3
"16577",1,0
"16578",1,0
"16579",1,1
"16581",1,1
"16582",1,0
"16583",2,0
"16584",5,2
"16585",2,0
"16586",3,0
"16587",1,0
"16588",4,0
"16589",4,0
"16590",2,1
"16591",1,0
"16592",28,6
"16593",8,1
"16594",1,0
"16595",5,0
"16596",4,0
"16597",1,0
"16598",1,1
"16599",1,0
"16600",13,3
"16601",3,0
"16602",2,3
"16603",2,0
"16604",2,1
"16605",1,0
"16606",2,0
"16607",25,4
"16608",2,0
"16609",7,2
"16610",1,0
"16611",6,1
"16612",9,1
"16613",1,0
"16614",3,0
"16615",1,1
"16616",2,0
"16617",1,0
"16618",5,1
"16619",4,1
"16620",6,0
"16621",4,0
"16622",1,1
"16623",4,1
"16624",2,0
"16625",5,1
"16626",17,3
"16627",1,0
"16628",7,1
"16629",2,0
"16630",1,1
"16631",7,1
"16632",2,0
"16633",6,1
"16634",6,4
"16635",1,0
"16636",4,0
"16637",4,1
"16638",15,1
"16639",4,1
"16640",1,0
"16641",2,0
"16642",3,2
"16643",2,1
"16644",2,0
"16645",1,0
"16646",1,1
"16647",4,0
"16648",3,1
"16649",1,0
"16650",7,0
"16651",1,0
"16652",16,8
"16653",2,1
"16654",8,1
"16655",13,1
"16656",30,14
"16657",4,0
"16658",6,3
"16659",1,0
"16660",7,1
"16661",4,1
"16662",1,0
"16663",1,0
"16664",1,0
"16665",1,0
"16666",2,0
"16667",2,0
"16668",13,0
"16669",3,2
"16670",20,13
"16671",3,0
"16672",20,3
"16673",1,0
"16674",2,0
"16675",2,0
"16676",6,1
"16677",2,1
"16678",12,5
"16679",3,0
"16680",3,0
"16681",7,0
"16682",5,0
"16683",1,1
"16684",55,10
"16685",2,0
"16686",16,2
"16687",1,0
"16688",4,0
"16689",2,1
"16690",4,1
"16691",2,0
"16692",4,0
"16693",5,0
"16694",1,0
"16695",2,0
"16696",4,0
"16697",1,0
"16698",2,0
"16699",7,1
"16700",25,6
"16701",26,8
"16702",4,1
"16704",2,0
"16705",42,19
"16706",3,0
"16707",4,0
"16708",1,0
"16709",14,0
"16710",22,1
"16711",9,1
"16712",13,0
"16713",32,9
"16714",4,3
"16715",2,0
"16716",3,1
"16717",14,6
"16718",5,0
"16719",14,3
"16720",3,1
"16721",1,0
"16722",22,4
"16723",4,0
"16724",1,0
"16725",14,2
"16726",7,0
"16727",4,0
"16728",4,0
"16729",21,5
"16730",3,1
"16731",1,0
"16732",4,5
"16733",1,0
"16734",3,0
"16735",14,8
"16736",5,3
"16737",2,0
"16738",1,0
"16739",2,2
"16740",1,0
"16741",1,0
"16742",14,1
"16743",14,1
"16744",7,0
"16745",17,1
"16746",42,4
"16747",2,2
"16748",14,1
"16749",2,0
"16750",5,0
"16751",1,0
"16752",1,0
"16753",1,0
"16754",29,6
"16755",7,3
"16756",7,2
"16757",2,0
"16758",1,0
"16759",3,1
"16760",1,0
"16761",1,0
"16762",3,0
"16763",2,1
"16764",13,5
"16765",2,0
"16766",2,0
"16767",15,1
"16768",9,5
"16769",4,0
"16770",9,2
"16771",10,0
"16772",3,2
"16773",3,0
"16774",8,1
"16775",16,1
"16776",2,0
"16777",5,1
"16778",2,0
"16779",53,9
"16780",3,0
"16781",2,1
"16782",38,12
"16783",1,0
"16784",5,0
"16785",1,0
"16786",1,0
"16787",4,0
"16788",5,0
"16789",1,0
"16790",6,2
"16791",15,3
"16792",5,0
"16793",1,0
"16794",15,2
"16795",3,2
"16796",1,0
"16797",5,4
"16798",3,1
"16799",2,1
"16800",1,0
"16801",4,1
"16802",2,0
"16803",1,0
"16804",3,0
"16805",5,0
"16806",4,0
"16807",6,2
"16808",2,0
"16809",9,1
"16810",2,2
"16811",2,0
"16812",4,1
"16813",10,0
"16814",36,1
"16815",2,0
"16816",4,0
"16817",13,5
"16818",11,2
"16819",2,0
"16820",1,0
"16821",1,0
"16822",1,2
"16823",7,1
"16824",3,0
"16825",5,0
"16826",1,0
"16827",5,0
"16828",2,0
"16829",2,0
"16830",4,1
"16831",1,0
"16832",5,0
"16833",6,0
"16834",2,0
"16835",6,4
"16836",4,0
"16837",11,1
"16838",4,2
"16839",44,7
"16840",2,1
"16841",12,2
"16842",3,1
"16843",35,3
"16844",2,0
"16845",1,0
"16846",3,0
"16847",2,0
"16848",4,0
"16849",1,0
"16850",1,0
"16851",3,0
"16852",2,0
"16854",2,0
"16855",2,0
"16856",3,0
"16857",1,0
"16858",10,6
"16859",7,3
"16860",3,1
"16861",5,1
"16862",4,0
"16863",3,2
"16864",2,0
"16865",1,0
"16866",3,0
"16867",1,0
"16868",3,0
"16869",4,1
"16870",1,0
"16871",6,1
"16872",6,0
"16873",12,5
"16874",1,0
"16875",11,9
"16876",1,0
"16877",6,0
"16878",1,1
"16880",8,0
"16881",1,0
"16882",3,0
"16883",19,1
"16884",4,0
"16885",4,0
"16886",1,1
"16887",3,0
"16888",3,0
"16889",6,0
"16890",3,0
"16891",11,0
"16892",7,2
"16893",2,0
"16894",3,2
"16895",5,0
"16896",1,0
"16897",2,1
"16898",5,1
"16899",8,0
"16900",3,2
"16901",1,0
"16902",1,0
"16903",3,1
"16904",21,0
"16905",17,3
"16906",7,0
"16907",9,0
"16908",1,1
"16909",1,1
"16910",8,0
"16911",2,1
"16912",15,3
"16913",3,0
"16914",1,0
"16915",11,0
"16916",4,0
"16917",2,1
"16918",16,3
"16919",24,4
"16920",1,0
"16921",3,0
"16922",1,0
"16923",32,9
"16924",3,1
"16925",1,0
"16926",5,1
"16927",3,0
"16928",29,4
"16929",7,0
"16930",3,0
"16931",23,0
"16932",3,0
"16933",9,7
"16934",6,1
"16935",3,0
"16936",2,0
"16937",1,0
"16938",9,1
"16939",3,0
"16940",8,3
"16941",1,0
"16942",9,1
"16943",5,2
"16944",1,0
"16945",33,2
"16946",5,1
"16947",5,5
"16948",7,0
"16949",6,1
"16950",10,2
"16951",3,1
"16952",5,0
"16953",1,0
"16954",20,1
"16955",6,3
"16956",1,1
"16957",2,0
"16958",1,0
"16959",1,0
"16960",8,1
"16961",3,3
"16962",1,0
"16963",1,0
"16964",2,0
"16965",1,0
"16966",7,3
"16967",1,0
"16968",2,0
"16969",3,0
"16970",1,0
"16971",1,1
"16972",2,0
"16973",1,0
"16974",2,0
"16975",3,2
"16976",1,0
"16977",4,0
"16978",3,0
"16979",9,3
"16980",3,0
"16982",1,0
"16983",11,1
"16984",9,10
"16985",23,3
"16986",11,0
"16987",11,1
"16988",2,0
"16989",6,0
"16990",2,0
"16991",1,0
"16992",13,2
"16993",2,1
"16996",9,4
"16997",3,0
"16998",5,2
"16999",2,0
"17000",2,0
"17001",19,0
"17002",7,1
"17003",4,0
"17004",4,0
"17005",2,1
"17006",8,0
"17007",7,1
"17008",1,0
"17009",1,0
"17010",1,1
"17011",3,1
"17012",1,0
"17014",3,1
"17015",3,0
"17016",1,0
"17017",29,12
"17018",6,0
"17019",11,2
"17020",2,0
"17021",6,0
"17022",2,0
"17023",3,0
"17024",3,0
"17025",5,0
"17026",3,0
"17027",9,1
"17028",3,0
"17029",7,0
"17030",1,0
"17031",6,0
"17032",8,5
"17033",4,0
"17034",5,2
"17035",4,1
"17036",1,0
"17037",1,1
"17038",2,0
"17039",1,0
"17040",2,0
"17041",6,1
"17042",5,0
"17043",8,0
"17044",12,4
"17045",5,0
"17046",5,0
"17047",6,0
"17048",7,4
"17049",19,6
"17050",11,1
"17051",4,0
"17052",1,0
"17053",1,1
"17054",5,1
"17055",1,0
"17056",1,0
"17057",1,0
"17058",3,0
"17059",9,1
"17060",1,0
"17061",11,1
"17062",6,1
"17063",13,10
"17064",3,0
"17065",2,1
"17066",1,0
"17067",3,0
"17068",47,2
"17069",14,7
"17070",2,0
"17071",13,7
"17072",1,0
"17073",4,0
"17074",1,0
"17075",10,1
"17076",6,0
"17077",1,0
"17078",2,0
"17079",1,0
"17080",7,1
"17081",6,0
"17082",6,0
"17083",9,2
"17084",3,1
"17085",28,4
"17086",6,0
"17087",1,0
"17088",4,0
"17089",1,0
"17090",13,2
"17091",19,4
"17092",11,3
"17093",1,0
"17094",2,1
"17095",7,5
"17096",11,6
"17097",9,1
"17098",3,0
"17099",1,0
"17100",2,0
"17101",7,0
"17102",1,0
"17103",1,0
"17104",1,0
"17105",2,0
"17106",1,0
"17107",10,3
"17108",1,0
"17109",8,2
"17110",3,0
"17111",2,0
"17112",1,0
"17113",6,2
"17114",8,2
"17115",7,6
"17116",1,0
"17117",1,0
"17118",1,0
"17119",2,1
"17120",1,0
"17121",1,0
"17122",4,0
"17123",3,0
"17124",1,0
"17125",1,0
"17126",9,2
"17127",5,0
"17128",1,0
"17129",1,0
"17131",5,0
"17132",2,0
"17133",12,1
"17134",3,0
"17135",10,1
"17136",1,0
"17137",6,0
"17138",7,0
"17139",25,4
"17140",1,0
"17141",4,0
"17142",4,0
"17143",2,0
"17144",2,0
"17145",4,3
"17146",13,3
"17147",9,7
"17148",1,0
"17149",1,0
"17150",6,0
"17151",1,0
"17152",4,1
"17153",1,0
"17154",1,0
"17155",7,0
"17156",1,1
"17157",19,1
"17158",5,1
"17159",5,1
"17160",17,1
"17161",1,0
"17162",10,1
"17163",4,0
"17164",7,1
"17165",6,2
"17166",2,1
"17167",3,0
"17168",1,0
"17169",3,3
"17170",2,1
"17171",2,0
"17172",3,3
"17173",8,1
"17174",1,0
"17175",4,1
"17176",3,0
"17177",1,0
"17178",1,0
"17179",6,0
"17180",11,3
"17181",3,0
"17182",2,0
"17183",6,2
"17184",2,0
"17185",3,0
"17186",2,0
"17187",2,0
"17188",13,4
"17189",5,0
"17190",7,1
"17191",15,1
"17192",1,0
"17193",9,3
"17194",3,0
"17195",1,0
"17196",1,0
"17197",1,0
"17198",3,0
"17199",1,0
"17200",4,0
"17201",4,1
"17202",1,0
"17203",10,0
"17204",9,6
"17205",3,0
"17206",1,0
"17207",1,0
"17208",1,0
"17209",3,0
"17210",1,0
"17211",13,2
"17212",3,0
"17213",13,7
"17214",6,1
"17215",1,0
"17216",1,0
"17217",2,0
"17218",18,0
"17219",2,0
"17220",21,0
"17221",5,0
"17222",6,0
"17223",3,0
"17224",1,0
"17225",1,0
"17226",3,0
"17227",12,0
"17228",13,0
"17229",2,0
"17230",18,5
"17231",25,10
"17232",2,0
"17233",3,0
"17234",1,0
"17235",8,0
"17236",12,0
"17237",4,0
"17238",32,0
"17239",4,2
"17240",1,0
"17241",12,0
"17242",5,0
"17243",69,11
"17244",5,0
"17245",2,0
"17246",2,0
"17247",1,0
"17248",2,0
"17249",1,0
"17250",2,0
"17251",3,1
"17252",2,0
"17253",1,0
"17254",3,0
"17255",4,0
"17256",5,0
"17257",2,0
"17258",2,0
"17259",6,0
"17260",1,0
"17261",1,0
"17262",11,0
"17263",1,0
"17264",1,0
"17265",2,0
"17266",5,0
"17267",2,0
"17268",11,0
"17269",1,0
"17270",2,0
"17271",1,0
"17272",4,1
"17273",1,0
"17274",2,0
"17275",1,0
"17276",1,1
"17277",2,0
"17278",2,0
"17279",1,0
"17280",1,0
"17281",6,0
"17282",5,0
"17283",1,0
"17284",8,3
"17285",2,0
"17286",3,0
"17287",21,2
"17288",11,0
"17289",9,2
"17290",8,0
"17291",1,0
"17292",2,0
"17293",17,0
"17294",2,0
"17295",3,0
"17296",1,0
"17297",1,0
"17298",5,1
"17299",6,0
"17300",2,0
"17301",2,0
"17302",5,1
"17303",1,0
"17304",1,0
"17305",1,0
"17306",21,2
"17307",11,4
"17308",2,0
"17309",3,0
"17310",2,0
"17311",6,1
"17312",3,0
"17313",1,1
"17314",17,5
"17315",43,6
"17316",1,0
"17317",3,2
"17318",1,0
"17319",1,0
"17320",6,0
"17321",6,0
"17322",5,2
"17323",12,2
"17324",12,1
"17325",3,0
"17326",2,0
"17327",2,0
"17328",1,0
"17329",5,0
"17330",4,0
"17331",1,0
"17332",5,0
"17333",1,0
"17334",3,1
"17335",2,0
"17336",1,0
"17337",4,3
"17338",17,3
"17339",3,1
"17340",18,12
"17341",5,0
"17342",4,3
"17343",6,0
"17344",2,1
"17345",10,2
"17346",26,1
"17347",1,0
"17348",9,0
"17349",5,0
"17350",7,1
"17351",12,0
"17352",1,0
"17353",4,3
"17354",4,0
"17355",1,0
"17356",5,0
"17357",2,0
"17358",5,0
"17359",2,0
"17360",6,1
"17361",5,0
"17362",7,1
"17363",3,0
"17364",28,3
"17365",15,1
"17366",2,1
"17367",1,0
"17368",14,2
"17369",1,0
"17370",4,0
"17371",6,0
"17372",28,3
"17373",7,0
"17374",3,1
"17375",4,1
"17376",4,0
"17377",78,13
"17378",1,1
"17379",1,0
"17380",3,1
"17381",38,1
"17382",8,0
"17383",2,0
"17384",3,0
"17385",1,0
"17386",7,0
"17387",2,0
"17388",11,0
"17389",61,16
"17390",1,0
"17391",2,0
"17392",3,0
"17393",2,0
"17394",1,0
"17395",1,0
"17396",14,2
"17397",3,0
"17398",3,0
"17400",8,0
"17401",1,0
"17402",23,3
"17403",2,0
"17404",23,5
"17405",3,2
"17406",13,5
"17407",1,0
"17408",3,1
"17409",10,0
"17410",5,0
"17411",5,4
"17412",16,3
"17413",2,0
"17414",6,0
"17415",1,0
"17416",22,3
"17417",1,0
"17418",3,0
"17419",18,2
"17420",6,2
"17421",3,0
"17422",11,9
"17423",3,2
"17425",2,0
"17426",13,4
"17427",1,0
"17428",45,6
"17429",5,2
"17430",4,0
"17431",1,0
"17432",9,0
"17433",2,0
"17434",7,2
"17435",1,0
"17436",5,2
"17437",1,0
"17438",5,1
"17439",1,0
"17440",4,2
"17441",1,0
"17442",15,8
"17443",1,0
"17444",3,0
"17446",2,0
"17447",2,0
"17448",46,8
"17449",13,1
"17450",51,10
"17451",7,3
"17453",2,0
"17454",10,1
"17455",1,0
"17456",2,0
"17457",14,4
"17458",2,0
"17459",2,0
"17460",16,5
"17461",3,0
"17462",2,1
"17463",7,2
"17464",3,1
"17465",7,2
"17466",2,0
"17467",1,0
"17468",3,0
"17469",17,5
"17470",11,0
"17471",1,0
"17472",4,0
"17473",2,1
"17474",1,0
"17475",1,0
"17476",2,2
"17477",2,3
"17478",2,0
"17479",1,0
"17480",2,1
"17481",4,1
"17482",2,0
"17483",4,0
"17484",2,0
"17486",1,0
"17487",1,0
"17488",1,0
"17489",2,0
"17490",9,4
"17491",17,1
"17492",3,0
"17493",1,0
"17494",1,0
"17495",3,1
"17496",4,1
"17497",2,0
"17498",1,0
"17499",2,1
"17500",3,0
"17501",2,0
"17502",4,0
"17503",2,0
"17504",18,1
"17505",5,0
"17506",1,1
"17507",2,0
"17508",8,1
"17509",8,3
"17510",2,0
"17511",60,25
"17512",18,2
"17513",3,0
"17514",2,0
"17515",9,0
"17516",6,0
"17517",1,0
"17518",2,0
"17519",15,2
"17520",1,0
"17521",5,1
"17522",5,0
"17523",4,0
"17524",3,1
"17525",3,0
"17526",12,4
"17527",4,2
"17528",8,3
"17529",2,0
"17530",12,1
"17531",3,6
"17532",1,0
"17533",1,0
"17534",5,0
"17535",1,0
"17536",3,0
"17537",2,0
"17538",1,0
"17539",4,3
"17540",6,1
"17541",1,0
"17542",3,0
"17543",1,0
"17544",3,0
"17545",6,0
"17547",2,2
"17548",4,2
"17549",2,0
"17550",9,1
"17551",1,0
"17552",12,4
"17553",4,0
"17554",5,0
"17555",5,0
"17556",2,0
"17557",4,0
"17558",1,0
"17559",1,0
"17560",9,0
"17561",4,0
"17562",7,1
"17563",2,3
"17564",3,0
"17565",1,0
"17566",2,0
"17567",9,2
"17568",1,0
"17569",1,0
"17570",1,1
"17571",5,0
"17572",10,0
"17573",3,1
"17574",1,0
"17575",1,0
"17576",41,4
"17577",2,0
"17578",7,3
"17579",4,1
"17580",5,0
"17581",43,10
"17582",5,1
"17583",1,0
"17584",6,1
"17585",7,0
"17586",1,0
"17587",1,0
"17588",7,2
"17589",18,3
"17590",3,0
"17591",8,1
"17592",1,1
"17593",11,4
"17594",4,0
"17595",2,0
"17596",13,1
"17597",5,2
"17598",1,0
"17599",1,2
"17600",1,0
"17601",2,0
"17602",14,4
"17603",4,7
"17604",6,0
"17605",1,0
"17606",1,0
"17607",1,0
"17608",4,0
"17609",11,3
"17610",5,3
"17611",28,7
"17612",18,14
"17613",14,3
"17614",1,0
"17615",6,1
"17616",4,0
"17617",1,1
"17618",11,2
"17619",1,0
"17620",1,0
"17621",6,2
"17622",2,1
"17623",7,0
"17624",4,0
"17625",8,0
"17626",1,0
"17627",1,1
"17628",1,0
"17629",10,1
"17630",2,0
"17631",7,0
"17633",7,2
"17634",9,0
"17635",3,1
"17636",1,1
"17637",2,0
"17638",2,0
"17639",6,0
"17640",6,2
"17642",5,0
"17643",2,0
"17644",20,8
"17646",12,4
"17647",3,0
"17648",5,1
"17649",3,2
"17650",1,0
"17651",16,6
"17652",12,6
"17653",4,1
"17654",1,0
"17655",9,1
"17656",5,0
"17657",1,0
"17658",2,1
"17659",14,3
"17660",2,0
"17662",2,0
"17663",17,6
"17664",4,0
"17665",1,0
"17666",5,0
"17667",9,3
"17668",2,0
"17669",10,0
"17670",1,0
"17671",5,2
"17672",7,2
"17673",13,2
"17674",2,0
"17675",70,20
"17676",10,3
"17677",54,37
"17678",2,1
"17679",7,4
"17680",3,1
"17681",5,1
"17682",11,1
"17683",3,0
"17684",1,0
"17685",12,2
"17686",9,0
"17687",1,0
"17688",1,1
"17689",2,0
"17690",20,1
"17691",4,1
"17692",12,2
"17693",1,2
"17694",3,0
"17695",5,1
"17696",27,21
"17697",1,0
"17698",1,0
"17699",2,0
"17700",14,3
"17701",1,0
"17702",6,3
"17703",4,0
"17704",2,0
"17705",11,1
"17706",31,12
"17707",8,1
"17708",4,0
"17709",5,0
"17710",1,0
"17711",2,0
"17712",1,0
"17713",4,0
"17714",5,4
"17715",2,0
"17716",24,3
"17717",1,0
"17718",2,1
"17719",15,3
"17720",10,2
"17721",1,0
"17722",5,2
"17723",7,0
"17724",3,1
"17725",11,3
"17726",7,1
"17727",1,1
"17728",5,3
"17729",1,0
"17730",20,3
"17731",6,1
"17732",8,2
"17733",2,0
"17734",6,0
"17735",26,3
"17736",3,1
"17737",2,0
"17738",13,2
"17739",18,2
"17740",6,0
"17741",2,0
"17742",11,0
"17743",1,1
"17744",7,1
"17745",2,0
"17746",4,3
"17747",1,1
"17748",1,0
"17749",3,0
"17750",9,0
"17751",1,0
"17752",1,0
"17753",4,1
"17754",13,3
"17756",3,0
"17757",56,4
"17758",12,0
"17759",5,0
"17760",6,1
"17761",1,0
"17762",1,0
"17763",4,1
"17764",5,0
"17765",4,0
"17766",2,0
"17767",2,0
"17768",7,1
"17769",17,4
"17770",5,0
"17771",4,0
"17772",3,0
"17773",2,0
"17774",9,4
"17775",1,0
"17776",2,1
"17777",3,0
"17778",1,0
"17779",3,2
"17780",3,0
"17781",2,0
"17782",2,0
"17783",3,0
"17784",1,0
"17785",3,0
"17786",2,0
"17787",4,0
"17788",2,0
"17789",2,0
"17790",20,0
"17791",1,0
"17792",2,0
"17793",1,0
"17794",2,0
"17795",2,0
"17796",7,0
"17797",8,0
"17798",1,0
"17799",20,3
"17800",9,0
"17801",3,1
"17802",10,6
"17803",1,0
"17804",3,1
"17805",2,0
"17806",1,0
"17807",3,0
"17808",4,0
"17809",20,4
"17810",2,1
"17811",47,13
"17812",7,0
"17813",5,2
"17814",2,0
"17815",1,0
"17816",6,0
"17817",6,1
"17818",1,0
"17819",12,1
"17820",1,2
"17821",1,0
"17822",5,0
"17823",2,0
"17824",1,0
"17825",4,0
"17826",1,0
"17827",6,1
"17828",4,5
"17829",5,1
"17830",3,0
"17831",1,0
"17832",1,0
"17833",1,0
"17834",2,0
"17835",3,0
"17836",1,0
"17837",8,2
"17838",13,2
"17839",1,0
"17840",1,0
"17841",211,78
"17842",1,0
"17843",2,0
"17844",1,0
"17845",4,0
"17846",1,0
"17847",2,0
"17848",30,1
"17849",8,0
"17850",155,4
"17851",6,0
"17852",5,0
"17853",3,0
"17854",6,0
"17855",1,0
"17856",4,2
"17857",24,2
"17858",30,2
"17859",1,0
"17860",4,0
"17861",18,4
"17862",4,0
"17863",12,0
"17864",5,0
"17865",46,16
"17866",3,1
"17867",15,5
"17868",1,0
"17869",7,0
"17870",13,1
"17871",5,0
"17872",1,0
"17873",18,2
"17874",6,1
"17875",1,0
"17876",3,0
"17877",1,0
"17878",3,0
"17879",1,0
"17880",3,0
"17881",1,0
"17882",2,0
"17883",7,1
"17884",20,3
"17885",1,0
"17886",6,1
"17887",1,0
"17888",25,6
"17889",7,0
"17890",2,0
"17891",1,0
"17892",3,0
"17893",1,0
"17894",18,2
"17895",1,0
"17896",1,0
"17897",9,1
"17898",4,0
"17899",1,0
"17900",2,2
"17901",3,0
"17902",1,0
"17903",1,0
"17904",1,1
"17905",13,1
"17906",1,0
"17907",1,0
"17908",5,2
"17909",1,0
"17910",1,0
"17911",1,0
"17912",6,1
"17913",14,0
"17914",1,0
"17915",1,0
"17916",2,0
"17917",3,0
"17918",3,0
"17919",2,0
"17920",54,2
"17921",10,2
"17922",1,0
"17923",3,0
"17924",8,6
"17925",1,0
"17926",5,0
"17927",1,0
"17928",3,0
"17929",12,1
"17930",13,2
"17931",14,4
"17932",3,0
"17933",1,0
"17934",3,0
"17935",7,1
"17936",1,0
"17937",7,0
"17938",1,0
"17939",1,0
"17940",16,6
"17941",4,0
"17942",1,0
"17944",1,0
"17945",3,0
"17946",2,0
"17947",1,0
"17948",1,0
"17949",118,20
"17950",7,1
"17951",4,1
"17952",4,0
"17953",1,0
"17954",19,7
"17955",6,0
"17956",1,0
"17957",1,0
"17958",2,0
"17959",1,0
"17960",3,0
"17961",100,2
"17962",4,1
"17963",4,0
"17964",2,0
"17965",29,4
"17966",10,0
"17967",2,0
"17968",4,0
"17969",20,7
"17970",1,0
"17971",1,0
"17972",1,0
"17973",1,0
"17974",6,0
"17975",24,2
"17976",1,0
"17977",2,1
"17978",4,0
"17979",4,1
"17980",4,0
"17981",1,0
"17982",1,0
"17983",1,0
"17984",5,0
"17985",1,0
"17986",1,0
"17987",5,1
"17988",14,1
"17989",1,0
"17990",6,1
"17991",3,0
"17992",1,0
"17993",1,0
"17994",11,3
"17995",3,0
"17996",3,0
"17997",8,4
"17998",3,1
"17999",3,0
"18000",1,0
"18001",6,0
"18002",4,0
"18003",1,0
"18004",1,0
"18005",2,0
"18006",4,0
"18007",1,0
"18008",23,0
"18009",8,6
"18010",1,0
"18011",2,0
"18012",1,0
"18013",2,0
"18014",1,0
"18015",1,0
"18016",7,0
"18017",4,0
"18018",4,1
"18019",1,0
"18020",1,1
"18021",2,0
"18022",5,0
"18024",2,1
"18025",6,0
"18026",2,0
"18027",1,0
"18028",1,0
"18029",1,0
"18030",2,1
"18031",1,0
"18032",1,0
"18033",1,0
"18034",3,0
"18035",5,0
"18036",11,0
"18037",15,0
"18038",1,0
"18039",4,0
"18040",2,0
"18041",38,2
"18042",2,0
"18043",3,0
"18044",18,1
"18045",1,0
"18046",1,0
"18047",2,0
"18048",3,0
"18049",2,0
"18050",2,0
"18051",7,1
"18052",1,0
"18053",3,3
"18054",1,0
"18055",14,1
"18056",2,1
"18057",3,0
"18058",3,0
"18059",3,1
"18060",2,0
"18061",28,1
"18062",6,3
"18063",2,0
"18064",11,4
"18065",29,3
"18066",3,0
"18067",1,0
"18068",1,0
"18069",11,2
"18070",1,1
"18071",6,0
"18072",1,1
"18073",12,1
"18074",2,0
"18075",20,11
"18076",1,0
"18077",18,0
"18078",4,0
"18079",5,0
"18080",2,0
"18081",3,0
"18082",1,0
"18083",1,0
"18084",3,2
"18085",4,0
"18086",1,0
"18087",17,4
"18088",1,0
"18089",1,0
"18090",1,0
"18091",1,0
"18092",18,2
"18093",8,1
"18094",13,2
"18095",5,0
"18096",6,0
"18097",11,3
"18098",1,0
"18099",1,0
"18100",1,0
"18101",5,0
"18102",145,8
"18103",1,0
"18104",1,0
"18105",1,0
"18106",6,0
"18107",1,0
"18108",3,1
"18109",38,7
"18110",2,1
"18111",1,1
"18112",4,0
"18113",1,0
"18114",1,0
"18115",1,0
"18116",13,0
"18117",1,0
"18118",29,6
"18119",1,0
"18120",1,0
"18121",2,0
"18122",6,0
"18123",3,0
"18124",1,0
"18125",4,1
"18126",1,0
"18127",4,0
"18128",1,0
"18129",1,0
"18130",3,1
"18131",1,0
"18132",1,0
"18133",1,1
"18134",2,0
"18135",10,3
"18136",5,4
"18137",2,0
"18138",1,0
"18139",6,2
"18140",1,0
"18141",2,2
"18142",2,2
"18143",2,0
"18144",19,0
"18145",11,1
"18146",2,0
"18147",2,0
"18148",1,0
"18149",7,0
"18150",3,0
"18151",6,1
"18152",1,0
"18153",1,0
"18154",5,0
"18155",3,1
"18156",2,0
"18157",1,0
"18158",2,1
"18159",1,0
"18160",3,0
"18161",6,1
"18162",1,0
"18163",1,1
"18164",1,1
"18165",1,0
"18166",1,0
"18167",3,3
"18168",16,6
"18169",1,0
"18170",9,0
"18171",9,2
"18172",52,11
"18173",5,0
"18174",2,0
"18175",1,0
"18176",1,1
"18177",9,1
"18178",11,4
"18179",8,0
"18180",6,0
"18181",5,2
"18182",1,0
"18183",2,4
"18184",1,0
"18185",1,0
"18186",1,0
"18187",1,2
"18188",6,2
"18189",3,2
"18190",5,1
"18191",2,0
"18192",1,0
"18193",3,2
"18194",6,1
"18195",1,0
"18196",4,0
"18197",1,1
"18198",17,4
"18199",1,1
"18200",1,0
"18201",1,0
"18202",3,0
"18203",4,0
"18204",3,1
"18205",2,0
"18206",1,0
"18207",1,2
"18208",1,0
"18209",1,0
"18210",7,0
"18211",5,0
"18212",2,0
"18213",1,0
"18214",4,1
"18215",5,1
"18216",1,0
"18217",4,2
"18218",4,2
"18219",17,2
"18220",6,5
"18221",6,2
"18222",1,0
"18223",26,26
"18224",1,0
"18225",26,8
"18226",26,12
"18227",2,1
"18228",2,1
"18229",28,0
"18230",9,3
"18231",28,2
"18232",4,1
"18233",1,0
"18234",1,0
"18235",3,0
"18236",12,0
"18237",5,0
"18238",1,0
"18239",6,0
"18240",1,0
"18241",21,2
"18242",8,0
"18243",1,0
"18244",2,0
"18245",20,3
"18246",3,0
"18247",3,3
"18248",2,2
"18249",1,0
"18250",1,1
"18251",9,0
"18252",7,1
"18253",1,0
"18254",1,0
"18255",2,0
"18256",1,1
"18257",12,6
"18258",6,2
"18259",7,0
"18260",23,9
"18261",2,0
"18262",3,0
"18263",3,1
"18264",1,0
"18265",2,0
"18266",1,0
"18267",1,1
"18268",6,2
"18269",1,1
"18270",3,1
"18271",2,0
"18272",9,2
"18273",4,0
"18274",1,1
"18275",2,0
"18276",6,4
"18277",5,3
"18278",2,0
"18279",1,0
"18280",2,1
"18281",2,0
"18282",2,1
"18283",22,0
"18284",1,1
"18285",1,0
"18286",2,1
"18287",7,1
