"customer_id","monetary_net"
"18102",570380.61
"14646",523342.07
"14156",296063.44
"14911",265757.91
"17450",231390.55
"13694",190020.84
"17511",168491.62
"12415",143269.29
"16684",141502.25
"15061",124961.98
"15311",111739.36
"13089",109893.24
"17949",97581.59
"14298",90489.31
"16029",89705.47
"15769",84177.58
"13798",73166.92
"15838",72727.41
"12931",71299.67
"17841",67186.87
"14088",62400.02
"16422",59379.94
"14096",57120.91
"13081",55961.37
"17389",54577.68
"16754",54558.18
"13093",53274.33
"14680",53080.02
"16013",51420.92
"17850",50407.77
"13408",49315.02
"13777",49218.41
"12748",46933.33
"17404",46006.82
"13881",44392.50
"16705",42653.14
"15039",38853.04
"12471",37920.01
"17675",37064.32
"17381",36395.47
"14031",36048.26
"17677",34232.18
"12921",33951.65
"12678",33851.13
"16210",33565.52
"13767",33480.82
"16779",32522.40
"15856",31873.05
"14258",31027.35
"17428",30885.06
"13902",30411.26
"12681",29518.24
"12709",29511.03
"14606",29197.59
"13098",28658.88
"13078",28369.44
"17857",27231.34
"17940",26873.62
"16333",26626.80
"18251",26278.86
"15513",25950.95
"12731",25673.21
"17865",25586.85
"13802",25491.56
"14062",25416.28
"14527",25285.91
"12939",25264.80
"14895",24488.82
"12621",24114.70
"13001",24006.60
"17920",23575.23
"15640",23375.09
"12409",23090.47
"15498",23075.09
"16525",22919.40
"12682",22862.12
"16133",22228.88
"12540",22107.29
"13340",22100.56
"15159",22049.40
"12482",21893.53
"15749",21535.90
"14051",21441.48
"15615",21282.07
"12753",21024.01
"13319",20974.96
"14866",20554.09
"16839",20416.03
"14667",20188.79
"12477",20173.64
"15251",20095.60
"17243",20022.93
"18008",19759.08
"16843",19528.78
"17139",19473.91
"17706",19066.07
"17340",18891.89
"14194",18442.87
"14607",18371.06
"12357",18287.66
"12557",18096.14
"16746",18012.20
"17581",17440.89
"14952",17347.25
"16652",17312.83
"18172",17289.23
"17416",17221.47
"17377",17176.27
"15523",17119.24
"15078",17101.37
"15189",17101.13
"13027",17052.00
"15808",17038.95
"12647",16713.99
"17735",16707.98
"12433",16641.74
"16019",16503.46
"16553",16500.12
"14961",16328.90
"16656",16307.72
"12901",16293.10
"13113",16236.44
"15358",16213.65
"16180",16170.27
"15125",16124.33
"13199",15936.30
"12980",15909.39
"13225",15879.27
"17716",15671.32
"15044",15661.35
"17107",15595.37
"12472",15447.69
"14769",15438.90
"12949",15391.00
"15768",15267.26
"12971",15214.55
"14849",15186.60
"16191",15151.92
"13564",15036.14
"18092",14687.47
"16126",14644.60
"16873",14547.03
"18087",14411.62
"14733",14200.78
"15601",14150.84
"13488",14131.81
"12714",14093.71
"13178",13997.89
"16713",13943.36
"12435",13925.93
"17589",13692.89
"12476",13684.12
"15382",13646.50
"18223",13497.58
"12583",13489.04
"15005",13412.90
"13629",13370.86
"12744",13158.16
"16558",13149.56
"15291",13122.44
"15093",13034.15
"15738",13015.42
"17133",12972.09
"14110",12957.60
"14049",12848.40
"12989",12846.80
"13969",12820.36
"13097",12796.61
"13952",12790.89
"13090",12759.93
"16549",12759.25
"13316",12656.18
"18225",12643.25
"13668",12607.68
"14299",12607.53
"16923",12572.15
"12451",12546.53
"13468",12494.38
"17858",12444.30
"12437",12394.85
"16000",12393.70
"14936",12378.46
"14040",12336.08
"16161",12236.22
"12481",12041.15
"15144",12006.51
"12474",11948.75
"16814",11916.35
"14735",11909.71
"14543",11905.71
"13687",11880.84
"17044",11867.60
"13458",11850.62
"13854",11848.81
"16258",11833.52
"14415",11803.62
"17338",11783.33
"15194",11781.52
"16523",11760.54
"18226",11748.58
"15465",11670.90
"14505",11596.04
"17364",11587.05
"14739",11555.69
"12705",11554.00
"15023",11500.16
"13050",11464.43
"12567",11451.44
"15218",11408.26
"14016",11379.71
"12683",11355.52
"12668",11319.06
"13418",11242.22
"13576",11167.00
"13004",11143.99
"15874",11135.00
"14134",11123.35
"13102",11123.30
"14426",11103.97
"12524",11091.36
"13013",11073.48
"18052",10877.18
"15555",10875.64
"16985",10545.76
"15032",10515.05
"16033",10465.07
"13324",10421.37
"15290",10355.58
"12431",10293.66
"16168",10263.28
"15296",10204.13
"17160",10201.36
"14422",10200.92
"16984",10195.15
"17448",10162.38
"18229",10150.51
"16327",10133.82
"15719",10118.87
"18055",10110.59
"15547",10043.55
"13985",9982.31
"14796",9972.76
"16182",9971.65
"14101",9942.13
"13680",9899.56
"16131",9866.27
"12590",9853.48
"14755",9851.45
"13941",9826.63
"12490",9818.64
"14828",9803.46
"16353",9781.93
"12758",9779.00
"17306",9751.77
"13018",9742.81
"18260",9737.10
"15694",9734.13
"14085",9707.92
"14329",9695.92
"14944",9674.92
"15805",9668.62
"16701",9614.59
"17049",9588.83
"16782",9552.62
"14091",9530.08
"12839",9525.22
"17315",9507.53
"12539",9498.90
"14439",9443.04
"13999",9438.01
"13599",9433.75
"13735",9422.36
"18109",9416.41
"15727",9371.71
"17811",9358.53
"14045",9334.23
"15981",9268.07
"17809",9247.35
"17504",9238.42
"13267",9197.66
"17230",9159.45
"15249",9147.15
"14367",9134.12
"13162",9116.94
"16709",9056.01
"15939",9047.64
"13327",8996.03
"17757",8994.44
"15150",8967.44
"17068",8953.03
"14292",8887.90
"14060",8882.30
"12766",8877.14
"14709",8866.48
"15903",8859.82
"15867",8834.20
"14135",8800.80
"13555",8798.99
"12747",8786.53
"16532",8756.64
"16700",8747.12
"15260",8677.88
"16186",8676.23
"13263",8676.20
"15570",8672.44
"12359",8652.34
"15497",8643.46
"12957",8628.42
"13756",8595.65
"16550",8556.82
"13758",8544.29
"17576",8540.80
"16945",8530.66
"12798",8510.93
"13269",8507.01
"13209",8438.06
"14160",8421.47
"14286",8396.70
"18139",8393.22
"15786",8379.65
"13069",8348.79
"15281",8317.62
"15984",8304.82
"17686",8296.81
"14676",8285.49
"14057",8276.10
"12637",8215.16
"13206",8211.00
"14146",8208.87
"15034",8200.25
"13139",8193.83
"15998",8186.19
"13381",8185.02
"17396",8177.10
"17611",8170.93
"16722",8168.31
"17365",8165.34
"13715",8108.09
"13047",8100.09
"16672",8093.59
"13426",8076.76
"15502",8069.33
"14056",8062.46
"15955",8050.23
"17593",8040.52
"13148",7999.61
"13869",7996.87
"13174",7995.36
"15298",7958.43
"16767",7954.76
"13448",7952.81
"18041",7936.04
"15482",7932.63
"14525",7915.71
"12380",7888.00
"12428",7877.20
"14291",7844.40
"12643",7835.30
"16303",7823.72
"13871",7804.95
"17409",7793.51
"16670",7786.66
"15544",7779.58
"12867",7778.66
"17730",7757.35
"14395",7754.73
"17739",7718.14
"17085",7713.67
"16592",7624.46
"16556",7610.23
"17426",7606.37
"13373",7587.19
"12720",7574.49
"13137",7541.61
"13141",7524.13
"14159",7494.67
"13709",7492.41
"17091",7462.15
"15179",7426.82
"14030",7405.10
"15046",7394.78
"17696",7380.89
"16242",7370.50
"14175",7350.44
"17238",7331.67
"13534",7324.50
"15622",7318.08
"13815",7285.79
"13082",7268.92
"14282",7245.76
"15270",7241.19
"17602",7240.73
"16253",7238.96
"14092",7215.64
"14841",7163.00
"16745",7157.10
"14243",7152.06
"16729",7041.69
"13451",7019.11
"13183",7010.88
"14145",7006.05
"17231",6958.83
"17690",6954.30
"17769",6944.96
"16265",6893.62
"17965",6883.45
"15950",6878.71
"15301",6867.44
"15129",6860.18
"16570",6841.82
"16187",6841.24
"14800",6832.60
"18231",6821.37
"16170",6813.67
"12841",6808.00
"12830",6748.40
"14401",6703.40
"16497",6695.28
"16145",6693.60
"13993",6690.36
"12417",6688.71
"14844",6688.43
"12662",6687.69
"14688",6666.93
"15521",6665.99
"14461",6661.01
"17001",6640.80
"17700",6640.72
"13953",6640.68
"13983",6638.85
"13384",6635.09
"16401",6628.99
"17975",6595.18
"13552",6588.63
"12613",6573.82
"15321",6573.40
"13831",6571.14
"17017",6553.79
"12712",6521.78
"12836",6520.58
"14855",6520.30
"14221",6506.59
"12823",6501.50
"15980",6496.28
"13015",6459.08
"12626",6388.35
"16655",6388.16
"13520",6377.25
"12356",6371.73
"15750",6362.60
"13883",6342.74
"12843",6340.56
"12749",6328.49
"14227",6327.31
"13394",6323.88
"18094",6322.62
"12656",6320.78
"14702",6310.28
"13654",6308.00
"14562",6308.00
"14766",6301.88
"14388",6289.95
"12484",6287.80
"13590",6284.74
"12913",6283.24
"14154",6263.60
"14004",6258.45
"16940",6245.41
"18245",6236.23
"15674",6217.85
"13615",6212.23
"12497",6211.75
"15673",6199.37
"13334",6195.05
"16938",6162.11
"12779",6158.60
"18118",6157.87
"14113",6156.75
"12429",6154.01
"17669",6142.35
"17799",6121.78
"13935",6116.92
"14852",6108.88
"17419",6100.65
"13136",6097.90
"14390",6079.48
"13230",6076.45
"18061",6075.31
"12406",6072.21
"17509",6069.24
"13317",6068.53
"18178",6054.49
"12664",6052.04
"14560",6050.44
"16954",6037.33
"16103",6002.76
"16717",5987.41
"17873",5979.01
"17625",5978.90
"17819",5977.25
"12835",5972.19
"14530",5968.62
"13266",5965.30
"14918",5955.81
"15372",5954.42
"14257",5942.00
"15755",5936.95
"16156",5923.39
"14180",5909.00
"16710",5908.60
"12455",5879.95
"12500",5872.31
"14440",5870.13
"17644",5864.54
"18065",5836.88
"15785",5825.33
"14535",5815.13
"17457",5799.01
"17146",5788.39
"13658",5772.07
"12910",5747.02
"13771",5726.07
"17672",5707.08
"14105",5703.98
"14534",5702.97
"16458",5690.89
"13870",5689.84
"14099",5685.71
"16279",5685.38
"13157",5667.71
"16409",5652.74
"12727",5646.53
"17491",5636.72
"17651",5632.59
"13722",5629.16
"16003",5613.83
"13901",5599.34
"12633",5595.21
"16200",5594.60
"18145",5592.04
"16011",5587.56
"18075",5579.91
"16735",5578.86
"15854",5578.28
"15228",5570.52
"12615",5564.88
"17203",5564.09
"16316",5533.31
"14112",5524.51
"14210",5509.37
"15581",5486.79
"14572",5484.98
"17092",5479.76
"14907",5476.62
"16992",5460.10
"14189",5453.38
"16609",5450.96
"14732",5447.52
"13593",5444.81
"13769",5444.33
"17069",5441.35
"17685",5439.95
"12480",5435.10
"17512",5432.27
"12378",5416.32
"15299",5408.61
"14249",5400.46
"13115",5379.45
"16607",5375.18
"14626",5374.77
"17719",5367.80
"17863",5360.48
"13362",5357.57
"15641",5345.55
"14459",5339.14
"16008",5339.13
"16456",5323.44
"17584",5294.42
"13842",5294.39
"12362",5284.58
"15628",5284.18
"15514",5275.79
"14442",5272.02
"17204",5263.69
"15394",5251.40
"13931",5250.78
"13975",5224.85
"13014",5220.83
"15152",5197.97
"16393",5192.61
"15812",5186.17
"13763",5181.99
"17612",5156.14
"17157",5139.45
"17838",5134.49
"14930",5126.74
"16308",5120.00
"17061",5116.13
"13107",5109.62
"15722",5095.95
"12625",5095.38
"18198",5083.06
"17663",5081.04
"14713",5069.36
"12432",5059.32
"15443",5054.44
"12594",5044.51
"16153",5037.51
"16931",5032.22
"17861",5025.19
"15527",5021.03
"12759",5020.74
"15796",5015.75
"15367",5005.73
"12444",5005.46
"17084",4997.96
"14493",4993.76
"14546",4987.97
"12562",4966.92
"17758",4964.03
"17469",4958.34
"14639",4946.81
"14209",4937.37
"15898",4934.50
"17346",4933.63
"15971",4930.43
"12708",4921.72
"12347",4921.53
"13198",4912.28
"18144",4892.95
"15332",4892.68
"16986",4888.75
"12600",4879.29
"12688",4873.81
"12700",4867.99
"16686",4861.72
"14107",4853.70
"17449",4852.15
"17059",4846.87
"13562",4838.18
"16919",4837.56
"12449",4835.89
"12483",4823.47
"13044",4818.35
"13875",4814.37
"17802",4808.94
"13021",4806.66
"15379",4806.44
"13495",4790.41
"17519",4767.50
"17213",4766.03
"15529",4756.21
"14081",4747.52
"17652",4737.13
"12955",4734.26
"15606",4733.47
"17082",4732.03
"14191",4713.41
"13988",4708.64
"13659",4706.43
"12395",4700.82
"14825",4696.28
"15410",4685.72
"17829",4680.42
"16905",4677.12
"16904",4675.36
"13329",4672.82
"15187",4670.08
"14235",4666.99
"15485",4663.92
"15123",4656.17
"13124",4641.66
"17400",4623.28
"15484",4620.90
"18097",4616.77
"15245",4610.84
"17402",4601.41
"16326",4601.25
"13971",4593.83
"12578",4572.45
"15416",4554.65
"12553",4548.82
"17508",4546.78
"13571",4537.26
"12782",4526.04
"17567",4519.16
"17442",4517.70
"13851",4516.76
"17314",4514.70
"17308",4511.76
"16143",4511.13
"13527",4507.59
"13958",4504.78
"18257",4496.80
"17613",4494.77
"13510",4488.39
"14032",4482.21
"13634",4479.85
"12627",4478.53
"17596",4478.11
"13491",4467.66
"15271",4458.29
"16255",4457.59
"17220",4457.31
"12916",4455.93
"15764",4453.28
"15122",4451.22
"18069",4450.07
"13435",4431.93
"18093",4429.61
"14625",4429.18
"16320",4428.85
"14341",4428.17
"18064",4427.98
"14701",4423.96
"16546",4421.04
"17138",4417.27
"12598",4414.67
"16912",4413.80
"12349",4404.54
"16563",4402.36
"15203",4400.18
"17754",4383.08
"16626",4379.65
"14648",4378.00
"14514",4375.79
"14441",4370.09
"12752",4366.78
"17188",4361.83
"13297",4352.67
"17050",4348.46
"18272",4347.33
"12917",4329.50
"13523",4325.07
"15240",4320.45
"12370",4316.56
"12928",4304.89
"14211",4301.69
"17937",4301.22
"14277",4296.27
"17372",4295.18
"13880",4293.86
"14334",4292.98
"12454",4292.71
"16125",4292.35
"17191",4284.84
"13505",4282.88
"14854",4282.37
"14307",4279.97
"12408",4279.64
"16081",4278.96
"15845",4273.65
"14466",4267.15
"16283",4257.87
"16118",4255.43
"16293",4253.45
"17930",4242.92
"14685",4241.16
"16712",4232.87
"14001",4216.10
"12360",4212.89
"14290",4208.93
"12757",4205.25
"18079",4203.93
"14239",4203.72
"12523",4201.05
"13911",4200.04
"18230",4197.46
"17412",4187.68
"15861",4185.40
"12935",4182.01
"16072",4180.09
"18287",4177.89
"14868",4170.06
"16743",4165.90
"12653",4160.83
"16749",4157.88
"15633",4156.91
"17673",4156.63
"16209",4146.78
"17738",4145.36
"14482",4141.06
"13461",4138.50
"15002",4138.08
"12422",4119.35
"13450",4117.54
"12536",4106.82
"14408",4102.27
"16477",4094.37
"14566",4092.00
"15493",4087.13
"16858",4085.74
"18194",4084.20
"18077",4078.79
"15518",4074.83
"14913",4073.13
"14740",4068.86
"12876",4068.59
"12371",4067.38
"12569",4064.99
"16875",4053.20
"17682",4050.28
"13421",4044.45
"17083",4035.08
"15050",4032.27
"16571",4025.05
"12726",4014.60
"12840",4013.87
"16098",4010.70
"13048",4000.08
"16241",3992.86
"15665",3987.07
"15782",3985.65
"15680",3985.59
"17618",3976.34
"14025",3969.10
"16732",3966.79
"15572",3965.20
"14547",3953.95
"14824",3952.51
"16771",3949.60
"18259",3941.90
"12721",3933.83
"13982",3927.49
"14465",3925.85
"13542",3924.09
"13895",3923.62
"16455",3917.92
"15752",3916.46
"15051",3911.91
"15819",3911.28
"12388",3901.11
"14498",3900.83
"15571",3892.35
"17218",3891.39
"14817",3889.21
"12358",3887.07
"17667",3883.80
"14047",3881.11
"17406",3874.00
"16218",3872.30
"16791",3865.06
"17728",3861.13
"15195",3861.00
"16440",3856.97
"15067",3850.13
"15804",3848.55
"18073",3846.74
"17646",3843.16
"13037",3842.55
"16841",3841.16
"15708",3840.73
"13995",3836.26
"13213",3834.62
"14565",3833.87
"14532",3833.03
"16341",3832.29
"14655",3829.23
"17287",3810.61
"13357",3805.51
"15421",3805.34
"13481",3803.09
"16636",3802.04
"14878",3783.48
"16928",3777.88
"16150",3761.27
"17553",3757.60
"17173",3755.65
"17293",3750.63
"12670",3750.39
"16128",3748.40
"14309",3747.96
"15696",3732.12
"17071",3730.96
"17211",3728.80
"12853",3728.50
"12502",3723.87
"14364",3717.35
"15288",3715.38
"15370",3713.51
"12737",3710.50
"14540",3699.74
"17954",3699.74
"16240",3693.81
"14515",3693.70
"15494",3693.50
"12530",3689.86
"12510",3689.33
"12857",3684.25
"12597",3683.13
"13126",3679.03
"15532",3675.00
"15704",3660.88
"15255",3647.37
"16466",3642.09
"12623",3639.84
"13632",3632.36
"16748",3632.29
"14649",3630.04
"17096",3629.58
"14770",3624.89
"12468",3624.55
"13305",3616.41
"15834",3615.54
"13446",3608.86
"16053",3606.14
"18242",3605.21
"16094",3599.16
"16503",3597.89
"14744",3596.02
"14970",3593.40
"14653",3593.06
"15480",3592.25
"15569",3583.45
"14132",3580.13
"14857",3578.93
"17063",3576.88
"15365",3573.26
"14593",3568.69
"13750",3563.60
"15024",3559.39
"14737",3554.17
"16444",3551.68
"17848",3546.36
"15079",3544.80
"14503",3543.26
"15791",3541.79
"17019",3541.59
"17528",3540.10
"17659",3536.33
"16336",3517.69
"15858",3509.91
"18044",3502.66
"12645",3499.10
"15505",3497.14
"17311",3490.66
"16950",3482.59
"15306",3480.98
"16983",3479.48
"17722",3476.82
"15712",3467.46
"16325",3463.84
"12631",3452.27
"17526",3450.04
"14640",3446.33
"14837",3445.82
"13734",3445.34
"13536",3444.39
"13849",3443.80
"16208",3440.45
"16395",3439.51
"15811",3438.85
"15974",3429.55
"17913",3429.29
"12377",3426.32
"17597",3425.29
"17876",3424.02
"13313",3423.27
"12609",3417.86
"16281",3416.52
"15222",3415.66
"16347",3415.56
"13437",3408.06
"15114",3400.12
"15059",3395.25
"16271",3391.87
"17723",3378.40
"17307",3378.31
"13135",3371.45
"17725",3371.13
"16719",3368.87
"13707",3365.86
"13285",3364.59
"13425",3362.73
"13823",3358.55
"12619",3354.95
"15058",3354.73
"18168",3352.30
"16360",3349.57
"13577",3346.62
"15265",3345.64
"14882",3345.05
"17422",3341.65
"15113",3339.51
"14776",3339.02
"15676",3324.09
"15351",3320.50
"13929",3318.10
"16818",3317.97
"15065",3304.71
"12865",3303.31
"18219",3297.20
"15953",3295.49
"13031",3292.84
"13979",3290.53
"12424",3289.78
"16539",3289.66
"13431",3289.24
"17768",3287.78
"17183",3286.91
"13131",3279.77
"16351",3279.13
"12872",3276.81
"14409",3276.09
"14608",3273.44
"13824",3273.36
"15978",3272.62
"17931",3270.91
"13291",3270.79
"13214",3264.23
"18188",3263.19
"13611",3259.43
"16612",3243.48
"14898",3242.60
"13246",3242.00
"15827",3240.03
"15356",3239.57
"15140",3239.44
"14215",3238.53
"14669",3216.78
"14451",3215.50
"16107",3204.16
"15625",3203.25
"16057",3202.07
"13868",3192.54
"15380",3192.10
"17924",3189.53
"16045",3187.03
"14533",3185.12
"15057",3184.56
"16515",3179.06
"14028",3175.50
"14315",3168.72
"16837",3167.73
"16101",3167.42
"17679",3166.56
"16041",3166.40
"12951",3164.42
"13804",3161.12
"14285",3158.64
"16365",3156.94
"12976",3156.38
"17353",3155.55
"12456",3153.89
"15632",3147.31
"12963",3146.99
"14306",3141.50
"15095",3135.74
"17354",3133.96
"16918",3131.31
"13268",3127.70
"15199",3122.40
"13685",3119.44
"13052",3119.33
"14963",3117.72
"15983",3110.37
"17640",3107.59
"14217",3105.52
"14507",3104.80
"13538",3103.13
"14897",3100.74
"13650",3098.50
"12937",3097.61
"15105",3094.91
"12589",3094.17
"13397",3094.11
"15491",3090.85
"14312",3090.29
"13464",3083.89
"13772",3080.52
"13742",3079.27
"16584",3077.97
"14978",3076.39
"14700",3076.06
"17929",3073.60
"12469",3070.54
"17147",3069.15
"12511",3065.77
"14044",3060.75
"16400",3059.85
"13196",3059.64
"16059",3053.57
"16007",3053.06
"12849",3042.47
"14673",3037.32
"15538",3036.10
"12909",3034.77
"13647",3033.78
"15241",3032.31
"17621",3029.32
"13631",3021.77
"15823",3018.86
"16933",3017.65
"13692",3016.45
"13848",3015.00
"17145",3014.64
"15916",3014.04
"16678",3013.83
"16560",3010.73
"15614",3008.86
"16718",3006.08
"14456",3002.51
"15754",3001.86
"14038",3000.93
"17702",2999.94
"14161",2996.93
"14344",2993.05
"12374",2989.22
"17090",2986.64
"15687",2981.50
"13557",2980.08
"16012",2978.59
"12770",2975.95
"15027",2974.04
"14064",2967.57
"17692",2962.40
"14506",2960.25
"13485",2957.92
"18241",2954.09
"12838",2953.46
"16120",2952.51
"13253",2951.11
"14226",2950.38
"12754",2949.12
"13635",2948.22
"15967",2943.60
"15182",2942.75
"12877",2942.14
"15757",2940.36
"17444",2940.04
"14544",2938.53
"16416",2933.47
"12635",2930.41
"12906",2919.81
"13764",2919.62
"16358",2917.10
"15312",2916.49
"14867",2910.41
"14524",2909.86
"17655",2909.18
"12438",2906.85
"16736",2904.51
"17588",2901.65
"16067",2900.01
"12854",2899.32
"13784",2897.18
"13110",2896.17
"15392",2891.82
"17774",2891.48
"17242",2889.28
"14916",2888.21
"15602",2883.42
"15373",2881.74
"14251",2879.70
"12806",2878.96
"14621",2878.27
"16633",2878.15
"18170",2878.00
"14005",2874.72
"14590",2871.04
"15043",2870.32
"14758",2864.97
"16062",2863.45
"12685",2863.08
"16467",2862.40
"13890",2858.73
"15611",2858.37
"13728",2855.17
"17961",2850.29
"14935",2849.83
"16755",2846.13
"14875",2841.55
"13501",2840.26
"12473",2837.73
"16229",2835.36
"16383",2832.69
"15797",2821.08
"17228",2820.03
"16225",2813.81
"17386",2812.77
"14293",2809.41
"14711",2809.02
"13477",2806.12
"15031",2803.73
"13205",2803.20
"13330",2796.10
"17530",2790.74
"14035",2790.50
"13032",2790.00
"16979",2787.09
"13719",2783.08
"17790",2779.41
"12863",2775.55
"17031",2773.85
"12826",2773.69
"15563",2773.67
"12676",2773.09
"15235",2772.76
"15353",2772.57
"13695",2770.73
"18210",2768.83
"14233",2766.96
"15817",2766.40
"16407",2761.65
"16871",2761.49
"16772",2760.10
"15965",2758.19
"16711",2751.48
"14869",2750.70
"16764",2749.95
"17870",2748.34
"13963",2748.32
"17552",2740.68
"14121",2740.30
"16775",2739.24
"15993",2736.92
"17241",2736.64
"15329",2735.18
"15389",2733.80
"14903",2729.18
"12739",2726.73
"16335",2726.52
"15810",2724.80
"16190",2723.55
"14125",2720.63
"15841",2716.50
"13077",2716.15
"13736",2701.27
"12391",2699.24
"18173",2696.36
"16232",2692.02
"13813",2686.42
"16086",2685.65
"17388",2675.37
"18283",2664.90
"15910",2661.17
"16434",2658.99
"16369",2656.56
"17884",2654.47
"12516",2648.62
"12820",2647.94
"15671",2635.49
"13819",2631.10
"16618",2630.64
"13203",2630.55
"16276",2629.39
"17470",2626.47
"14404",2625.13
"12671",2622.48
"15596",2621.27
"14262",2618.23
"17744",2617.82
"17115",2616.29
"14756",2613.46
"17720",2613.06
"12423",2612.19
"12755",2611.95
"15985",2610.28
"15142",2608.97
"13422",2601.55
"13644",2597.52
"13211",2596.32
"14163",2594.62
"17043",2593.65
"14129",2591.34
"15157",2587.54
"15062",2585.62
"17490",2585.06
"16206",2584.92
"15826",2583.13
"12520",2582.51
"12412",2581.03
"13012",2576.18
"13700",2569.72
"14431",2567.10
"17002",2565.60
"12982",2562.12
"16036",2556.84
"14397",2556.68
"15660",2554.84
"16115",2553.80
"18179",2547.55
"13192",2544.53
"15033",2541.53
"14548",2541.29
"13862",2534.04
"17465",2533.64
"15814",2531.84
"16889",2526.65
"14790",2526.62
"17317",2524.02
"14564",2519.32
"15434",2517.11
"17463",2515.26
"15862",2512.29
"13344",2511.69
"16104",2511.21
"16499",2509.64
"16987",2509.50
"17101",2507.05
"13786",2505.46
"13471",2501.84
"17594",2497.88
"15747",2497.86
"12978",2496.07
"14541",2491.38
"17262",2488.76
"15227",2488.49
"15716",2485.26
"15117",2484.32
"13414",2482.24
"15681",2480.20
"13507",2479.16
"12967",2472.37
"12457",2472.31
"14745",2471.06
"14229",2468.99
"17288",2468.43
"16202",2467.04
"17164",2466.40
"14696",2465.30
"17131",2463.17
"15932",2461.85
"14842",2456.80
"14421",2456.62
"14659",2456.53
"12701",2446.41
"13588",2445.12
"17320",2444.85
"14934",2444.10
"12517",2443.65
"15906",2442.44
"15111",2442.37
"17348",2442.29
"15623",2437.05
"17505",2435.48
"13949",2427.32
"17629",2425.52
"15077",2423.88
"12924",2423.15
"15021",2422.35
"13134",2422.28
"15089",2420.84
"13878",2416.90
"18171",2414.51
"13623",2412.93
"16470",2411.90
"13473",2410.98
"12397",2409.90
"16833",2409.04
"16554",2407.17
"17676",2405.32
"15341",2401.02
"13151",2396.16
"16817",2392.85
"15366",2389.08
"14414",2387.48
"16105",2386.19
"14256",2384.14
"16040",2383.70
"15793",2382.92
"14195",2381.24
"13173",2380.97
"16359",2379.40
"12393",2376.75
"16638",2375.88
"17827",2369.42
"16147",2367.02
"17623",2365.77
"15860",2361.30
"17634",2358.59
"15073",2357.04
"17921",2354.21
"14810",2354.03
"16083",2351.42
"12802",2350.42
"13908",2347.05
"14496",2341.54
"16085",2335.23
"16742",2334.97
"13118",2334.10
"17434",2333.42
"16005",2333.04
"13614",2332.74
"16676",2328.50
"17591",2328.37
"15489",2327.36
"12733",2326.82
"17004",2324.36
"17284",2323.12
"12724",2317.52
"14295",2316.06
"14346",2315.75
"16628",2313.09
"17095",2312.59
"14502",2310.18
"17282",2308.54
"12948",2306.18
"15946",2304.18
"18095",2303.09
"12599",2296.72
"15549",2296.66
"13704",2295.31
"14555",2294.88
"16496",2293.47
"13055",2292.51
"14938",2289.43
"17047",2289.23
"17313",2288.13
"17018",2287.70
"12684",2283.63
"14554",2279.49
"18051",2275.98
"13994",2274.14
"13371",2271.46
"13280",2267.83
"12725",2266.76
"15015",2265.77
"16531",2263.58
"15734",2263.30
"13652",2262.05
"13059",2261.22
"13655",2259.30
"12649",2258.50
"17193",2254.60
"13117",2253.96
"17414",2249.52
"17894",2248.86
"14432",2248.50
"16174",2246.75
"15865",2241.42
"15629",2240.90
"13814",2239.07
"16551",2237.12
"16823",2236.14
"16883",2236.11
"17969",2235.54
"14449",2230.96
"18215",2223.99
"13338",2223.62
"16350",2222.49
"12704",2220.84
"17994",2219.58
"13627",2217.55
"16812",2216.80
"17075",2216.28
"17180",2216.12
"17648",2208.42
"14177",2204.74
"14462",2204.69
"14467",2203.24
"14748",2201.83
"14321",2198.58
"14006",2196.67
"15934",2190.66
"14212",2190.14
"18177",2189.07
"14597",2184.63
"14834",2184.21
"16042",2183.10
"15476",2180.28
"16317",2179.76
"16076",2173.53
"13410",2172.51
"14665",2172.33
"16108",2171.93
"17905",2169.57
"13662",2166.63
"13762",2165.76
"17550",2165.54
"14595",2164.45
"13365",2164.32
"15944",2164.24
"17822",2162.93
"12856",2153.53
"14808",2152.80
"16275",2151.11
"13224",2150.85
"16966",2148.47
"14205",2146.58
"16004",2146.39
"17368",2145.39
"17272",2144.53
"13320",2144.45
"17732",2144.17
"14216",2142.39
"16177",2141.61
"12687",2138.91
"15426",2138.86
"17029",2137.30
"15638",2137.20
"17305",2135.46
"18116",2134.49
"16379",2131.90
"16520",2131.68
"16485",2130.19
"17032",2129.78
"16134",2119.99
"14472",2118.72
"14360",2118.03
"13152",2114.98
"14691",2114.33
"14573",2113.42
"13643",2112.17
"13407",2111.89
"14407",2111.08
"16493",2110.12
"13517",2109.07
"14410",2105.08
"12560",2101.39
"13755",2101.39
"15815",2100.60
"17742",2098.48
"17159",2095.44
"13753",2094.57
"16600",2093.56
"14469",2093.46
"14399",2093.21
"13265",2092.66
"17113",2092.16
"15456",2091.52
"16054",2090.68
"12501",2089.68
"15151",2085.61
"12576",2083.87
"14499",2083.44
"13591",2081.19
"13455",2080.88
"14644",2077.47
"17897",2074.39
"18026",2074.07
"13610",2071.96
"16201",2070.17
"13478",2068.03
"18009",2065.48
"12997",2065.11
"16807",2064.88
"17585",2064.71
"13748",2064.35
"16726",2063.88
"14443",2063.65
"16934",2062.89
"12610",2057.99
"12518",2056.89
"15252",2053.06
"16016",2053.00
"17086",2050.08
"17666",2047.80
"12586",2045.67
"16996",2044.16
"14232",2043.93
"12868",2043.76
"17705",2041.50
"18258",2040.97
"13799",2039.82
"14988",2038.65
"16214",2038.25
"16331",2037.70
"16795",2035.21
"15253",2033.29
"17846",2033.10
"17289",2032.30
"16794",2031.50
"15272",2030.95
"15506",2030.33
"12873",2027.30
"13989",2026.06
"14651",2025.52
"14631",2023.17
"15384",2021.14
"12348",2019.40
"14147",2019.30
"14188",2018.91
"17324",2018.07
"12418",2016.95
"16197",2016.71
"15864",2014.22
"13663",2013.61
"16221",2013.42
"15164",2011.21
"14225",2009.17
"13696",2008.70
"13092",2007.33
"17126",2003.53
"13888",2001.59
"12986",1998.34
"14628",1998.00
"16698",1998.00
"15990",1997.75
"13630",1995.68
"12975",1993.99
"15481",1993.34
"17048",1991.45
"17088",1991.01
"13094",1990.98
"16235",1990.61
"13874",1989.20
"14623",1988.23
"17351",1988.23
"15550",1987.85
"16529",1986.80
"15478",1983.48
"12585",1982.81
"12582",1980.40
"15795",1979.87
"16332",1979.57
"14152",1975.44
"16065",1975.13
"17633",1974.89
"15531",1972.39
"17797",1971.87
"14634",1971.82
"16960",1969.43
"14396",1969.38
"16032",1965.72
"15030",1964.66
"15658",1964.14
"16176",1964.04
"17966",1963.92
"17158",1962.30
"12399",1962.30
"18204",1960.95
"14477",1960.61
"13208",1958.30
"16290",1957.70
"14301",1956.23
"17039",1954.99
"18016",1954.56
"17554",1952.45
"13761",1952.17
"13693",1948.32
"14014",1948.21
"15425",1941.12
"14905",1939.69
"14418",1937.25
"17460",1937.10
"15789",1932.01
"15803",1929.66
"14276",1929.32
"17236",1929.26
"16788",1928.93
"13029",1927.30
"12385",1923.40
"12528",1922.28
"12674",1922.26
"16681",1921.84
"12842",1917.99
"14332",1917.41
"16619",1916.53
"16650",1916.11
"13476",1915.77
"16692",1914.70
"14901",1912.70
"15620",1909.93
"14481",1908.52
"17046",1906.07
"14250",1904.05
"14127",1900.08
"14710",1899.79
"12531",1899.05
"12762",1898.52
"14730",1897.57
"17337",1897.51
"17560",1895.80
"14327",1894.93
"12584",1893.95
"12352",1889.21
"14794",1889.15
"15381",1887.62
"16172",1884.55
"17227",1878.93
"16942",1878.51
"14000",1877.59
"13276",1871.21
"16631",1867.02
"15248",1865.03
"17350",1863.82
"16426",1863.76
"14887",1862.00
"14130",1858.77
"16043",1856.59
"15561",1856.54
"13889",1855.73
"18151",1853.94
"16049",1852.15
"18180",1843.75
"12950",1843.00
"16917",1842.93
"16102",1842.14
"14224",1841.71
"17919",1840.32
"12694",1839.45
"12383",1839.31
"17015",1838.61
"15081",1837.12
"16175",1836.44
"13168",1831.68
"17152",1830.50
"16152",1829.04
"16825",1826.89
"17244",1826.04
"15678",1825.94
"14715",1825.45
"17642",1824.49
"16169",1822.97
"14403",1822.76
"16163",1822.03
"14389",1821.07
"16205",1820.11
"17787",1817.54
"15402",1816.64
"12644",1815.54
"16880",1813.21
"13725",1809.81
"15530",1808.68
"15807",1807.57
"15133",1806.90
"12381",1803.96
"14305",1803.76
"13561",1803.40
"14723",1803.06
"16249",1800.07
"16027",1799.84
"12507",1797.31
"18161",1797.20
"18235",1796.48
"18236",1795.35
"14870",1794.60
"14553",1793.10
"18122",1793.06
"12369",1791.15
"13884",1788.93
"13375",1786.48
"15608",1785.98
"15452",1785.11
"17165",1783.63
"14893",1782.26
"16110",1781.59
"13782",1778.13
"15822",1777.91
"16510",1777.50
"12458",1777.49
"16611",1776.63
"18220",1771.70
"15972",1769.33
"15594",1767.53
"16751",1764.72
"14738",1763.64
"14708",1763.52
"12784",1763.15
"16797",1761.02
"16511",1760.49
"16620",1758.93
"15220",1758.92
"16266",1757.95
"16595",1757.75
"12778",1757.68
"14704",1752.92
"14915",1752.65
"17609",1752.55
"16474",1750.62
"15100",1750.10
"14522",1748.42
"13717",1748.05
"13808",1747.66
"13503",1747.39
"16770",1746.83
"13946",1745.43
"16348",1744.42
"16380",1743.15
"15473",1740.00
"16087",1739.92
"17974",1739.09
"15605",1738.55
"13456",1737.82
"15885",1737.57
"13920",1734.88
"14075",1734.87
"17268",1733.89
"15128",1732.22
"15777",1732.16
"17432",1728.99
"16891",1727.94
"14387",1727.60
"14896",1727.30
"16809",1725.48
"14584",1725.16
"13363",1723.86
"16374",1723.40
"16119",1720.81
"17695",1720.54
"17671",1720.53
"15267",1717.36
"13705",1717.19
"14021",1716.58
"15369",1713.39
"14741",1713.09
"18239",1712.26
"14447",1711.73
"13665",1711.66
"17135",1711.26
"17750",1710.45
"12405",1710.39
"16124",1709.39
"13104",1709.10
"15947",1708.24
"15730",1708.18
"12407",1708.12
"17162",1707.21
"16902",1706.88
"13309",1706.37
"14692",1705.64
"12809",1705.34
"14859",1703.94
"14400",1703.00
"15221",1702.00
"12932",1698.56
"17694",1695.97
"16899",1695.77
"15976",1694.41
"12764",1693.88
"16010",1692.91
"16671",1692.27
"13026",1690.12
"13838",1690.07
"13294",1689.53
"13566",1688.60
"16993",1688.15
"12813",1687.80
"12494",1685.92
"13516",1685.26
"13924",1682.08
"12425",1680.81
"14967",1680.52
"13800",1679.56
"13648",1679.01
"14245",1677.48
"16725",1676.86
"13149",1676.06
"17656",1674.69
"16233",1671.31
"17534",1668.83
"15736",1668.67
"13434",1666.86
"13064",1666.84
"15192",1666.39
"17321",1665.21
"16329",1664.92
"12912",1662.30
"12870",1662.05
"15214",1661.44
"15649",1660.35
"14583",1660.29
"16639",1659.85
"18096",1657.87
"16859",1657.74
"14643",1654.69
"13308",1652.47
"16813",1652.18
"12911",1651.72
"12775",1651.32
"16625",1651.08
"17451",1648.95
"17813",1641.79
"12693",1640.42
"17041",1639.40
"16768",1637.52
"12398",1635.66
"17006",1635.27
"15310",1634.64
"13711",1632.61
"14164",1631.77
"16398",1631.15
"17571",1630.91
"14904",1630.49
"15551",1629.01
"14420",1627.72
"15167",1627.62
"15339",1627.27
"14759",1625.97
"15172",1624.05
"14831",1623.97
"18276",1620.67
"12379",1618.27
"14937",1617.63
"16224",1616.54
"13184",1616.45
"15422",1615.02
"14336",1614.91
"15013",1610.82
"16256",1609.57
"17814",1609.37
"12847",1609.00
"13249",1608.93
"13900",1608.09
"12669",1607.73
"14920",1607.17
"12783",1603.87
"17515",1602.51
"14178",1600.26
"17828",1599.97
"14850",1599.76
"12514",1597.76
"17853",1596.29
"15134",1596.29
"15325",1596.26
"13417",1593.89
"17028",1593.83
"16860",1593.67
"13850",1586.81
"13156",1586.54
"16096",1584.97
"13740",1582.77
"17540",1582.10
"13239",1579.84
"13752",1579.83
"17222",1579.51
"15607",1578.57
"14587",1577.39
"12933",1576.88
"12549",1575.68
"14489",1574.93
"14492",1574.36
"14719",1571.89
"13202",1571.35
"15289",1570.71
"17624",1568.63
"16716",1568.28
"16099",1568.25
"17235",1562.98
"17886",1562.60
"16774",1560.88
"15466",1560.46
"12629",1558.22
"15279",1554.84
"12577",1554.70
"15149",1554.61
"18149",1553.96
"14136",1553.96
"14078",1553.47
"15074",1553.13
"17851",1552.35
"14186",1550.63
"13337",1548.55
"16366",1548.13
"13554",1547.46
"16461",1545.83
"16017",1545.58
"18036",1545.49
"14754",1543.73
"14236",1543.44
"16915",1543.18
"17649",1542.44
"13783",1542.09
"13186",1539.69
"17323",1538.96
"15987",1535.99
"15798",1535.37
"13939",1533.66
"17454",1532.64
"18136",1531.71
"17190",1531.57
"13539",1531.26
"15326",1529.82
"15701",1529.00
"14198",1527.58
"15201",1525.90
"14567",1524.46
"16491",1524.31
"12926",1523.97
"14304",1523.81
"18062",1523.37
"16244",1522.75
"17990",1522.57
"15587",1522.08
"16066",1521.04
"14055",1520.96
"16790",1520.12
"12818",1517.88
"16092",1515.49
"14220",1515.00
"14682",1514.81
"17764",1513.57
"15948",1509.09
"16910",1508.96
"17837",1508.38
"13158",1508.18
"15261",1508.00
"17179",1507.26
"18022",1507.25
"17997",1503.09
"15732",1499.42
"15215",1496.46
"16340",1496.24
"14885",1496.12
"13377",1495.43
"14068",1493.32
"13310",1492.80
"16314",1491.40
"16037",1489.44
"17290",1487.96
"15110",1482.95
"18214",1480.99
"16654",1477.77
"14264",1475.86
"16450",1475.73
"15630",1475.45
"14246",1474.06
"16907",1470.89
"14987",1469.05
"17590",1468.02
"14695",1466.72
"15590",1466.41
"17345",1466.33
"13360",1464.10
"12882",1463.04
"16586",1462.78
"13984",1461.32
"13085",1459.46
"18196",1457.19
"18252",1457.19
"15071",1455.56
"16569",1455.23
"13042",1454.84
"13649",1453.68
"12970",1453.60
"17977",1453.55
"17259",1452.39
"18268",1451.22
"13165",1451.16
"16419",1450.95
"16239",1450.90
"13361",1450.50
"15876",1449.14
"13023",1449.03
"17073",1446.09
"13583",1445.03
"15636",1444.58
"17734",1442.32
"18106",1441.06
"18066",1440.40
"14657",1440.24
"13543",1439.61
"16088",1437.43
"13500",1436.30
"12805",1434.95
"12389",1433.33
"17941",1433.28
"13531",1433.07
"13475",1431.78
"17175",1430.94
"15427",1430.54
"16121",1430.14
"14684",1430.03
"17582",1429.95
"13278",1428.20
"15197",1427.84
"15076",1425.84
"16980",1422.83
"16660",1422.35
"15799",1421.34
"14412",1417.49
"15889",1417.15
"17438",1412.62
"15237",1412.32
"14894",1412.21
"16394",1412.06
"16140",1412.05
"16848",1411.62
"15444",1411.21
"16906",1410.92
"17610",1410.29
"17545",1409.86
"16854",1408.96
"15106",1407.73
"12947",1407.29
"12695",1407.12
"16173",1406.57
"12765",1404.58
"15186",1403.20
"14829",1402.97
"13259",1402.54
"14687",1402.06
"15911",1399.45
"15173",1399.26
"14019",1398.96
"13240",1398.44
"15652",1397.44
"18202",1396.99
"18189",1396.58
"16129",1396.05
"17856",1393.79
"16835",1389.76
"13382",1387.58
"15468",1387.48
"17496",1385.89
"13572",1384.25
"13049",1384.14
"16463",1383.70
"12952",1382.84
"14116",1382.74
"14909",1380.98
"17878",1378.93
"15141",1378.31
"16727",1377.77
"17714",1376.58
"14662",1376.43
"14265",1373.35
"14434",1372.80
"15453",1371.77
"13159",1371.25
"13579",1371.14
"14538",1370.84
"15996",1370.50
"13155",1370.48
"18221",1370.34
"16300",1367.32
"14609",1366.20
"14577",1364.15
"14114",1364.09
"13074",1362.84
"16389",1362.27
"16588",1361.28
"16384",1358.95
"13760",1358.64
"17150",1357.95
"12875",1356.99
"18167",1355.51
"13821",1355.38
"14316",1355.34
"17054",1353.83
"15116",1352.75
"16245",1352.36
"16079",1352.00
"14853",1351.37
"12886",1351.09
"16367",1350.48
"17025",1349.67
"17731",1347.08
"12646",1346.97
"13639",1346.27
"14550",1345.06
"17429",1342.16
"18085",1341.85
"13743",1340.15
"15398",1339.63
"12620",1339.41
"12711",1339.05
"12591",1338.95
"15411",1336.43
"13220",1336.09
"17033",1332.79
"17932",1331.57
"14899",1331.38
"13035",1328.95
"16295",1328.55
"13232",1328.35
"14712",1328.07
"13919",1326.03
"13396",1325.29
"14956",1325.00
"17951",1322.88
"12960",1322.07
"14847",1320.60
"14591",1320.21
"13803",1319.11
"15751",1318.84
"14861",1318.40
"12526",1316.66
"17411",1316.53
"14921",1316.07
"14973",1314.45
"15154",1314.17
"15322",1314.15
"15146",1313.66
"12364",1313.10
"12639",1312.37
"12426",1311.41
"14618",1310.52
"13506",1308.53
"16377",1308.48
"13328",1308.48
"13587",1308.10
"16282",1307.58
"14071",1306.16
"17888",1305.90
"15677",1305.63
"15813",1303.91
"12463",1303.63
"15101",1303.49
"16370",1301.91
"16574",1301.78
"12919",1301.44
"16464",1298.66
"12488",1298.66
"12987",1298.51
"12372",1298.04
"17499",1296.84
"16929",1295.39
"14480",1295.27
"15471",1292.01
"16744",1291.91
"15108",1291.75
"14856",1290.53
"13846",1290.34
"16756",1287.42
"16608",1286.62
"16212",1284.56
"14297",1284.06
"14284",1282.85
"15774",1282.60
"15136",1282.45
"17521",1276.81
"14478",1276.66
"17109",1276.35
"14619",1276.31
"17142",1275.25
"14820",1274.76
"14167",1274.29
"14490",1273.47
"14679",1272.95
"17478",1272.80
"12394",1272.48
"17341",1272.21
"16222",1272.05
"12908",1272.00
"12630",1270.88
"13492",1269.84
"15439",1269.05
"17027",1268.93
"13892",1267.65
"14511",1267.41
"13300",1267.21
"13515",1265.82
"15584",1265.70
"16894",1265.26
"14379",1265.16
"13617",1263.80
"14427",1263.52
"16951",1262.75
"17759",1261.88
"16777",1261.43
"13138",1261.26
"16688",1260.86
"13916",1260.51
"14984",1260.51
"16842",1260.44
"16372",1260.31
"18035",1260.23
"17343",1259.94
"13689",1259.50
"15009",1259.43
"14267",1259.19
"15651",1259.06
"12717",1258.91
"17635",1256.83
"17862",1254.89
"14419",1254.64
"15064",1254.41
"15441",1254.21
"13855",1253.94
"14487",1253.52
"17037",1253.22
"15400",1252.80
"15599",1250.06
"17481",1249.34
"14474",1248.94
"14383",1247.69
"12689",1247.61
"14240",1247.49
"16296",1245.97
"12402",1244.15
"17076",1242.75
"13443",1240.71
"17529",1240.25
"13860",1240.00
"17796",1236.39
"13201",1233.06
"16527",1232.94
"17034",1231.82
"18080",1231.50
"16723",1231.36
"16159",1230.29
"14821",1230.15
"12673",1230.02
"18135",1229.22
"13282",1228.89
"14871",1228.17
"12866",1227.35
"15800",1227.07
"13402",1226.85
"12605",1225.45
"15269",1225.36
"16714",1222.24
"15376",1221.56
"17132",1220.91
"15004",1220.77
"13243",1220.38
"13863",1217.63
"14698",1217.27
"15390",1216.66
"15580",1216.15
"14512",1215.97
"15661",1215.95
"12985",1215.62
"15579",1215.38
"17410",1214.72
"13440",1213.95
"14020",1213.26
"16872",1213.13
"13019",1212.95
"13918",1212.84
"15664",1212.35
"12464",1212.05
"18263",1211.08
"14193",1210.19
"14428",1209.37
"16762",1207.24
"14320",1204.12
"14725",1202.34
"14446",1200.28
"16946",1199.54
"16634",1198.30
"17397",1198.28
"17713",1198.09
"13405",1196.56
"16307",1194.92
"15145",1194.73
"13723",1194.08
"12611",1193.32
"13976",1192.36
"12993",1191.26
"16501",1191.23
"17531",1191.22
"14275",1189.38
"18057",1188.46
"18286",1188.43
"15573",1188.42
"14382",1187.68
"17800",1187.21
"16471",1186.18
"18060",1185.46
"12742",1185.02
"16830",1183.70
"15259",1182.38
"17021",1182.22
"13293",1180.34
"13395",1180.23
"15377",1179.95
"17058",1179.89
"16614",1179.79
"16693",1179.48
"16345",1178.79
"15303",1178.78
"15600",1178.71
"18025",1177.72
"18193",1176.55
"13233",1176.46
"15210",1176.19
"17653",1175.88
"15068",1174.90
"12640",1174.58
"17239",1174.15
"13787",1173.70
"13299",1173.30
"15994",1172.34
"16292",1171.46
"17360",1170.56
"12691",1170.40
"18071",1169.68
"13797",1168.45
"17373",1167.50
"16653",1166.92
"18181",1166.61
"17664",1166.23
"14261",1163.45
"16800",1162.65
"17525",1161.90
"16949",1161.27
"13897",1160.72
"13459",1160.41
"13601",1159.99
"17978",1159.99
"17513",1158.80
"15621",1158.77
"16926",1158.66
"12885",1158.27
"14788",1156.32
"17950",1156.21
"17342",1155.84
"16184",1155.54
"17127",1155.03
"14818",1153.56
"12592",1152.62
"17984",1152.19
"12657",1152.06
"12533",1149.99
"16167",1149.87
"12475",1149.64
"13499",1146.96
"13462",1145.60
"16766",1145.60
"14206",1145.21
"12769",1143.60
"14585",1143.27
"17770",1143.27
"12546",1141.50
"16270",1141.24
"15088",1140.27
"16521",1140.11
"14693",1139.86
"13497",1139.83
"17500",1138.00
"15879",1137.80
"13388",1135.70
"14201",1134.14
"15022",1133.44
"16989",1133.25
"15347",1132.30
"14231",1131.97
"15500",1131.56
"13882",1131.28
"15695",1131.04
"17866",1131.00
"12710",1130.57
"18125",1130.10
"17169",1129.88
"15586",1128.66
"14450",1128.44
"12373",1127.65
"17201",1127.50
"14671",1127.45
"17097",1126.86
"16838",1126.66
"17622",1125.17
"13167",1125.15
"13145",1124.77
"14479",1124.71
"16637",1124.59
"12462",1124.01
"14917",1123.75
"17492",1122.42
"13486",1122.41
"15737",1121.21
"13304",1120.79
"13589",1120.74
"17302",1119.93
"16354",1119.46
"16430",1117.94
"17788",1117.90
"15223",1117.10
"16769",1117.05
"13778",1116.54
"12972",1115.95
"13509",1114.72
"14672",1113.14
"18277",1111.38
"16139",1111.15
"14126",1109.96
"15069",1109.53
"15559",1109.40
"15828",1108.82
"17007",1107.60
"13109",1107.58
"15933",1107.46
"17562",1107.38
"14375",1106.82
"14891",1106.73
"15038",1106.63
"13393",1105.85
"13447",1104.23
"16895",1102.90
"16702",1100.88
"17137",1099.81
"15882",1098.59
"14971",1097.98
"12648",1097.00
"17703",1094.84
"16306",1094.72
"12421",1092.83
"12803",1092.81
"14370",1092.13
"16805",1091.34
"16014",1091.03
"14009",1090.23
"17726",1089.56
"12534",1089.18
"12439",1089.18
"17908",1088.82
"16223",1087.05
"14139",1086.80
"16211",1086.34
"13546",1086.24
"18218",1086.14
"13368",1086.10
"17423",1084.17
"14805",1082.55
"14083",1082.19
"14561",1080.76
"13744",1080.52
"16298",1080.00
"13726",1079.66
"14343",1079.66
"12354",1079.40
"12785",1079.31
"17477",1079.00
"14352",1078.96
"16183",1077.81
"16188",1077.71
"16071",1076.80
"14080",1075.73
"17366",1075.59
"15912",1074.70
"16231",1074.47
"13567",1074.19
"15254",1073.40
"16955",1072.06
"13467",1071.91
"13521",1071.73
"15745",1071.24
"14484",1070.98
"16884",1070.97
"17522",1070.71
"12728",1070.17
"17871",1068.95
"17854",1068.50
"16386",1068.16
"15436",1067.75
"14948",1066.57
"17277",1065.35
"13959",1064.77
"14966",1064.26
"17849",1063.76
"12815",1063.46
"14411",1063.00
"12434",1062.48
"13727",1061.40
"13295",1061.27
"14102",1060.33
"15574",1059.44
"17421",1059.41
"13856",1058.88
"12679",1058.67
"13607",1058.11
"13853",1056.94
"16278",1056.59
"15238",1056.54
"13140",1054.92
"15977",1054.73
"12716",1053.49
"13656",1053.35
"12580",1052.90
"15886",1052.87
"15855",1052.72
"16391",1052.26
"16642",1051.46
"16593",1051.24
"13065",1050.10
"14947",1049.79
"13775",1049.66
"15626",1049.37
"17934",1049.15
"15026",1048.89
"15763",1048.67
"16728",1048.28
"13791",1047.68
"14488",1047.43
"17474",1047.00
"15407",1046.74
"18130",1045.74
"17555",1045.74
"14734",1045.47
"12616",1045.35
"13835",1044.82
"15464",1044.65
"15969",1043.85
"15645",1042.57
"17727",1042.55
"15801",1042.19
"16991",1041.21
"14108",1041.21
"16261",1041.16
"13613",1039.85
"12486",1037.28
"17042",1036.58
"17926",1035.49
"16260",1035.45
"15171",1034.50
"12811",1033.90
"14248",1032.95
"12801",1031.87
"13873",1031.02
"16198",1030.04
"16418",1028.74
"15333",1028.56
"15639",1028.33
"16682",1028.00
"15887",1027.15
"17749",1026.18
"13602",1025.17
"14475",1025.12
"17310",1025.10
"14204",1024.83
"15091",1023.11
"15003",1022.03
"12666",1020.98
"16568",1020.90
"15839",1020.74
"13376",1019.76
"18074",1019.44
"13956",1019.27
"12828",1018.71
"16284",1018.48
"16787",1017.53
"15970",1017.32
"13333",1015.74
"14675",1015.58
"18142",1014.90
"16533",1014.19
"12642",1013.26
"17197",1013.01
"12936",1012.90
"17980",1012.72
"14775",1011.90
"12905",1011.82
"12652",1011.58
"13039",1010.73
"17362",1010.54
"16160",1009.45
"16903",1009.45
"13258",1009.43
"16451",1009.40
"16441",1008.18
"16287",1006.98
"13429",1006.80
"15850",1006.75
"15771",1006.54
"13427",1006.53
"14013",1006.22
"13867",1005.09
"12572",1004.72
"18160",1003.88
"17578",1003.73
"13549",1003.72
"16435",1003.07
"16623",1002.49
"12446",1002.31
"13359",1001.96
"15706",1001.81
"12410",1001.46
"12403",1001.36
"12545",1000.39
"14902",1000.27
"15508",1000.27
"14214",1000.23
"18143",1000.16
"16572",999.70
"17205",999.35
"17329",998.53
"17631",998.49
"13154",997.43
"17539",997.34
"13857",997.11
"17724",995.65
"17237",994.13
"17299",993.23
"13559",990.00
"13245",989.22
"13292",987.79
"16130",987.48
"18237",987.10
"13238",986.73
"13439",986.61
"15176",985.09
"12862",984.62
"17144",984.57
"12541",981.18
"12543",980.25
"14230",979.80
"15025",979.79
"17369",979.20
"15132",977.93
"17123",977.17
"17221",976.62
"17456",975.56
"14223",975.23
"15951",974.52
"17214",974.12
"17958",973.88
"17883",972.52
"16009",972.11
"16535",972.04
"17100",971.74
"15449",971.22
"14454",970.70
"18006",969.51
"13223",969.12
"15104",968.64
"15208",968.02
"16254",967.44
"17405",967.22
"15247",967.11
"13204",966.66
"14138",965.88
"16376",965.47
"15084",965.20
"13000",965.00
"16699",964.90
"12550",964.83
"14931",964.68
"14510",964.55
"15028",962.94
"14953",962.92
"15109",961.90
"15156",961.49
"18192",957.97
"14430",956.40
"16141",955.94
"12990",955.50
"17080",955.41
"15535",955.12
"15835",954.09
"17189",953.63
"15181",953.40
"13466",952.25
"17955",949.90
"12767",949.82
"17081",949.39
"13046",949.25
"17298",949.22
"15177",948.93
"16227",948.82
"14350",947.80
"16763",947.75
"12355",947.61
"17516",947.50
"17356",946.47
"16146",946.38
"14157",946.24
"17544",944.82
"13261",944.10
"17420",943.68
"16199",942.75
"13526",942.60
"17604",942.38
"15385",942.08
"14958",941.99
"13636",941.62
"15268",941.25
"13416",940.80
"16203",940.09
"12697",939.02
"12588",938.98
"16518",938.27
"17020",935.62
"12413",935.50
"14629",935.46
"13005",935.03
"14615",934.26
"15792",933.84
"12675",933.55
"12874",933.42
"15787",933.26
"18154",932.60
"12396",931.43
"13465",931.12
"14924",931.01
"15723",930.70
"15243",927.28
"17805",927.03
"12745",925.41
"13805",924.60
"16861",924.48
"13936",924.36
"18001",924.14
"14326",923.98
"16109",923.58
"15654",922.53
"13122",922.39
"17472",922.35
"13934",922.10
"13641",921.82
"14605",921.56
"12638",921.49
"15576",921.37
"15957",921.25
"16136",921.08
"14272",920.81
"17363",920.46
"14140",920.05
"13075",919.61
"14460",919.60
"12822",918.98
"12368",917.70
"14061",917.43
"14015",917.34
"15707",916.98
"14199",916.50
"16643",915.56
"14839",915.28
"14423",914.96
"16216",914.93
"16204",913.71
"14549",913.60
"15364",913.19
"17812",911.99
"14289",911.26
"17172",910.99
"13350",910.72
"14568",909.50
"14128",909.36
"13038",908.46
"16034",908.37
"12505",908.00
"14969",906.23
"13573",904.52
"12722",904.33
"15430",903.75
"18217",902.80
"16975",902.42
"16138",902.40
"17176",902.32
"17382",902.28
"12994",902.22
"16916",902.02
"13548",901.44
"17322",900.64
"15511",900.53
"12945",900.11
"13810",899.51
"16834",898.96
"15710",898.87
"12998",897.38
"16947",896.73
"15992",896.60
"14714",896.40
"14133",895.84
"13996",895.76
"16122",895.62
"17226",895.47
"15211",894.41
"14338",894.10
"12772",892.47
"17155",892.46
"16784",892.33
"12703",892.18
"13288",892.16
"16442",891.98
"15406",891.77
"15393",891.34
"13872",891.32
"16361",891.21
"15824",890.94
"17987",889.92
"14065",889.37
"14813",888.91
"17527",888.86
"17537",887.67
"17062",885.85
"12793",885.53
"12915",885.20
"17704",885.19
"14933",885.00
"17708",884.18
"15907",882.72
"14359",882.58
"16387",882.46
"16385",881.35
"16228",881.06
"17143",880.97
"12680",880.81
"14141",879.03
"14612",877.70
"15653",877.44
"17480",876.92
"15900",876.67
"17864",876.57
"15525",875.32
"14681",875.15
"16513",874.59
"16657",874.43
"17746",873.43
"13166",873.43
"14994",872.42
"17361",871.79
"13200",870.09
"17566",869.77
"14753",869.51
"16948",868.77
"16357",868.37
"13937",867.38
"17167",867.11
"16567",865.60
"14600",865.17
"15809",862.88
"12940",862.44
"16668",862.42
"17358",861.01
"12794",860.41
"13339",860.12
"13891",859.21
"12787",859.18
"15870",857.46
"14551",856.64
"17867",856.55
"17161",856.01
"17064",855.45
"15287",854.58
"13945",854.15
"14873",854.13
"16070",852.15
"16020",851.01
"15244",850.18
"16677",849.77
"12713",848.55
"15784",848.33
"14202",847.76
"13991",847.54
"13221",847.41
"13487",846.87
"16877",846.62
"13970",846.55
"14803",845.55
"14686",844.58
"15264",844.20
"14922",843.74
"14342",842.74
"18108",842.46
"16344",842.42
"16846",842.41
"17638",842.40
"16801",842.33
"15266",841.70
"12878",841.64
"14862",841.20
"14645",840.24
"13169",840.08
"14355",840.05
"13940",839.14
"18141",838.57
"17332",838.27
"15224",837.26
"15832",836.79
"14929",836.69
"13795",836.30
"16500",835.96
"13386",835.46
"16737",835.20
"12525",835.18
"15190",834.44
"15469",834.40
"16644",833.78
"12903",833.53
"15542",833.16
"14372",830.18
"16798",830.01
"14851",829.41
"12730",829.25
"12953",828.81
"15617",828.55
"17003",828.21
"13681",827.83
"17045",827.68
"16747",826.96
"12461",826.88
"16494",826.53
"17880",824.92
"13922",824.70
"14260",824.28
"16264",823.53
"15847",822.57
"16680",821.45
"16246",821.35
"13893",821.10
"16898",820.86
"12891",819.50
"16135",819.45
"17683",819.01
"15483",817.82
"14890",817.25
"16362",816.96
"15180",816.93
"16943",816.73
"17464",816.54
"13514",815.90
"15399",815.77
"14556",815.69
"15713",814.84
"14624",814.07
"12792",813.88
"17869",813.64
"16621",813.48
"16863",812.82
"17194",812.50
"16460",811.23
"15759",810.98
"16624",810.57
"13045",808.92
"13479",808.50
"13637",804.30
"14508",804.07
"16469",803.90
"15644",803.54
"14872",802.68
"16164",802.53
"18265",801.51
"16127",801.31
"12696",801.15
"15314",800.65
"17023",800.18
"16048",800.09
"13720",799.90
"15766",799.66
"13041",799.13
"16438",798.35
"13389",797.96
"17281",797.85
"15637",797.59
"16869",797.32
"13513",796.99
"15396",796.38
"16952",795.83
"13336",795.12
"17212",794.41
"13175",793.10
"13296",792.51
"14022",792.15
"17251",790.28
"14656",790.00
"13016",789.89
"16472",789.60
"15448",788.81
"17952",788.46
"16661",788.31
"13323",787.85
"16468",787.52
"14087",786.72
"14463",786.57
"16810",786.14
"13770",785.37
"15806",784.58
"13595",784.48
"15714",783.96
"18248",783.02
"12761",782.95
"16836",782.37
"15304",782.30
"15952",781.91
"13544",781.70
"17255",781.70
"17817",781.45
"15679",781.28
"16155",781.05
"15246",780.40
"12735",779.57
"13212",779.33
"14815",778.50
"16958",778.49
"13612",777.79
"13965",777.66
"16505",777.60
"13563",777.53
"15837",777.01
"15794",777.00
"12808",776.70
"15743",775.96
"13341",775.85
"17482",775.64
"15921",775.26
"15414",774.90
"13502",774.60
"15773",774.52
"18058",774.06
"18112",773.36
"15092",773.16
"15075",773.03
"16961",773.01
"16759",772.84
"17349",772.41
"16739",772.23
"14997",771.38
"14513",770.91
"13781",770.88
"12923",770.42
"14838",769.92
"12965",769.81
"12628",769.61
"16480",769.29
"18228",769.20
"16978",768.88
"13356",768.24
"12440",768.15
"17801",767.48
"13484",767.32
"13712",766.42
"14976",765.86
"12991",764.82
"14690",764.59
"14413",764.52
"15239",764.34
"17466",763.28
"15428",762.75
"15646",762.31
"16806",762.16
"13745",761.27
"15066",760.59
"17425",759.17
"17495",759.07
"13453",758.99
"18246",758.82
"15908",758.62
"15568",758.29
"13768",758.07
"15006",757.78
"13034",756.82
"16392",756.70
"14883",756.64
"16411",756.39
"14037",755.95
"15331",755.41
"18104",754.64
"18034",754.20
"14234",754.12
"14176",753.56
"14998",753.18
"13730",752.60
"13030",752.44
"14247",750.61
"13598",749.21
"14923",749.10
"16972",749.00
"14912",748.58
"15656",748.50
"13108",748.46
"15137",747.55
"15618",747.03
"15533",746.92
"17387",746.81
"17889",746.42
"14050",746.36
"14228",745.50
"17579",744.58
"14437",744.44
"12871",744.02
"13070",743.90
"14104",743.53
"13354",743.53
"17038",743.17
"15420",743.00
"14302",742.90
"18275",741.85
"13721",741.54
"13713",740.76
"15831",740.64
"15107",740.26
"17114",739.72
"15720",739.22
"12603",739.20
"17760",739.14
"15988",738.89
"12632",738.88
"15462",737.05
"15070",737.05
"17461",735.82
"18190",735.67
"12527",735.51
"13286",734.91
"15938",734.81
"17616",734.40
"12465",733.89
"12537",732.94
"13575",732.07
"13780",732.07
"14778",730.86
"13452",729.80
"12925",729.33
"15872",729.25
"17756",728.75
"13950",728.56
"12786",728.50
"17141",727.58
"13236",727.27
"16447",727.10
"16075",726.98
"13569",726.54
"16465",726.34
"16892",726.05
"18078",725.53
"12723",725.07
"15368",722.74
"16924",722.64
"13264",722.56
"13980",722.02
"18247",721.43
"13370",721.32
"13441",720.90
"13921",720.75
"16023",719.81
"13541",717.90
"13537",717.85
"12573",717.41
"17860",717.39
"16526",717.21
"15274",716.57
"12535",716.35
"15309",715.53
"18133",715.50
"12492",715.21
"14798",715.11
"15330",714.96
"16269",714.59
"17615",714.30
"14048",713.89
"13604",713.39
"13512",713.39
"14026",713.11
"13147",712.80
"17761",712.78
"17979",712.51
"14470",712.04
"16602",711.63
"15127",711.50
"13699",711.40
"17374",711.21
"13103",709.64
"12427",708.37
"12485",708.10
"14398",707.79
"12781",707.72
"12453",707.09
"14942",706.56
"17051",706.49
"12890",706.02
"16364",705.79
"16882",705.12
"12883",703.47
"15103",703.36
"17561",703.02
"16730",702.79
"14699",702.60
"16997",702.00
"17825",701.96
"14324",701.61
"14179",701.57
"16565",700.45
"13833",700.41
"17163",699.78
"13242",699.40
"16018",698.13
"16415",696.76
"13101",695.40
"15995",694.54
"15053",693.95
"12414",692.41
"17547",692.35
"17198",692.22
"17733",692.19
"12817",690.98
"14880",690.59
"13927",689.96
"16545",689.82
"16015",689.70
"17834",689.67
"13626",689.49
"17502",689.10
"15361",689.07
"14111",688.60
"18017",688.00
"14809",686.76
"16309",686.67
"13898",686.40
"16824",686.24
"12658",686.05
"15219",685.45
"15184",685.39
"12519",685.19
"14959",684.97
"16885",684.60
"14222",683.17
"15582",682.91
"13987",682.54
"18187",682.19
"12478",680.99
"18271",680.85
"18082",680.84
"13524",680.18
"13809",679.70
"14497",679.16
"17782",679.02
"16262",677.78
"15669",677.69
"16601",677.00
"13040",676.99
"13729",676.43
"18156",675.64
"12942",675.60
"13325",675.30
"16646",675.05
"13355",674.70
"16449",674.69
"13585",674.46
"13951",674.45
"12601",673.76
"14504",673.26
"16226",672.17
"15562",671.43
"17709",671.01
"13398",670.34
"15363",670.16
"17418",670.06
"13255",669.91
"15901",668.73
"16268",667.65
"12450",666.95
"14356",666.94
"14151",666.70
"18123",666.64
"13741",666.33
"14932",666.13
"17105",665.78
"13415",665.42
"16132",664.20
"16704",664.16
"13596",664.11
"15700",664.03
"14720",663.81
"13974",663.52
"16679",663.31
"17462",662.94
"12837",662.66
"13864",662.40
"16862",662.33
"14182",660.07
"14603",660.00
"15405",659.84
"13028",659.68
"15492",659.46
"13759",659.41
"14452",658.95
"14150",658.64
"17874",658.26
"16887",658.17
"15715",658.02
"16696",657.90
"17852",657.81
"17459",657.30
"13433",656.87
"16708",656.63
"14142",655.94
"17935",655.54
"17371",655.37
"15207",653.77
"17398",653.38
"18121",653.30
"16648",653.00
"17523",652.74
"17962",652.56
"17572",652.21
"13622",651.45
"13840",651.40
"16056",650.75
"16969",650.41
"16117",650.05
"15098",649.50
"15205",648.83
"13430",648.69
"12844",648.60
"16573",648.41
"16495",648.26
"17777",647.56
"15643",647.40
"16734",646.76
"13474",646.59
"15945",646.27
"15012",646.26
"14024",645.74
"16185",644.72
"17312",644.30
"16157",644.24
"17380",643.75
"12612",643.59
"17963",643.16
"13237",643.00
"12624",641.13
"13318",640.76
"14563",640.54
"12538",640.45
"12880",640.13
"12734",639.65
"18163",639.34
"12699",638.11
"15183",637.03
"14664",636.24
"15829",636.14
"16534",635.90
"14425",635.89
"16428",635.54
"14537",635.45
"15297",635.04
"17334",634.73
"14365",634.68
"17779",633.92
"14219",633.83
"15045",633.66
"17375",632.95
"15666",632.94
"13820",632.50
"13540",632.39
"13822",632.00
"17985",631.35
"13706",631.17
"16193",630.43
"16399",630.22
"13525",628.78
"14283",628.44
"13480",627.82
"17691",627.35
"13518",627.16
"14036",626.65
"14381",625.94
"16715",625.52
"17134",625.30
"16750",623.93
"16792",623.46
"16431",623.28
"15258",623.16
"12575",622.82
"14115",622.67
"17430",622.57
"18101",622.01
"14169",621.51
"16368",621.44
"12667",620.13
"13444",619.08
"14079",618.73
"13493",618.63
"16613",618.59
"12596",618.27
"13301",618.09
"13496",617.93
"15956",617.60
"14377",617.05
"13925",616.65
"16311",616.26
"16330",615.68
"17639",615.17
"14077",615.08
"16847",614.89
"16844",614.34
"16343",614.12
"14558",614.10
"16566",614.01
"13914",613.95
"14570",613.75
"15362",613.08
"15016",612.89
"12855",612.84
"16178",612.60
"17005",612.41
"16589",612.36
"15232",612.06
"16158",611.32
"16922",611.08
"14793",611.05
"13731",610.59
"14636",609.85
"15748",609.81
"17325",609.57
"15275",609.19
"16675",608.86
"13933",608.79
"15147",608.65
"12719",608.10
"15717",607.00
"13020",606.96
"16781",606.40
"17507",605.58
"17707",605.05
"12944",604.51
"12707",603.42
"18264",603.25
"16022",602.63
"13836",602.52
"12654",601.98
"17998",601.74
"17270",601.45
"15276",601.30
"14254",601.03
"15257",600.90
"14339",600.66
"18183",600.52
"12420",600.39
"17745",600.34
"18211",600.07
"16077",600.00
"12521",599.68
"12556",599.56
"14611",599.38
"13832",598.64
"13311",598.57
"15424",597.78
"14569",597.33
"15631",596.67
"16780",596.40
"14965",596.09
"17845",596.09
"17209",595.70
"13558",594.52
"15442",594.00
"15929",594.00
"17119",593.61
"13314",593.51
"14746",593.50
"16412",593.19
"16116",592.88
"16776",592.51
"13472",592.24
"17473",592.15
"17815",591.96
"13811",591.75
"17483",591.73
"15346",591.65
"15524",591.40
"17098",591.07
"17968",590.44
"13270",590.00
"15160",589.27
"15624",588.13
"15191",588.05
"15097",587.05
"17890",586.89
"12513",586.79
"13106",586.46
"14729",586.24
"17392",585.92
"12791",585.15
"14455",584.37
"12800",584.25
"14023",584.07
"15762",583.75
"14670",583.33
"16445",583.16
"15918",582.88
"16100",582.64
"16802",582.61
"18232",582.47
"17099",582.17
"15648",582.05
"14771",579.92
"14742",579.85
"17678",579.81
"15588",579.60
"14529",578.61
"18262",577.54
"17557",575.46
"17773",575.37
"12859",575.10
"14323",574.26
"16658",573.48
"13262",573.45
"17274",573.22
"13379",572.56
"13179",572.31
"14053",572.30
"12816",572.20
"17156",572.07
"15821",570.96
"17122",570.50
"15857",570.48
"14170",570.18
"17433",569.96
"15169",569.22
"15920",569.14
"18244",568.64
"17035",568.39
"13321",567.36
"16667",567.18
"14208",567.05
"14173",566.95
"15627",566.90
"13998",566.70
"18150",566.58
"12384",566.16
"16250",565.24
"15143",563.63
"16590",563.60
"12790",563.45
"17665",563.10
"14986",563.10
"17195",562.98
"17970",562.79
"17014",562.68
"17233",560.86
"17413",560.14
"14273",559.97
"15415",559.61
"15198",559.45
"17503",558.96
"17223",558.04
"14592",557.94
"13424",557.92
"13260",557.62
"13406",557.22
"16720",556.69
"18127",556.13
"13816",555.04
"15102",554.67
"15634",554.65
"15597",554.52
"16641",554.50
"17407",552.90
"12879",552.57
"17016",552.40
"12363",552.00
"15315",551.54
"13677",551.24
"16414",551.21
"17674",551.04
"17291",550.80
"17265",550.01
"12390",549.84
"16111",549.33
"15055",549.12
"15200",549.05
"16936",548.29
"18039",548.22
"16031",547.90
"15830",547.70
"15350",547.60
"16811",547.07
"17637",547.06
"17295",547.00
"17520",546.81
"15080",546.25
"17806",546.04
"13684",544.42
"16475",544.30
"13390",544.08
"13955",544.07
"13008",543.28
"14716",543.28
"16927",543.05
"15598",543.02
"15959",542.89
"13785",542.49
"15675",542.04
"16230",542.03
"16060",541.95
"16647",541.90
"17447",541.53
"17580",541.02
"12819",540.52
"12743",540.13
"18056",539.75
"15546",539.55
"15650",539.03
"13812",539.00
"15539",538.46
"16536",538.17
"14539",537.48
"16804",536.99
"13948",536.86
"17011",536.70
"18140",536.41
"12559",536.21
"13894",535.97
"13207",535.86
"15890",535.65
"13024",535.42
"16142",535.34
"12810",534.99
"13385",534.57
"17443",534.24
"16785",533.78
"16707",533.41
"15825",532.94
"15659",532.49
"14940",531.49
"16706",531.35
"16935",530.86
"15917",530.17
"18159",530.15
"14002",529.73
"17681",529.60
"17458",529.58
"18191",529.40
"18043",529.29
"15842",528.75
"17999",528.46
"13057",528.24
"15115",528.10
"15756",528.01
"18098",527.94
"14616",527.78
"18053",527.77
"16421",526.27
"15919",525.69
"14417",524.65
"15683",524.54
"17765",524.00
"13277",523.30
"17712",522.91
"13605",522.67
"16413",522.03
"17514",522.00
"12956",521.89
"17436",521.31
"15689",521.03
"13977",519.81
"13287",519.67
"12571",519.61
"12777",519.45
"16001",519.06
"13190",518.76
"12825",518.63
"13600",518.42
"18205",517.36
"14429",516.28
"13859",515.86
"18243",515.78
"17510",514.56
"18212",514.37
"12897",514.25
"12977",513.88
"16829",513.32
"16576",513.17
"13177",512.20
"15467",511.88
"15691",511.80
"15891",511.68
"15655",511.32
"12361",511.25
"16561",511.12
"13367",510.20
"16406",509.66
"13710",509.52
"14034",509.09
"12436",509.01
"17524",508.90
"15417",508.80
"17391",508.80
"14317",508.58
"13067",508.51
"13594",508.42
"14552",507.93
"17415",507.84
"14158",507.66
"17384",507.55
"13885",506.80
"13123",506.75
"14647",506.04
"12988",505.82
"18207",505.12
"14807",504.14
"17630",503.60
"12376",503.15
"12419",503.01
"17266",501.72
"13865",501.56
"14968",501.24
"13247",501.12
"18049",500.92
"17248",500.54
"16616",500.42
"12366",500.24
"17110",499.90
"13553",499.60
"15193",499.32
"17256",498.93
"14171",498.79
"13961",498.70
"14949",498.55
"16820",497.61
"17335",497.04
"17923",497.00
"15300",496.44
"17053",496.38
"15278",496.16
"12904",496.06
"16977",496.00
"17995",495.48
"16352",494.44
"17333",494.25
"12763",494.08
"14008",493.74
"14270",492.65
"18203",492.52
"16488",492.20
"14310",492.10
"13732",491.86
"17269",491.81
"14663",490.60
"15000",490.52
"14416",490.22
"12983",490.08
"12634",490.00
"17715",489.60
"14722",489.52
"12943",489.00
"17608",488.06
"15165",487.75
"13412",487.35
"16021",487.03
"13675",486.82
"17453",486.72
"12920",486.64
"15138",486.59
"17548",486.48
"13153",486.22
"15216",486.09
"17658",485.88
"12443",485.31
"13116",485.19
"15447",484.93
"16999",484.82
"13733",484.53
"16024",483.99
"16603",482.47
"17996",482.33
"18216",481.75
"17106",481.58
"13176",481.49
"15174",481.46
"17988",479.59
"12979",479.54
"13428",478.54
"12479",477.30
"14319",476.95
"15344",476.58
"12447",476.49
"15277",476.34
"15507",475.86
"15780",475.28
"17104",474.03
"16635",473.00
"16080",472.90
"13194",472.78
"15973",472.57
"18280",472.45
"14975",472.39
"13161",472.13
"13043",471.57
"12797",471.43
"15721",471.40
"15963",470.76
"16473",469.58
"17254",469.48
"14058",469.19
"14369",469.13
"15557",468.91
"15387",468.65
"12554",468.50
"17294",467.79
"17187",467.71
"14029",467.66
"16390",467.50
"12958",467.34
"14052",466.66
"14148",466.29
"14237",466.04
"16504",465.88
"13248",465.68
"13928",464.57
"15349",463.91
"18083",463.53
"17040",463.25
"17964",463.21
"14331",462.66
"17680",462.50
"14954",462.12
"15958",462.12
"15540",460.68
"12491",460.40
"16310",460.08
"17111",459.58
"13642",459.45
"16596",458.98
"14118",458.45
"13957",458.25
"14599",457.89
"15121",457.72
"16069",457.70
"12564",456.90
"15589",456.58
"14819",456.41
"15018",456.26
"12999",455.88
"12375",455.42
"15585",455.30
"14335",454.86
"16765",454.75
"17067",454.54
"12459",454.36
"16038",454.33
"17140",454.12
"15475",454.11
"17564",454.01
"17376",453.64
"12729",453.01
"14184",452.89
"14011",451.92
"18158",451.75
"13698",451.73
"18100",451.56
"18031",451.30
"15961",451.29
"12831",451.11
"15124",450.82
"16870",450.16
"14784",449.93
"16039",449.65
"13489",449.52
"15126",449.49
"12448",449.45
"15418",449.42
"17823",449.25
"15739",449.12
"18176",448.65
"14296",448.45
"14761",447.92
"16799",447.83
"14780",447.68
"18201",447.53
"13754",447.05
"16095",447.05
"17476",446.51
"13877",446.33
"17370",446.18
"17276",445.44
"18134",445.00
"12788",444.90
"17344",443.86
"14638",443.60
"18222",443.00
"14996",442.29
"17699",442.00
"12907",440.36
"18233",440.00
"17643",439.70
"16025",439.66
"16968",439.43
"13086",439.33
"13432",439.10
"16519",439.06
"13358",439.03
"17729",438.65
"15859",438.46
"15881",438.24
"17807",437.87
"15877",437.83
"12552",437.82
"15158",437.66
"17070",437.42
"18284",436.68
"16084",436.18
"14123",436.18
"14311",435.90
"13150",435.02
"13738",434.78
"14238",434.23
"16888",434.20
"14093",433.86
"16939",433.85
"18029",433.77
"15613",433.72
"16522",433.36
"17178",432.96
"17687",432.68
"16236",432.20
"16881",432.00
"14042",431.98
"15488",431.92
"13066",430.90
"17842",430.69
"12795",430.48
"16404",430.30
"12827",430.15
"15450",429.84
"14979",429.66
"15230",429.60
"15036",429.56
"15553",428.93
"12452",428.57
"18089",428.45
"16481",428.23
"15360",427.93
"12740",427.60
"13624",427.18
"18285",427.00
"17740",426.90
"13171",426.81
"18152",426.69
"15930",426.63
"12445",426.48
"15217",426.24
"14877",425.85
"17103",424.30
"16913",423.91
"17330",423.80
"12542",423.38
"14097",422.86
"13374",422.80
"16137",422.70
"18240",422.58
"16149",422.22
"13964",421.90
"16773",421.24
"14757",420.50
"15206",420.30
"15711",420.25
"14575",420.22
"13442",419.87
"16541",419.78
"13096",419.70
"14124",419.58
"13079",419.18
"15262",418.82
"12593",418.10
"13073",418.08
"17701",417.95
"15433",417.87
"17232",417.77
"16832",417.61
"14762",417.57
"12833",417.38
"17258",417.30
"16816",417.06
"12493",416.79
"16957",416.64
"15011",416.60
"12608",415.79
"15725",415.25
"13565",414.80
"16356",414.42
"18278",414.20
"13002",414.13
"14288",413.85
"13669",413.55
"14082",413.36
"17601",413.08
"17767",413.05
"17662",412.92
"16932",412.55
"18050",412.06
"16272",411.70
"12504",411.00
"18011",410.79
"12579",410.72
"12672",410.50
"15099",410.48
"17598",409.98
"12930",409.90
"15728",409.80
"13827",409.80
"14581",409.65
"14348",409.57
"15225",409.40
"16864",409.25
"16921",409.21
"16243",409.10
"13686",409.04
"12974",408.95
"16629",408.63
"16324",408.59
"17285",407.94
"14846",406.80
"12353",406.76
"14627",406.40
"16632",406.40
"17000",406.30
"12741",406.07
"16815",406.02
"12922",405.38
"13640",405.00
"15968",404.55
"13574",404.45
"16319",404.40
"12498",403.70
"17785",403.38
"17431",403.30
"13530",402.98
"16315",402.71
"15888",402.12
"12386",401.90
"14494",401.46
"14471",400.95
"18270",400.35
"17168",400.20
"15501",399.95
"15966",399.58
"18128",399.29
"13143",399.20
"17052",399.09
"18111",398.90
"17830",398.70
"15522",397.99
"12508",397.88
"15037",397.76
"15280",397.52
"13807",397.30
"17789",397.15
"12824",397.12
"17486",396.87
"15883",396.48
"17918",396.39
"18067",396.33
"15577",396.03
"13879",395.50
"13083",395.43
"16538",395.07
"18048",394.93
"18164",394.70
"16207",394.38
"15386",394.14
"16998",394.02
"15960",394.00
"12499",393.72
"17300",393.64
"15437",393.45
"14620",393.28
"15504",392.75
"16827",392.13
"16424",392.06
"16783",391.95
"15342",391.76
"15446",391.65
"15461",391.30
"14072",390.85
"14197",390.05
"14910",389.86
"17116",389.78
"17379",389.72
"14752",389.64
"12677",389.30
"13352",389.28
"17479",389.26
"17286",389.18
"12690",389.01
"15592",388.58
"13896",388.55
"13899",388.52
"13673",387.44
"17771",387.41
"17718",386.98
"17595",386.69
"14678",386.44
"17614",386.32
"14779",386.15
"16492",385.56
"12973",385.55
"14826",385.20
"17711",385.10
"17171",384.59
"16868",384.56
"16433",384.52
"17357",384.39
"14358",384.30
"14322",384.30
"13966",384.26
"16982",384.06
"15155",383.97
"13792",383.95
"12515",383.70
"15440",383.68
"12547",383.58
"12832",383.03
"13817",382.98
"17403",382.87
"14767",382.81
"16988",382.67
"13657",382.14
"17250",381.97
"14908",381.90
"16304",381.66
"15090",381.32
"17393",381.15
"17903",381.09
"12796",381.00
"17936",380.13
"14731",380.02
"16577",380.00
"16552",379.73
"17753",379.56
"16484",379.40
"14200",379.20
"16930",378.89
"17804",378.68
"13372",378.64
"13954",378.59
"17078",378.20
"13345",377.60
"15048",377.52
"12941",377.49
"17783",376.96
"17717",376.92
"17489",376.64
"14353",376.50
"13997",376.46
"14531",376.34
"13688",375.50
"14448",375.35
"14294",375.34
"14067",374.70
"17568",374.45
"14736",374.05
"13351",373.94
"13283",373.36
"13197",373.01
"12981",372.22
"13597",372.21
"17245",371.63
"15472",371.56
"18162",371.51
"15975",371.01
"15063",370.80
"15765",370.63
"15458",370.44
"17094",370.40
"16148",370.37
"17437",369.68
"16758",369.34
"14888",369.20
"15477",368.40
"17792",368.35
"15989",368.31
"15345",367.69
"14706",367.54
"14018",367.15
"14962",366.91
"12899",366.40
"17911",366.23
"12889",365.66
"16974",365.50
"12651",365.30
"15429",364.90
"17536",364.83
"14886",364.80
"15949",364.72
"15343",364.50
"15915",364.45
"14528",364.22
"16909",364.14
"16509",363.70
"15922",363.60
"14253",363.40
"14594",363.33
"16078",362.99
"16378",362.95
"17573",362.90
"13962",362.80
"15029",362.15
"16052",362.06
"18110",362.03
"13844",361.62
"14950",361.25
"16305",361.22
"16448",361.12
"13274",360.85
"18091",360.85
"17772",360.75
"17012",360.61
"17945",360.35
"18208",360.08
"13298",360.00
"15008",360.00
"13181",359.69
"14919",359.35
"17912",359.15
"17948",358.56
"16856",358.49
"17748",358.15
"13228",358.00
"16606",357.66
"15595",357.60
"18040",357.20
"18273",357.00
"14500",356.85
"17200",356.71
"14172",356.27
"12544",355.70
"12996",355.50
"16920",355.45
"15863",355.10
"14268",354.85
"14244",354.82
"15986",354.42
"12845",354.09
"16323",353.66
"18003",353.51
"13210",353.48
"14804",353.27
"16382",353.10
"12617",352.98
"13765",352.82
"16857",352.80
"16274",351.75
"14333",351.45
"16192",351.30
"13923",351.13
"14252",350.99
"13332",350.90
"15334",350.82
"12532",349.83
"13670",349.70
"13887",349.55
"14545",349.25
"16355",349.20
"17252",348.91
"13790",348.80
"17577",348.75
"15282",348.59
"16263",348.16
"18155",347.82
"12760",347.80
"17668",347.75
"15085",347.54
"12895",347.30
"13062",346.98
"12411",346.90
"12566",346.70
"17780",346.56
"13234",346.50
"16423",346.12
"13413",345.80
"15840",345.66
"12829",345.35
"13774",345.00
"14633",344.90
"15337",344.72
"15519",344.61
"17569",344.14
"13068",344.00
"16990",344.00
"15120",343.82
"15047",343.62
"15520",343.50
"18081",343.45
"12715",343.36
"17810",343.21
"18250",342.92
"17795",342.83
"13550",342.55
"16851",342.45
"14989",342.40
"17835",342.24
"17660",342.22
"18199",342.20
"14724",341.90
"16826",341.70
"16585",341.59
"13347",341.36
"13252",341.30
"17928",341.24
"16259",340.94
"14491",340.93
"17542",340.85
"16044",340.84
"15818",340.50
"13584",340.40
"12900",340.33
"14840",340.21
"12698",339.75
"13737",339.60
"14203",339.34
"17697",338.95
"14630",338.65
"17833",338.46
"14799",338.15
"17296",338.13
"12869",337.67
"14926",337.65
"13545",337.64
"17736",337.49
"15942",337.44
"12780",337.40
"13930",337.34
"17973",337.04
"16476",337.00
"17488",336.50
"15619",336.40
"13482",336.09
"16690",336.08
"14196",335.52
"16063",335.32
"17917",335.03
"12489",334.93
"17821",334.62
"12350",334.40
"17607",333.81
"13216",333.74
"14241",333.70
"15781",333.56
"16006",332.82
"13904",332.64
"16850",332.41
"16803",332.30
"16452",332.17
"17647",331.66
"15512",331.58
"17435",331.35
"13519",331.26
"16030",331.24
"16478",331.00
"15878",330.77
"14517",330.45
"13010",330.12
"15130",330.11
"12850",330.00
"18186",329.58
"17518",329.42
"17914",329.36
"17154",329.34
"15153",329.25
"15979",329.22
"14012",328.80
"16855",328.40
"16318",328.15
"15709",327.85
"17196",327.75
"15735",327.68
"16166",327.48
"13981",327.39
"13498",327.38
"16322",326.75
"12460",326.65
"16604",326.25
"18047",326.09
"17439",325.74
"12804",325.37
"13661",325.24
"15213",325.05
"13801",324.80
"15982",324.51
"12946",324.45
"18261",324.24
"16685",324.24
"17776",323.81
"12495",323.40
"13025",323.39
"13646",323.30
"16195",323.25
"14263",322.93
"16627",322.80
"13187",322.66
"16342",322.41
"14424",322.08
"15726",321.91
"18090",321.90
"13111",321.88
"17976",321.79
"17471",321.65
"14070",321.60
"15770",321.45
"14823",321.43
"17182",321.30
"15869",321.11
"15236",321.05
"15323",320.90
"12365",320.69
"14622",320.58
"13986",320.46
"17843",320.40
"17309",320.39
"13942",320.00
"13843",319.75
"16967",319.02
"17229",318.76
"16273",318.34
"14703",318.17
"17839",318.15
"18253",317.88
"17267",317.20
"15616",317.11
"17689",317.08
"15682",316.99
"16761",316.62
"15204",316.58
"13494",316.26
"18117",315.65
"12614",315.60
"15042",315.45
"15670",315.20
"16091",315.06
"17121",314.74
"14991",314.67
"18206",314.66
"12650",314.44
"17440",314.26
"12888",313.77
"15196",313.70
"13087",313.64
"16582",313.62
"14981",313.52
"13845",312.98
"16234",312.78
"15318",312.62
"13226",312.46
"12834",312.38
"17326",312.35
"12529",311.78
"14951",311.69
"13990",311.30
"16328",310.83
"14094",310.82
"13847",310.72
"16439",310.70
"15185",310.62
"14848",310.56
"15188",310.43
"13315",310.26
"14749",310.15
"13628",310.14
"17181",309.85
"14122",309.77
"15699",309.65
"16373",309.49
"16683",309.35
"17563",309.28
"12884",309.05
"15010",308.94
"16194",308.60
"14181",308.35
"14927",308.20
"15778",307.95
"13289",307.95
"16123",307.78
"13529",307.76
"18070",307.75
"13060",307.53
"17120",307.46
"13932",307.40
"15374",307.32
"17721",307.21
"13036",307.10
"13142",307.09
"15087",306.94
"16649",306.58
"13718",306.55
"13281",306.45
"16524",306.19
"17077",306.00
"15454",305.99
"14168",305.90
"16796",305.62
"16181",305.54
"14783",305.35
"13383",305.28
"15893",305.28
"15163",304.47
"18185",304.25
"16674",304.24
"14990",304.17
"17383",304.09
"13343",303.93
"16489",303.70
"14791",303.63
"14806",303.43
"16689",303.26
"18255",303.15
"16425",302.70
"18165",302.46
"15308",302.27
"15054",302.10
"15242",302.04
"13773",301.54
"12665",301.45
"15667",301.32
"15148",301.29
"13625",301.26
"15432",301.26
"16437",301.25
"13400",300.93
"12351",300.93
"16479",300.83
"16050",300.70
"17556",300.67
"17793",300.34
"14797",300.31
"17991",300.30
"15724",299.80
"12852",299.75
"14043",299.65
"17766",299.61
"12864",299.57
"13346",299.40
"17898",299.18
"13667",299.05
"15880",299.03
"12595",299.02
"17824",298.40
"12881",298.00
"16583",297.95
"13164",297.46
"18059",296.71
"13751",296.25
"12898",296.21
"13504",295.93
"13660",295.74
"14614",295.13
"17057",294.74
"17301",294.39
"14747",294.30
"17506",294.29
"15060",294.25
"17124",294.24
"14137",294.10
"17927",294.00
"15718",293.79
"15135",293.78
"14192",293.74
"15928",293.53
"17710",293.50
"16402",293.45
"17441",293.35
"14835",293.10
"17207",292.62
"16721",292.47
"16956",292.34
"13739",292.20
"14985",292.01
"13449",291.88
"17907",291.76
"17882",291.56
"18182",291.13
"14727",291.13
"15302",291.05
"17551",290.34
"13796",289.70
"15962",289.48
"15041",289.40
"14162",289.36
"15545",288.97
"17501",288.60
"16808",288.42
"14010",288.10
"16432",287.40
"17497",287.25
"13508",287.05
"17688",286.50
"16555",285.89
"14660",285.74
"14402",285.60
"16890",285.41
"13708",285.33
"17627",285.11
"16429",284.55
"15445",284.50
"17359",284.46
"13616",283.85
"15662",283.73
"15391",282.92
"13909",282.85
"15936",282.79
"16557",281.85
"13326",281.76
"13679",281.26
"18042",281.15
"15772",280.88
"12851",280.76
"14433",280.70
"14242",280.55
"13581",280.53
"17247",280.09
"15556",279.77
"14183",278.34
"14303",277.94
"15338",277.93
"16543",277.81
"15355",277.05
"13606",276.75
"13272",276.56
"12750",275.88
"13399",275.40
"16297",275.40
"16313",274.15
"17072",273.35
"12789",273.35
"13307",273.34
"17355",273.31
"17498",272.22
"13917",272.04
"14816",271.85
"17292",271.75
"14436",271.70
"13058",271.40
"15943",271.29
"17278",271.24
"18238",270.92
"14520",270.60
"16757",270.48
"15609",270.03
"12807",269.95
"15964",269.21
"13533",269.09
"17264",268.28
"12751",268.27
"18254",267.90
"14039",267.28
"15408",267.18
"15320",267.13
"15517",267.03
"17786",266.85
"14863",266.76
"13837",266.59
"14392",266.40
"15119",266.40
"12962",266.39
"13217",266.12
"17636",265.93
"16321",265.50
"13973",264.70
"16615",264.50
"16579",264.45
"13369",263.75
"16334",263.73
"16286",263.65
"13128",263.50
"16089",263.49
"12892",263.38
"17808",262.64
"12771",262.50
"13331",262.40
"17910",261.70
"14957",261.69
"14269",261.68
"12655",261.35
"13080",260.83
"13189",260.68
"17901",260.08
"17022",260.00
"12487",259.80
"16733",259.68
"14149",259.43
"16217",259.39
"13127",259.17
"17558",259.17
"17219",259.13
"15536",259.09
"14526",258.65
"13683",258.60
"16502",258.55
"15894",258.25
"13227",257.70
"15014",257.67
"16542",257.32
"15503",257.30
"15852",257.26
"15404",257.06
"14876",256.70
"14274",256.60
"12430",256.40
"13806",256.38
"17896",256.32
"17385",256.11
"13825",255.59
"14881",255.40
"13121",254.73
"12604",254.18
"14765",254.11
"17626",254.00
"16845",253.88
"17992",252.88
"18267",252.87
"15019",252.81
"15035",252.73
"13251",252.68
"15552",252.52
"16074",252.50
"13404",252.49
"13645",252.10
"17210",251.72
"16453",251.71
"16976",251.52
"16911",251.35
"13861",251.31
"14166",251.15
"18266",251.10
"16962",251.04
"14764",250.55
"17303",250.04
"15510",250.00
"16893",249.89
"12563",249.24
"14483",249.20
"13061",248.61
"13592",247.96
"13834",247.89
"16381",247.85
"15293",247.50
"13349",247.32
"14658",247.15
"14654",246.86
"15697",246.75
"13943",246.54
"15378",246.50
"15495",246.50
"15783",246.30
"18153",246.22
"16778",245.94
"13250",245.59
"14325",245.48
"14281",245.15
"12660",245.10
"15118",244.80
"13511",244.61
"13905",244.45
"16528",244.41
"18002",244.37
"14694",244.31
"13551",244.20
"17892",244.10
"17925",244.08
"16793",243.84
"13886",243.56
"17339",243.36
"16215",242.35
"15543",242.26
"17009",242.06
"13445",241.90
"13582",241.68
"15776",241.62
"15162",241.50
"14774",241.45
"14523",241.09
"16427",241.06
"16508",240.95
"15286",240.55
"15336",240.50
"15931",239.90
"15690",239.76
"13570",239.49
"13789",239.46
"17684",239.41
"14777",239.26
"17981",239.12
"13275",238.86
"12561",238.85
"15884",238.65
"12718",238.25
"16280",238.05
"14982",237.78
"17877",237.61
"15457",237.07
"18024",236.78
"12732",236.26
"13088",236.11
"16026",236.09
"17093",235.88
"17872",235.87
"16046",235.78
"12392",234.75
"13114",234.38
"14473",234.34
"17060",234.24
"12736",234.00
"13009",234.00
"13348",233.76
"14153",233.40
"13129",233.25
"17055",232.85
"13678",232.60
"18213",232.48
"16971",232.21
"13608",232.05
"14995",231.98
"16408",231.93
"17151",231.90
"16436",231.84
"17136",231.68
"18279",231.34
"15487",231.32
"12746",230.85
"15941",230.60
"17125",230.50
"13960",230.22
"14017",229.75
"12812",229.64
"13403",229.50
"17185",229.46
"15528",229.33
"15273",228.96
"17347",228.96
"13146",228.91
"15231",228.36
"17066",228.34
"14458",228.07
"16760",228.00
"15566",227.87
"14363",227.47
"17868",227.15
"17617",227.14
"16740",226.91
"15451",226.86
"18005",226.47
"14718",226.42
"17993",225.99
"14069",225.81
"17915",225.78
"16587",225.15
"14357",225.12
"13619",224.94
"16346",224.51
"15175",224.14
"12914",223.98
"16753",223.92
"16562",223.86
"13926",223.85
"17967",223.42
"18131",222.96
"12887",222.40
"15294",222.30
"14596",222.22
"14598",221.97
"14314",221.90
"14445",221.65
"17261",221.59
"17087",221.53
"18197",221.40
"14960",221.27
"13419",221.06
"12821",220.80
"18030",220.70
"16482",220.62
"13033",220.55
"18132",220.13
"18114",220.10
"13454",219.87
"13992",219.50
"14074",219.40
"15096",219.39
"12799",219.35
"15423",219.14
"12702",219.00
"15790",218.75
"15086",218.53
"12574",218.45
"15591",217.90
"16035",217.73
"16666",217.71
"15554",217.20
"13423",217.03
"15401",216.95
"18021",216.41
"17902",216.40
"15604",216.39
"13858",216.17
"13674",215.88
"16179",215.83
"15788",215.53
"16189",215.48
"14376",215.46
"14635",215.22
"18007",215.22
"16338",214.80
"14106",214.80
"14361",214.71
"17619",214.37
"15460",214.26
"14271",214.18
"14601",213.96
"18157",213.90
"13621",213.85
"17153",213.78
"13411",213.55
"16591",213.50
"16897",213.03
"13724",213.01
"16302",212.82
"13691",212.78
"12961",211.99
"12470",211.95
"15866",211.89
"14843",211.80
"15703",211.50
"14992",210.50
"13532",210.31
"17217",210.10
"16874",209.89
"17484",209.57
"13828",209.49
"13056",209.48
"14003",209.41
"16487",209.40
"15112",209.40
"17855",208.97
"13651",208.95
"17743",208.85
"15327",208.75
"15741",208.62
"15897",208.59
"16457",208.36
"12848",208.00
"16964",207.85
"16866",207.74
"15052",207.73
"16752",207.50
"13099",207.36
"17989",207.33
"15925",207.15
"15295",207.04
"15820",206.98
"14964",206.21
"15914",205.99
"14278",205.83
"16540",205.75
"17670",205.70
"16622",205.60
"14602",205.36
"15307",205.30
"12400",205.25
"15758",205.25
"15319",204.50
"14928",204.46
"17271",204.30
"16901",204.26
"14468",204.24
"17206",204.24
"13017",204.00
"12663",204.00
"17394",203.87
"17891",203.86
"14519",203.14
"17074",203.05
"15459",202.83
"18169",202.65
"12416",202.56
"14892",202.35
"14385",202.11
"16965",201.19
"18281",201.14
"18126",200.92
"13556",200.82
"12995",200.72
"14330",200.63
"13133",200.45
"13944",200.43
"16669",200.15
"14782",200.10
"15593",199.80
"13322",199.48
"15001",199.11
"15020",198.47
"17184",198.41
"12581",197.71
"17778",197.70
"14185",197.65
"14789",197.64
"17112",197.57
"12927",197.31
"15234",197.00
"13436",196.89
"13978",196.79
"16937",196.25
"13284",196.15
"16112",195.74
"13757",195.55
"15212",195.43
"14666",195.25
"15612",195.15
"14405",195.00
"17468",194.80
"17475",194.37
"14476",193.00
"12522",192.72
"18028",192.05
"14100",191.95
"15909",191.94
"16695",191.90
"14279",191.86
"15692",191.04
"15954",190.75
"14728",190.58
"15688",190.57
"15412",190.53
"14617",190.47
"13766",190.35
"14501",190.31
"13972",190.25
"17257",189.78
"18046",189.63
"17166",189.49
"14801",189.34
"14830",188.88
"16277",188.69
"14697",188.61
"17283",188.46
"16051",188.44
"13063",188.40
"17781",188.02
"17279",187.83
"16900",187.69
"15072",187.52
"18013",187.29
"13568",187.05
"17693",187.02
"13387",186.94
"16267",186.66
"18063",186.60
"17215",186.15
"16388",186.05
"15567",186.01
"12641",185.90
"17574",185.65
"17010",185.46
"14879",185.06
"16097",185.05
"14677",184.91
"17803",184.66
"16914",183.76
"14059",183.60
"13460",183.44
"14983",183.20
"15746",182.96
"16819",182.59
"14941",182.10
"12934",181.65
"15490",181.35
"16594",181.09
"14858",180.75
"18119",180.70
"16090",180.56
"12622",180.10
"18234",179.60
"14945",179.40
"16640",179.40
"18147",179.34
"15895",179.17
"16490",179.16
"14705",179.00
"15209",178.98
"15139",178.96
"14812",178.85
"16691",178.83
"16299",178.65
"17879",178.52
"15292",178.39
"18045",178.34
"17253",178.26
"17798",178.07
"13618",177.34
"12618",177.31
"13072",177.15
"17036",176.90
"16285",176.90
"17587",176.71
"13746",176.69
"17947",176.68
"18282",176.60
"12893",176.55
"18054",176.50
"12509",176.50
"18175",176.10
"18084",176.03
"17840",175.90
"17026",175.83
"18166",175.50
"14486",175.50
"13007",175.25
"17331",175.20
"16144",175.20
"16559",175.00
"17108",174.95
"18010",174.80
"13826",174.65
"14518",174.37
"14674",173.66
"12441",173.55
"15565",173.16
"16741",173.06
"16599",172.80
"13671",172.60
"13271",172.37
"13690",172.25
"12442",172.06
"15515",171.81
"17983",171.71
"17575",171.70
"13560",171.42
"16312",171.15
"16673",171.13
"14536",170.95
"15403",170.88
"14811",170.50
"13852",170.45
"15256",170.40
"17922",170.40
"16731",170.30
"15335",170.22
"13747",169.80
"14218",169.48
"16002",169.21
"15647",169.00
"12367",168.90
"14578",168.63
"14860",168.62
"17904",168.32
"18099",168.31
"17737",168.24
"14131",168.22
"12551",168.00
"14521",167.65
"17559",167.62
"17367",167.55
"18037",167.42
"17586",167.40
"13609",167.35
"16405",167.25
"15166",167.16
"17875",167.10
"13547",167.08
"13967",166.30
"14495",166.30
"17650",166.08
"18088",166.03
"18107",165.88
"13903",165.45
"15316",165.00
"13470",165.00
"16663",165.00
"17408",164.89
"13191",164.69
"15904",164.68
"17535",164.40
"13603",164.34
"17417",164.18
"14955",163.77
"14354",163.62
"14119",163.47
"14485",162.80
"16517",162.70
"15359",162.60
"18174",162.50
"12954",162.45
"15733",162.30
"15534",162.25
"16443",162.24
"18014",162.22
"13672",162.07
"12661",162.00
"17971",161.94
"17600",161.67
"16113",161.38
"13714",161.35
"13779",161.13
"16403",161.05
"13229",160.95
"17605",160.75
"17202",160.65
"17487",160.55
"15229",160.50
"16645",160.39
"18146",160.35
"12966",160.18
"14571",160.00
"13701",159.55
"13302",159.20
"17953",159.17
"16213",159.00
"18224",158.95
"14089",158.75
"15499",158.65
"15548",158.09
"15348",158.04
"14318",158.02
"18004",157.92
"17751",157.86
"14207",157.80
"14822",157.70
"16687",157.63
"12894",157.35
"17318",157.33
"16371",157.20
"17128",157.09
"17118",157.02
"15007",156.91
"15742",156.87
"14406",156.75
"18018",156.69
"16578",156.60
"15438",156.58
"17820",156.56
"15263",156.51
"17885",156.34
"13051",155.80
"17832",155.37
"12738",155.35
"14368",155.00
"14046",154.99
"17698",154.95
"15740",154.88
"15729",154.70
"17899",154.55
"15226",154.41
"13490",154.25
"14814",154.21
"17517",153.94
"16908",153.59
"15560",153.52
"15431",153.24
"13676",153.15
"12602",153.12
"16248",152.94
"18138",152.65
"14066",152.55
"15509",152.41
"17327",152.35
"13653",152.20
"16617",151.85
"14362",151.50
"18076",151.49
"13697",151.30
"14287",151.23
"14516",151.17
"16662",151.05
"16337",151.05
"14980",150.68
"15991",150.55
"14084",150.50
"15775",150.50
"15474",150.35
"18200",150.35
"14845",150.00
"17234",149.89
"17946",149.58
"17390",149.30
"15435",149.29
"13003",149.05
"17549",148.86
"13125",148.62
"15526",148.44
"15684",147.80
"13578",147.66
"15479",147.40
"16724",147.35
"14098",147.35
"17794",147.30
"17030",146.87
"14683",146.56
"15496",146.14
"18137",145.99
"13866",145.67
"15937",145.35
"14972",145.07
"15902",145.01
"16852",144.91
"16822",144.84
"17938",144.29
"17186",144.00
"12587",144.00
"12387",143.94
"14604",143.86
"14574",143.70
"13457",143.27
"15705",143.10
"17149",143.10
"15761",143.05
"16507",142.71
"14386",142.40
"17859",141.92
"18038",141.48
"14041",141.41
"17273",141.12
"12636",141.00
"17959",140.75
"16598",140.70
"15388",140.54
"15702",140.39
"13420",140.35
"13483",140.34
"15324",140.22
"13839",139.95
"14073",139.54
"14768",139.50
"16483",139.35
"14772",139.26
"14707",139.20
"18209",139.10
"13273",138.98
"18269",138.90
"12902",138.68
"13716",138.28
"15873",138.24
"17982",138.18
"15663",138.14
"15848",137.99
"13907",136.80
"13195",136.73
"16237",136.65
"16651",136.20
"16876",136.01
"14366",136.00
"12968",135.95
"13830",135.95
"17583",135.95
"14889",135.90
"15419",135.86
"16114",135.75
"14391",135.60
"15283",135.43
"16665",135.40
"13076",135.40
"14588",135.39
"13144",135.35
"17972",135.19
"13702",135.18
"17960",135.08
"17199",135.04
"13119",134.90
"16055",134.80
"14340",134.70
"14174",134.46
"15926",134.44
"16486",134.36
"14586",134.16
"14280",134.04
"14349",133.50
"17881",133.35
"12959",133.35
"17826",133.34
"12964",132.24
"12512",132.18
"14438",131.90
"15558",131.88
"17565",131.83
"17455",131.70
"14795",131.45
"14378",131.25
"12565",131.17
"17225",131.15
"16865",130.95
"15844",130.74
"17240",130.60
"16410",130.32
"16288",129.85
"17762",129.75
"17847",129.69
"14999",129.48
"18020",129.28
"12555",129.23
"13071",129.22
"17056",128.60
"16828",128.50
"17089",128.45
"16251",128.31
"15892",128.20
"17297",128.18
"13666",127.90
"13053",127.65
"13586",127.28
"15578",127.10
"15923",127.08
"16973",127.00
"16840",126.71
"14751",126.45
"13279",126.30
"15463",126.14
"16294",126.05
"13794",126.03
"17657",126.00
"12814",125.92
"13522",125.80
"14773",125.70
"16925",125.65
"15017",125.58
"15731",125.30
"13912",124.95
"17148",124.88
"17818",124.78
"13312",124.75
"16849",124.57
"17316",124.45
"18000",124.25
"15779",124.08
"13968",123.66
"14187",123.50
"16397",123.13
"13876",122.70
"13638",122.64
"12969",122.45
"13244",121.74
"13182",121.18
"15049",121.17
"12858",121.08
"17260",120.95
"17446",120.90
"14884",120.60
"14444",120.44
"14165",120.44
"17543",120.05
"18015",120.03
"14259",120.00
"14453",119.93
"15161",119.92
"17541",119.86
"17177",119.50
"17170",118.98
"15843",118.95
"17280",118.86
"17079",118.80
"14155",118.75
"14076",118.67
"13257",117.95
"16291",117.72
"17654",117.55
"15836",117.47
"16959",117.35
"15409",117.20
"14726",116.50
"13084",116.45
"17117",116.20
"14874",116.18
"14143",115.80
"16068",115.73
"18027",115.31
"18012",115.30
"17603",114.91
"17401",114.85
"15905",114.69
"17933",114.69
"13188",114.60
"16247",114.56
"14632",114.56
"14652",114.18
"12938",114.14
"14582",114.11
"17275",114.10
"15056",113.65
"14457",113.64
"18105",113.48
"16821",113.35
"17784",112.86
"18148",112.85
"14689",112.80
"16697",112.75
"18129",112.55
"13241",112.53
"15610",112.46
"13620",112.34
"13193",112.08
"12756",112.08
"15317",112.05
"14750",112.03
"17957",111.68
"14668",111.63
"17304",111.50
"17887",111.35
"15352",111.15
"18120",111.15
"17208",111.15
"14464",111.00
"14509",110.95
"12692",110.95
"15537",110.92
"15853",110.80
"14787",110.65
"16963",110.55
"14641",110.46
"16544",110.30
"17836",110.21
"17909",110.05
"15851",109.73
"14033",109.44
"16363",109.36
"16064",109.31
"16664",109.20
"14721",109.07
"14345",108.98
"13170",108.81
"15875",108.52
"16106",108.38
"15935",108.04
"14374",108.00
"14661",107.95
"13580",107.75
"14943",107.62
"15395",107.45
"16301",107.33
"15328",107.24
"17893",107.21
"16047",107.14
"15846",107.01
"16082",106.75
"14637",106.68
"15168",106.56
"15927",106.54
"17791",106.10
"18103",105.80
"15642",105.78
"14579",105.56
"15340",105.50
"12929",105.10
"14027",104.82
"17328",104.70
"16630",104.30
"16547",104.26
"16375",104.00
"16896",103.95
"14542",103.25
"15924",102.82
"16396",102.70
"18124",102.65
"17467",102.60
"14836",102.45
"15486",102.00
"16462",102.00
"16516",101.70
"18068",101.70
"16944",101.36
"18086",101.34
"13235",101.17
"18195",101.16
"17741",101.10
"17493",100.91
"14946",100.90
"17224",100.86
"17427",100.80
"14371",100.50
"15635",100.35
"13703",99.50
"17939",99.14
"16289",98.81
"12774",98.70
"17538",98.42
"16694",98.30
"12984",97.50
"17395",97.50
"14642",96.12
"17816",96.11
"13793",96.00
"15583",95.96
"17024",95.85
"17895",95.45
"18249",95.34
"12548",95.20
"15285",94.92
"14833",94.80
"15868",94.53
"16073",94.35
"16339",94.05
"15397",94.00
"18033",93.82
"14394",93.80
"18227",93.75
"15305",93.60
"15082",93.35
"12992",93.35
"15816",93.30
"16196",93.30
"14865",92.52
"14054",92.46
"13160",91.80
"16831",91.80
"12659",91.68
"13392",91.14
"14786",90.96
"13947",90.60
"14435",90.42
"16506",90.30
"16597",90.04
"15686",90.00
"14117",90.00
"14974",89.94
"13535",89.50
"12686",89.14
"13222",88.50
"15083",88.20
"16564",87.80
"17606",87.30
"16498",86.12
"13180",86.10
"15541",85.13
"13841",85.00
"12401",84.30
"15094",83.00
"14347",82.60
"13469",82.40
"17065",82.35
"16028",82.20
"13215",81.60
"13006",81.57
"17620",81.44
"17008",81.36
"15170",81.15
"17336",81.12
"16789",80.80
"17752",80.64
"15833",80.40
"15131",80.28
"14109",80.20
"14190",79.90
"16165",79.90
"14007",79.48
"15753",79.20
"12570",77.52
"17942",77.50
"14785",77.40
"13132",77.30
"16867",76.74
"14373",76.55
"14090",76.32
"14613",76.32
"18113",76.32
"15668",76.32
"13219",76.23
"17628",75.75
"16610",75.66
"14559",75.60
"17192",75.28
"16420",75.00
"17944",74.99
"15603",74.73
"13095",74.40
"12506",73.50
"18032",73.50
"16171",73.20
"17906",72.90
"14717",72.80
"13105",72.00
"16459",71.79
"13938",71.66
"13185",71.40
"16970",71.40
"15564",70.74
"16581",70.44
"12568",70.00
"13172",69.60
"12861",68.25
"17249",68.03
"14393",67.95
"17532",65.34
"13022",65.30
"17747",64.65
"13130",64.00
"16238",63.66
"17216",63.60
"17263",63.44
"15470",63.42
"12404",63.24
"16058",62.70
"13218",62.64
"14650",62.50
"15516",62.43
"13380",62.40
"13303",61.72
"13818",61.28
"15375",60.96
"18256",60.60
"16605",60.48
"15250",60.00
"17174",59.90
"13391",59.80
"13682",59.50
"15233",59.40
"15371",59.40
"14384",58.50
"12466",56.73
"17775",56.40
"15899",56.25
"13366",56.16
"15685",55.98
"12776",55.50
"17494",54.70
"12860",54.22
"14760",53.80
"13306",53.65
"16349",53.50
"15313",52.00
"16786",51.84
"17844",51.56
"13254",51.41
"17763",51.15
"14351",51.00
"13011",50.55
"14743",50.48
"18184",49.80
"16530",48.35
"16257",46.95
"13438",46.50
"15698",46.20
"12496",45.34
"15672",45.30
"16061",44.95
"17599",44.55
"17916",43.87
"14300",43.20
"13913",42.22
"13906",42.00
"16219",40.80
"14266",40.56
"15178",40.50
"14086",39.95
"14589",39.75
"16659",39.12
"17246",38.92
"18019",38.45
"15455",38.25
"15693",37.50
"16162",37.40
"17352",36.25
"14993",36.13
"16417",35.70
"14576",35.40
"17831",35.40
"15744",34.80
"17533",34.80
"15871",33.10
"16941",33.00
"14977",31.93
"17129",31.85
"13915",31.20
"13120",30.60
"14144",30.60
"16548",30.15
"15575",30.10
"15657",30.00
"17319",29.10
"17102",25.50
"15284",24.75
"14610",24.35
"16537",23.35
"12606",21.00
"16953",20.80
"17986",20.80
"15999",20.40
"16093",17.00
"12846",15.58
"17900",15.00
"14580",14.85
"14900",13.92
"17956",12.75
"18115",9.70
"15040",7.49
"15913",6.30
"13788",3.75
"16738",3.75
"14095",2.95
"16454",1.90
"17570",0.00
"14827",0.00
"12503",0.00
"13829",0.00
"13163",0.00
"12467",0.00
"16886",0.00
"18274",0.00
"12768",0.00
"12558",0.00
"17378",0.00
"15940",0.00
"14557",0.00
"12607",0.00
"18072",0.00
"16878",0.00
"12773",0.00
"17592",0.00
"14103",0.00
"14213",0.00
"16252",0.00
"14792",0.00
"13364",0.00
"16995",-1.25
"16580",-5.00
"13112",-5.44
"14914",-5.85
"16446",-6.10
"17641",-6.95
"14925",-7.95
"17645",-9.90
"14763",-9.95
"16220",-10.17
"13749",-10.25
"16575",-10.49
"15383",-10.50
"16154",-10.50
"17632",-12.70
"13664",-13.14
"13054",-14.00
"13342",-14.10
"16703",-15.00
"12382",-18.38
"17130",-18.38
"15997",-23.40
"14120",-23.80
"13353",-28.85
"17485",-29.55
"12896",-29.75
"16512",-33.90
"15357",-36.75
"13528",-40.00
"14864",-48.75
"12346",-51.74
"17661",-54.00
"14906",-66.98
"16853",-67.50
"17755",-72.23
"12706",-91.89
"15354",-94.80
"14380",-99.73
"13910",-127.66
"13091",-130.22
"16514",-134.86
"16879",-140.96
"13463",-158.65
"17943",-165.03
"17424",-176.96
"13290",-208.63
"17452",-227.28
"15767",-242.70
"14832",-274.63
"14313",-302.31
"13633",-306.66
"13776",-340.17
"13231",-355.20
"14328",-445.06
"15802",-451.42
"17445",-506.51
"13409",-525.65
"14781",-530.31
"17546",-648.05
"14337",-658.63
"13378",-756.40
"16994",-779.32
"14308",-849.45
"14939",-934.66
"13335",-955.06
"14255",-1441.60
"14802",-1502.98
"13100",-1598.67
"13401",-1834.14
"15896",-1899.67
"15413",-2531.38
"15202",-2570.18
"17013",-3224.76
"18023",-3248.86
"14063",-3767.20
"16151",-4217.59
"16981",-4620.86
"15760",-5795.87
"15849",-5876.34
"12918",-10953.50
"17399",-25111.09
