"customer_id","frequency_all_orders"
"14911",466
"12748",343
"17841",287
"15311",269
"14606",250
"13089",247
"14156",182
"17850",159
"13694",158
"14646",153
"18102",147
"14527",140
"15061",137
"17949",128
"13408",127
"13798",124
"16422",122
"12471",120
"12971",119
"16029",112
"15039",107
"12921",103
"17961",102
"13767",96
"13078",95
"16013",91
"17377",90
"17677",90
"17675",89
"13093",87
"14680",87
"13468",86
"14298",84
"17511",84
"17243",80
"16133",78
"13319",78
"15005",76
"17389",75
"16168",72
"13777",72
"13199",68
"12931",68
"16684",64
"18172",63
"15078",63
"16779",62
"17865",62
"16705",61
"14667",61
"17757",60
"13534",60
"17811",60
"13113",59
"14735",58
"15189",58
"15856",58
"16161",56
"17920",56
"17450",55
"15358",55
"14031",54
"14194",54
"15615",54
"16525",54
"13050",54
"12681",53
"12709",53
"12474",52
"17581",52
"15291",52
"13599",52
"12682",52
"18223",51
"13881",51
"17428",51
"16839",51
"16782",50
"14849",50
"13267",50
"12835",49
"15769",49
"13564",49
"17068",49
"14543",49
"14895",48
"17696",48
"15498",48
"17448",48
"16558",47
"17315",47
"13668",47
"13004",46
"16746",46
"14560",46
"15555",46
"17576",45
"18109",45
"12437",45
"15738",45
"13854",45
"12621",44
"16656",44
"17706",43
"13081",43
"14952",43
"14180",42
"12647",42
"12841",42
"13102",42
"13069",42
"14051",42
"15827",42
"16713",41
"15513",41
"16923",41
"16353",41
"13098",41
"15044",41
"14040",41
"14299",41
"15805",40
"13047",40
"17017",40
"18041",40
"15465",39
"12720",39
"15194",39
"13969",39
"15719",39
"17381",39
"14796",39
"16523",39
"16191",39
"12989",39
"15159",38
"14534",38
"16843",38
"18226",38
"16401",38
"13263",38
"13097",38
"16549",37
"12472",37
"15581",37
"16814",37
"15838",37
"13418",37
"13018",37
"13001",37
"13999",36
"13148",36
"16033",36
"16553",36
"15125",36
"18118",35
"15601",35
"16019",35
"16945",35
"17231",35
"15768",35
"14110",35
"15867",35
"16210",35
"17611",34
"15640",34
"16592",34
"15093",34
"18225",34
"16754",34
"14688",34
"12540",34
"12901",34
"16701",34
"12569",33
"16670",33
"15144",33
"17965",33
"12476",33
"14085",33
"14217",33
"14702",32
"17085",32
"14415",32
"18260",32
"13552",32
"13576",32
"12747",32
"14060",32
"12843",32
"17238",32
"15984",32
"14258",32
"17612",31
"16700",31
"18075",31
"16570",31
"17858",31
"13230",31
"13317",31
"14113",31
"17848",31
"13013",31
"18065",31
"12431",31
"15270",31
"17888",30
"12583",30
"13983",30
"16393",30
"16011",30
"15260",30
"15611",30
"15290",30
"14755",30
"16186",30
"13269",30
"16928",30
"15527",30
"12839",30
"12523",30
"15622",30
"15251",30
"16458",30
"14562",30
"13266",30
"17372",30
"18231",30
"17735",29
"16145",29
"13488",29
"14056",29
"17364",29
"13769",29
"15898",29
"13090",29
"15298",29
"17139",29
"17340",29
"16607",29
"18061",29
"16550",29
"12708",29
"12712",28
"15046",28
"14961",28
"18229",28
"15694",28
"17644",28
"12949",28
"15547",28
"14329",28
"16919",28
"12415",28
"14739",28
"14590",28
"14062",27
"14709",27
"14505",27
"15059",27
"15570",27
"14292",27
"17969",27
"14092",27
"13491",27
"12417",27
"17716",27
"17346",27
"16103",27
"14426",27
"14825",27
"14112",27
"12482",27
"14878",27
"15544",26
"15981",26
"17954",26
"16729",26
"16985",26
"16156",26
"16722",26
"14282",26
"15785",26
"14211",26
"17404",26
"12980",26
"17975",26
"15271",26
"12683",26
"13571",26
"17049",25
"17857",25
"13178",25
"17416",25
"13883",25
"14291",25
"14607",25
"13082",25
"17402",25
"14713",25
"13756",25
"15218",25
"14135",25
"14189",25
"16326",25
"15874",25
"14401",25
"16170",25
"15955",25
"14159",25
"14032",25
"15602",24
"12500",24
"13021",24
"13993",24
"14944",24
"14732",24
"15808",24
"13985",24
"13458",24
"14239",24
"13802",24
"16652",24
"15750",24
"14395",24
"16556",24
"17730",23
"18008",23
"13324",23
"17442",23
"15023",23
"15129",23
"16497",23
"17884",23
"17063",23
"15521",23
"17230",23
"17287",23
"15502",23
"17809",23
"17799",23
"18245",23
"16710",23
"13136",23
"17306",23
"13115",23
"16931",23
"14397",23
"14800",23
"18241",23
"13394",23
"12483",23
"17663",23
"14907",23
"14057",23
"17091",23
"13426",23
"14243",23
"13735",22
"17469",22
"18283",22
"14030",22
"17314",22
"12662",22
"13911",22
"14099",22
"15518",22
"14227",22
"17861",22
"13890",22
"16735",22
"16672",22
"16333",22
"12600",22
"18168",22
"15281",22
"15482",22
"13709",22
"17651",21
"17460",21
"17589",21
"14064",21
"12705",21
"14525",21
"12490",21
"13590",21
"16954",21
"15998",21
"17769",21
"13715",21
"13327",21
"18198",21
"12755",21
"17690",21
"15854",21
"15696",21
"17069",21
"14210",21
"14852",21
"13871",21
"14769",21
"13141",21
"15249",21
"12779",21
"12957",21
"17220",21
"14422",21
"15796",21
"15953",21
"15628",21
"15514",20
"16359",20
"15329",20
"13901",20
"13027",20
"17739",20
"16626",20
"12877",20
"17338",20
"16904",20
"14388",20
"16717",20
"15296",20
"17213",20
"17873",20
"17071",20
"14546",20
"17894",20
"14344",20
"14341",20
"15382",20
"16444",20
"16905",20
"13831",20
"17157",20
"15971",20
"17419",20
"16875",20
"16883",20
"16150",20
"12951",20
"17512",20
"18092",20
"12939",20
"16327",20
"15755",20
"15015",20
"17422",20
"17790",20
"16255",19
"18219",19
"15301",19
"17867",19
"13126",19
"12731",19
"18044",19
"14209",19
"17412",19
"18144",19
"17001",19
"18087",19
"17504",19
"14648",19
"14367",19
"15804",19
"16293",19
"16094",19
"13162",19
"13117",19
"12935",19
"14867",19
"13842",19
"15606",19
"13629",19
"16918",19
"14221",19
"16218",19
"14045",19
"15240",19
"14047",19
"14776",19
"14530",19
"16316",19
"16791",18
"17491",18
"16225",18
"15885",18
"17218",18
"14701",18
"13014",18
"18077",18
"13870",18
"17719",18
"17406",18
"12524",18
"14625",18
"13446",18
"14441",18
"16984",18
"16351",18
"16242",18
"14390",18
"14049",18
"17652",18
"16764",18
"14866",18
"12823",18
"16817",18
"17160",18
"16554",18
"15660",18
"16745",18
"13963",18
"15633",18
"14898",18
"15321",18
"15523",18
"12584",18
"14088",18
"13542",18
"13995",18
"17602",18
"16686",18
"16912",18
"12395",18
"17457",18
"14733",18
"15373",18
"14451",18
"17931",18
"13971",18
"13183",18
"15021",17
"16571",17
"15034",17
"13758",17
"15058",17
"17096",17
"12567",17
"14593",17
"12553",17
"14573",17
"17188",17
"13225",17
"13880",17
"18257",17
"15152",17
"16395",17
"15179",17
"12678",17
"13941",17
"15187",17
"13952",17
"16325",17
"17293",17
"13662",17
"13659",17
"14410",17
"14745",17
"15222",17
"16719",17
"12481",17
"16794",17
"15860",17
"13094",17
"17700",17
"15916",17
"17659",17
"12836",17
"13510",17
"16873",17
"13610",17
"16187",17
"17613",17
"16027",17
"16775",17
"12494",17
"14096",17
"14175",17
"17426",17
"12982",17
"16057",17
"14191",17
"15079",17
"13448",16
"13557",16
"13555",16
"16858",16
"15235",16
"15443",16
"14748",16
"14744",16
"14970",16
"14676",16
"15122",16
"14640",16
"15024",16
"15596",16
"15031",16
"14621",16
"15674",16
"15681",16
"17802",16
"17754",16
"12749",16
"15939",16
"17646",16
"12853",16
"12867",16
"17526",16
"17519",16
"16143",16
"12997",16
"13037",16
"14081",16
"16180",16
"17368",16
"17365",16
"16241",16
"16258",16
"13137",16
"16365",16
"13209",16
"17191",16
"16466",16
"17147",16
"17146",16
"16600",16
"13305",16
"13728",16
"16638",16
"13695",16
"17044",16
"13650",16
"13634",16
"16767",16
"13593",16
"16933",16
"13711",15
"17211",15
"14533",15
"14572",15
"16265",15
"17396",15
"18055",15
"14404",15
"14882",15
"17838",15
"17090",15
"15722",15
"13485",15
"18178",15
"18094",15
"16131",15
"13643",15
"13313",15
"17930",15
"17738",15
"13107",15
"15858",15
"15861",15
"13092",15
"16678",15
"15351",15
"15903",15
"16126",15
"13856",15
"16743",15
"17673",15
"17552",15
"15910",15
"18037",15
"13623",15
"14134",15
"13381",15
"16008",15
"18064",15
"15727",15
"16748",15
"14462",15
"14515",15
"14626",15
"13384",15
"14440",15
"17307",15
"16992",15
"13784",15
"17204",15
"12594",15
"17593",15
"16725",15
"15203",15
"14936",14
"17180",14
"17913",14
"12598",14
"13246",14
"12910",14
"14808",14
"13824",14
"17924",14
"13012",14
"16125",14
"15150",14
"17940",14
"15625",14
"13268",14
"13700",14
"15965",14
"13782",14
"15580",14
"12826",14
"13329",14
"15312",14
"14854",14
"15550",14
"15100",14
"16206",14
"13742",14
"17092",14
"15571",14
"15365",14
"13520",14
"14334",14
"13077",14
"14828",14
"13015",14
"18097",14
"17685",14
"17692",14
"12782",14
"16098",14
"16742",14
"15845",14
"16163",14
"12955",14
"16768",14
"17449",14
"17725",14
"13110",14
"17994",14
"16016",14
"17323",14
"16266",14
"14177",14
"18009",14
"12924",14
"13975",14
"17596",14
"14461",14
"13450",14
"14766",14
"15764",14
"12359",14
"14482",14
"15751",14
"14841",14
"14493",14
"13611",14
"13929",14
"14502",14
"13527",14
"17988",14
"16841",14
"16709",14
"13481",14
"17609",14
"14507",14
"15201",14
"14101",14
"14861",14
"16407",14
"13884",14
"13213",14
"17870",14
"15182",14
"15708",14
"13875",14
"14290",14
"14541",14
"16128",14
"13577",14
"17905",14
"18135",13
"14524",13
"14198",13
"14710",13
"14456",13
"12872",13
"16434",13
"12484",13
"14692",13
"12643",13
"14466",13
"15356",13
"13799",13
"16818",13
"13658",13
"13477",13
"12963",13
"13044",13
"13680",13
"16332",13
"17490",13
"12362",13
"16347",13
"12637",13
"17019",13
"17819",13
"15967",13
"13206",13
"14740",13
"15712",13
"16085",13
"13173",13
"16455",13
"17530",13
"15367",13
"14868",13
"14794",13
"18116",13
"17618",13
"12599",13
"16712",13
"17929",13
"12909",13
"15862",13
"13495",13
"13048",13
"13451",13
"18073",13
"16668",13
"15658",13
"12409",13
"12913",13
"12457",13
"16153",13
"14016",13
"16456",13
"15950",13
"16200",13
"14146",13
"12626",13
"14901",13
"15380",13
"12820",13
"16503",13
"17107",13
"14810",13
"15394",13
"14277",13
"13750",13
"17324",13
"16499",13
"17115",13
"14963",13
"13397",13
"15812",13
"17228",13
"14915",13
"15810",13
"15081",13
"14685",13
"15027",13
"17133",13
"18069",13
"13984",13
"14107",13
"16655",13
"16996",13
"13982",13
"15434",13
"15529",13
"12408",13
"16987",12
"13615",12
"12928",12
"16059",12
"14201",12
"14824",12
"12891",12
"14249",12
"13026",12
"16010",12
"16177",12
"14276",12
"14286",12
"18230",12
"18236",12
"12838",12
"13059",12
"14309",12
"17667",12
"17676",12
"15906",12
"17351",12
"17682",12
"17705",12
"17720",12
"17345",12
"16233",12
"15841",12
"13118",12
"17758",12
"16283",12
"12714",12
"14442",12
"12477",12
"14460",12
"13958",12
"14467",12
"13953",12
"15754",12
"16350",12
"13931",12
"15737",12
"15732",12
"17241",12
"13184",12
"17236",12
"12656",12
"17227",12
"13198",12
"16409",12
"17863",12
"14532",12
"13538",12
"13211",12
"14540",12
"12619",12
"17193",12
"16837",12
"12613",12
"14837",12
"15680",12
"16470",12
"12422",12
"17921",12
"13813",12
"16531",12
"15641",12
"15607",12
"18145",12
"14623",12
"14644",12
"17997",12
"13736",12
"15107",12
"14659",12
"15114",12
"15532",12
"13340",12
"14978",12
"17061",12
"13588",12
"13693",12
"14711",12
"14844",12
"14738",12
"15489",12
"15253",12
"15369",12
"16983",12
"16979",12
"15241",12
"13631",12
"13410",12
"14147",12
"16115",12
"14132",12
"12986",12
"14639",11
"15033",11
"17135",11
"17075",11
"15304",11
"14609",11
"16076",11
"14083",11
"14608",11
"12576",11
"12423",11
"13032",11
"12933",11
"17162",11
"16477",11
"16474",11
"13435",11
"17048",11
"16005",11
"13862",11
"17509",11
"15687",11
"18036",11
"12615",11
"14535",11
"18272",11
"13203",11
"14723",11
"15497",11
"15493",11
"16086",11
"15716",11
"13924",11
"12664",11
"16362",11
"12668",11
"15255",11
"13174",11
"16104",11
"17262",11
"14229",11
"17268",11
"17288",11
"15215",11
"15473",11
"13654",11
"12693",11
"17289",11
"14465",11
"17774",11
"13979",11
"13648",11
"16770",11
"17567",11
"12726",11
"14916",11
"17528",11
"16986",11
"12727",11
"13988",11
"15426",11
"17454",11
"14408",11
"17742",11
"16950",11
"16042",11
"15819",11
"14205",11
"14004",11
"13455",11
"12947",11
"13630",11
"12753",11
"18220",11
"14389",11
"12766",11
"17679",11
"14035",11
"14044",11
"18171",11
"15932",11
"15339",11
"16202",11
"16891",11
"13421",11
"14312",11
"14307",11
"17388",11
"13725",11
"13722",11
"14653",11
"12840",11
"16915",11
"12428",11
"17095",11
"13316",11
"16940",11
"14649",11
"14655",11
"13719",11
"17629",11
"15101",11
"13717",11
"17470",11
"15095",11
"15538",11
"12530",11
"17083",11
"13291",11
"13561",11
"17126",11
"12854",11
"15309",10
"15306",10
"15299",10
"14857",10
"15288",10
"14896",10
"14903",10
"14905",10
"15199",10
"15164",10
"15134",10
"15013",10
"15032",10
"15038",10
"15051",10
"17966",10
"17897",10
"12633",10
"12645",10
"12649",10
"17837",10
"12676",10
"12721",10
"17732",10
"12757",10
"12380",10
"17669",10
"12352",10
"17655",10
"17578",10
"17572",10
"17550",10
"12948",10
"12970",10
"17451",10
"12993",10
"17409",10
"13157",10
"17203",10
"17114",10
"17109",10
"17097",10
"17059",10
"17050",10
"13362",10
"17027",10
"18276",10
"12433",10
"16942",10
"13440",10
"16938",10
"13473",10
"18177",10
"16859",10
"16835",10
"13554",10
"16813",10
"16809",10
"12451",10
"16771",10
"16755",10
"13627",10
"13632",10
"16711",10
"13704",10
"16634",10
"16612",10
"13755",10
"13771",10
"16560",10
"16555",10
"12468",10
"16539",10
"13815",10
"16515",10
"16500",10
"13838",10
"13869",10
"13874",10
"16426",10
"16416",10
"13939",10
"16341",10
"16321",10
"16306",10
"16279",10
"16235",10
"16232",10
"14025",10
"16221",10
"16208",10
"16158",10
"14154",10
"16092",10
"14188",10
"14195",10
"16065",10
"14215",10
"14233",10
"14235",10
"14257",10
"16003",10
"15993",10
"14293",10
"14315",10
"15882",10
"14409",10
"15811",10
"15759",10
"14477",10
"15752",10
"15747",10
"14492",10
"14496",10
"14498",10
"14499",10
"14514",10
"14553",10
"15673",10
"15671",10
"14587",10
"15632",10
"15605",10
"15572",10
"15569",10
"15535",10
"14696",10
"15483",10
"15456",10
"15421",10
"15410",10
"14790",10
"15372",10
"15326",10
"17432",9
"16892",9
"16966",9
"13772",9
"16654",9
"12937",9
"12679",9
"13539",9
"15786",9
"13249",9
"15793",9
"17173",9
"17515",9
"13152",9
"13549",9
"16907",9
"14871",9
"14870",9
"17508",9
"15809",9
"14798",9
"14414",9
"14152",9
"16797",9
"12510",9
"16419",9
"14850",9
"16303",9
"16298",9
"17465",9
"17463",9
"14129",9
"13295",9
"13139",9
"13980",9
"16292",9
"13134",9
"14820",9
"16593",9
"17434",9
"13431",9
"16732",9
"15889",9
"16271",9
"14105",9
"12455",9
"14001",9
"13748",9
"14770",9
"14584",9
"14869",9
"17686",9
"13320",9
"18062",9
"17411",9
"13104",9
"16609",9
"15638",9
"17348",9
"16960",9
"17750",9
"13727",9
"13085",9
"15379",9
"12577",9
"16955",9
"14078",9
"16209",9
"14829",9
"16182",9
"14897",9
"15227",9
"14071",9
"16197",9
"15912",9
"14342",9
"12562",9
"14618",9
"15938",9
"13259",9
"13647",9
"15073",9
"15030",9
"15359",9
"16400",9
"14472",9
"14403",9
"16394",9
"17634",9
"17633",9
"13804",9
"15980",9
"14399",9
"15105",9
"14651",9
"16774",9
"15834",9
"15002",9
"15110",9
"15563",9
"15561",9
"14665",9
"15551",9
"15117",9
"15549",9
"17714",9
"14987",9
"14834",9
"12429",9
"16493",9
"18093",9
"16756",9
"13873",9
"15140",9
"17707",9
"15400",9
"15141",9
"18251",9
"13851",9
"14267",9
"14704",9
"17800",9
"14256",9
"15791",9
"17591",9
"17702",9
"17588",9
"12778",9
"18136",9
"15777",9
"13787",9
"14226",9
"15197",9
"14224",9
"17560",9
"13240",9
"16045",9
"14918",9
"14930",9
"14547",9
"15325",9
"14548",9
"15864",9
"14551",9
"13503",9
"13617",9
"12609",9
"14370",9
"18170",9
"15370",9
"14817",9
"13338",9
"15214",8
"16520",8
"12670",8
"12557",8
"13655",8
"14407",8
"13202",8
"15920",8
"18242",8
"12809",8
"14264",8
"17002",8
"14262",8
"15173",8
"15062",8
"17849",8
"17603",8
"14321",8
"17043",8
"12919",8
"17797",8
"16330",8
"13196",8
"16081",8
"18258",8
"12932",8
"15814",8
"17006",8
"12775",8
"12388",8
"14487",8
"16899",8
"16658",8
"17531",8
"18268",8
"12744",8
"17640",8
"13192",8
"14715",8
"17768",8
"16099",8
"15353",8
"13768",8
"16335",8
"14364",8
"17080",8
"18179",8
"16823",8
"15224",8
"15795",8
"15974",8
"14167",8
"18051",8
"16910",8
"18287",8
"16062",8
"13562",8
"16108",8
"15416",8
"13280",8
"16699",8
"16119",8
"17183",8
"13425",8
"16807",8
"13461",8
"12412",8
"14145",8
"12704",8
"13208",8
"15822",8
"16053",8
"15881",8
"12975",8
"12976",8
"14232",8
"17290",8
"16790",8
"15661",8
"17165",8
"17235",8
"13145",8
"13591",8
"12915",8
"17190",8
"12758",8
"17284",8
"14449",8
"17562",8
"13138",8
"15422",8
"16383",8
"13131",8
"12347",8
"16880",8
"14730",8
"12589",8
"13505",8
"17164",8
"14522",8
"12759",8
"13297",8
"13506",8
"17726",8
"15128",8
"13835",8
"13405",8
"14000",8
"17625",8
"14102",8
"12525",8
"14583",8
"15392",8
"16040",8
"14443",8
"13889",8
"12916",8
"17621",8
"12464",8
"13019",8
"17420",8
"12856",8
"16631",8
"16172",8
"17935",8
"14285",8
"12480",8
"13310",8
"12528",8
"16043",8
"15983",8
"14934",8
"15245",8
"13743",8
"16628",8
"17610",8
"16348",8
"15985",8
"17350",8
"13823",8
"17883",8
"17007",8
"14595",8
"18221",8
"12917",8
"14038",8
"15911",8
"16736",8
"14693",8
"16660",8
"16467",8
"14842",8
"15987",8
"15996",8
"12868",8
"17362",8
"14913",8
"15485",8
"16190",8
"17828",8
"17400",8
"18188",8
"15623",8
"17950",8
"17382",8
"18252",8
"16360",8
"17113",8
"15620",8
"13848",8
"17672",8
"13895",8
"14236",7
"12703",7
"12695",7
"17812",7
"17813",7
"14475",7
"17817",7
"13857",7
"12421",7
"12370",7
"12674",7
"18016",7
"17827",7
"14821",7
"13232",7
"14506",7
"15730",7
"14512",7
"14513",7
"15402",7
"17869",7
"12631",7
"17029",7
"15706",7
"15704",7
"12623",7
"17874",7
"17886",7
"12616",7
"17889",7
"14555",7
"14910",7
"17908",7
"17912",7
"12601",7
"17214",7
"14565",7
"13214",7
"18194",7
"18259",7
"14577",7
"13888",7
"17032",7
"12578",7
"17937",7
"16947",7
"15614",7
"15050",7
"17034",7
"15065",7
"13900",7
"13902",7
"14631",7
"14634",7
"15587",7
"15584",7
"18210",7
"15579",7
"15574",7
"14831",7
"15106",7
"15003",7
"14657",7
"16948",7
"15289",7
"14662",7
"14994",7
"14669",7
"17041",7
"14673",7
"14988",7
"16369",7
"16934",7
"13685",7
"16681",7
"15142",7
"14976",7
"15157",7
"16676",7
"15181",7
"16949",7
"14714",7
"16356",7
"15505",7
"13692",7
"14948",7
"15491",7
"14741",7
"15208",7
"17990",7
"17062",7
"15484",7
"15220",7
"15221",7
"14754",7
"13946",7
"13509",7
"13499",7
"13497",7
"16871",7
"13523",7
"14758",7
"13536",7
"13479",7
"13478",7
"13476",7
"15468",7
"13544",7
"13705",7
"16906",7
"12450",7
"13466",7
"13464",7
"16320",7
"15453",7
"16308",7
"18181",7
"13456",7
"16650",7
"16929",7
"13437",7
"17311",7
"13417",7
"13991",7
"16278",7
"18277",7
"17322",7
"17337",7
"14006",7
"13109",7
"16253",7
"13414",7
"16633",7
"17342",7
"16239",7
"14021",7
"16229",7
"16744",7
"17353",7
"17101",7
"14037",7
"13413",7
"17360",7
"16205",7
"16203",7
"17373",7
"13304",7
"17386",7
"16199",7
"13052",7
"14063",7
"12406",7
"16184",7
"16611",7
"18161",7
"16176",7
"16175",7
"16174",7
"16173",7
"15228",7
"17429",7
"13008",7
"13752",7
"17436",7
"14114",7
"18151",7
"16147",7
"12402",7
"13293",7
"16584",7
"12990",7
"16134",7
"14136",7
"16120",7
"14160",7
"14161",7
"16107",7
"12399",7
"16101",7
"14173",7
"13287",7
"14178",7
"14855",7
"16726",7
"17540",7
"16054",7
"16563",7
"14214",7
"15252",7
"18149",7
"13786",7
"16037",7
"16034",7
"14805",7
"12393",7
"13282",7
"17584",7
"12391",7
"17585",7
"13277",7
"16551",7
"13276",7
"15366",7
"17597",7
"16007",7
"17138",7
"17145",7
"13443",7
"15990",7
"16546",7
"12863",7
"17615",7
"12857",7
"17623",7
"14883",7
"14295",7
"17631",7
"14301",7
"12539",7
"14306",7
"14320",7
"17155",7
"12424",7
"13819",7
"12454",7
"17671",7
"12802",7
"13821",7
"14853",7
"16496",7
"12770",7
"17722",7
"16485",7
"17723",7
"17728",7
"17731",7
"14396",7
"17744",7
"17746",7
"15279",7
"13242",7
"17760",7
"14419",7
"14420",7
"14421",7
"13656",7
"12724",7
"14428",7
"15800",7
"16463",7
"13238",7
"14450",7
"17796",7
"15789",7
"12435",6
"14432",6
"13959",6
"16833",6
"17516",6
"13872",6
"17521",6
"15850",6
"14176",6
"17527",6
"13663",6
"16838",6
"16898",6
"12765",6
"13155",6
"13334",6
"13531",6
"16861",6
"16331",6
"16080",6
"16566",6
"17076",6
"16889",6
"13285",6
"16067",6
"16777",6
"12722",6
"12360",6
"16872",6
"13515",6
"14434",6
"14199",6
"13949",6
"13502",6
"16877",6
"17021",6
"15469",6
"17545",6
"13223",6
"15223",6
"16049",6
"12463",6
"17548",6
"12908",6
"16048",6
"17281",6
"17856",6
"17854",6
"14216",6
"13641",6
"13346",6
"18025",6
"18190",6
"16440",6
"17054",6
"17987",6
"15198",6
"13849",6
"13168",6
"14947",6
"15826",6
"17047",6
"13373",6
"14231",6
"14949",6
"14437",6
"15782",6
"15420",6
"15447",6
"17734",6
"16032",6
"15506",6
"12889",6
"17582",6
"16441",6
"13863",6
"14719",6
"13598",6
"15406",6
"14247",6
"16014",6
"15508",6
"16358",6
"14511",6
"17740",6
"18053",6
"17137",6
"17259",6
"15757",6
"14508",6
"14958",6
"17851",6
"14708",6
"14966",6
"14912",6
"14967",6
"18096",6
"18001",6
"17239",6
"12533",6
"13925",6
"14503",6
"17816",6
"17829",6
"17604",6
"15347",6
"14275",6
"16471",6
"12520",6
"13614",6
"13684",6
"14686",6
"14684",6
"13239",6
"14984",6
"15745",6
"14682",6
"14681",6
"16372",6
"12733",6
"14289",6
"12849",6
"13360",6
"17150",6
"14454",6
"15091",6
"16714",6
"16946",6
"15016",6
"15774",6
"15089",6
"15976",6
"12691",6
"14643",6
"16544",6
"18247",6
"18139",6
"17018",6
"13427",6
"17639",6
"15028",6
"15969",6
"12830",6
"12383",6
"15594",6
"14316",6
"12828",6
"13393",6
"16989",6
"14818",6
"15067",6
"14322",6
"17648",6
"14624",6
"18071",6
"15043",6
"14327",6
"16998",6
"13649",6
"15332",6
"15057",6
"17222",6
"17158",6
"14615",6
"15807",6
"17974",6
"14447",6
"13860",6
"17179",6
"17955",6
"13672",6
"12504",6
"12701",6
"15621",6
"12684",6
"14597",6
"16518",6
"12797",6
"13892",6
"17681",6
"13055",6
"18122",6
"16201",6
"13064",6
"16618",6
"13065",6
"16188",6
"17371",6
"13734",6
"17031",6
"15901",6
"17159",6
"16620",6
"14077",6
"13079",6
"16625",6
"14080",6
"15643",6
"18215",6
"13309",6
"16511",6
"16227",6
"16510",6
"13723",6
"15381",6
"15646",6
"14359",6
"17343",6
"13407",6
"17414",6
"14013",6
"16167",6
"16961",6
"12356",6
"15652",6
"12685",6
"17086",6
"15272",6
"16261",6
"13589",6
"17321",6
"13994",6
"17320",6
"13635",6
"13330",6
"13005",6
"15664",6
"13882",6
"17438",6
"13217",6
"16155",6
"15684",6
"17082",6
"17440",6
"17695",6
"18239",6
"14121",6
"17302",6
"13296",6
"17081",6
"17169",6
"15287",6
"14127",6
"12610",6
"16296",6
"12987",6
"14875",6
"17299",6
"14133",6
"17298",6
"12978",6
"13587",6
"18217",6
"16926",6
"13579",6
"12972",6
"14141",6
"18106",6
"13760",6
"13761",6
"13573",6
"13762",6
"13763",6
"16124",6
"16122",6
"16121",6
"16430",6
"15452",6
"16317",6
"18183",6
"13764",6
"13636",6
"14157",6
"18218",6
"13462",6
"12627",6
"15713",6
"14859",6
"13292",6
"12644",6
"13288",6
"15855",6
"18180",6
"13584",5
"16788",5
"18167",5
"16784",5
"13434",5
"13433",5
"16772",5
"15449",5
"13613",5
"16750",5
"16952",5
"13415",5
"16975",5
"13642",5
"12434",5
"13644",5
"13382",5
"13652",5
"16718",5
"17025",5
"13666",5
"13368",5
"18189",5
"16702",5
"17035",5
"16693",5
"16690",5
"17042",5
"16682",5
"13357",5
"17045",5
"17046",5
"16661",5
"15238",5
"13707",5
"16642",5
"16639",5
"16637",5
"13323",5
"13308",5
"13729",5
"16623",5
"16619",5
"13740",5
"12427",5
"18154",5
"13300",5
"16602",5
"13299",5
"16595",5
"16576",5
"17127",5
"16569",5
"13778",5
"16565",5
"17131",5
"18193",5
"13265",5
"17152",5
"13808",5
"16533",5
"16532",5
"13258",5
"13814",5
"15413",5
"13820",5
"15411",5
"17172",5
"13243",5
"16473",5
"16469",5
"13846",5
"17175",5
"13855",5
"16442",5
"17189",5
"16438",5
"17201",5
"13220",5
"13877",5
"12358",5
"16418",5
"17221",5
"15393",5
"16414",5
"13894",5
"16412",5
"12418",5
"16389",5
"13908",5
"16387",5
"16385",5
"16379",5
"16374",5
"13916",5
"13919",5
"13920",5
"13921",5
"13922",5
"13187",5
"13186",5
"17242",5
"17244",5
"17256",5
"16354",5
"13171",5
"17266",5
"13167",5
"17272",5
"15389",5
"17282",5
"13948",5
"13950",5
"13159",5
"13158",5
"13956",5
"12414",5
"13151",5
"15384",5
"12413",5
"13965",5
"18211",5
"13140",5
"16287",5
"17317",5
"13989",5
"14909",5
"17329",5
"17332",5
"14005",5
"18125",5
"16249",5
"16245",5
"17341",5
"16240",5
"14020",5
"14902",5
"16226",5
"17349",5
"13091",5
"16224",5
"17356",5
"17358",5
"13080",5
"16212",5
"17361",5
"13074",5
"13070",5
"17375",5
"13049",5
"14068",5
"12407",5
"14075",5
"18214",5
"17405",5
"17410",5
"13031",5
"14087",5
"13029",5
"13020",5
"17423",5
"16159",5
"14104",5
"15377",5
"14108",5
"14111",5
"14116",5
"13000",5
"14122",5
"12994",5
"16139",5
"16136",5
"14126",5
"17477",5
"17481",5
"12967",5
"17496",5
"16118",5
"17505",5
"14163",5
"16105",5
"12952",5
"17522",5
"14894",5
"16087",5
"14182",5
"12936",5
"14186",5
"14893",5
"17534",5
"16066",5
"17539",5
"14206",5
"12912",5
"12906",5
"17554",5
"18101",5
"17555",5
"14225",5
"17571",5
"15266",5
"17579",5
"17580",5
"16017",5
"14245",5
"14251",5
"16012",5
"12876",5
"12875",5
"16004",5
"15994",5
"15267",5
"18095",5
"12865",5
"18232",5
"15978",5
"14297",5
"15972",5
"14304",5
"14305",5
"15960",5
"17642",5
"17649",5
"17653",5
"12502",5
"17656",5
"17666",5
"14332",5
"12808",5
"18084",5
"15917",5
"14338",5
"14339",5
"14346",5
"12379",5
"18079",5
"15900",5
"12791",5
"12507",5
"15890",5
"17691",5
"18237",5
"12785",5
"15873",5
"15865",5
"15863",5
"17709",5
"15847",5
"15839",5
"15823",5
"14400",5
"15815",5
"15276",5
"17753",5
"17759",5
"12728",5
"14425",5
"17763",5
"12723",5
"14430",5
"14431",5
"15797",5
"17764",5
"14439",5
"17770",5
"17779",5
"14446",5
"14455",5
"12697",5
"12517",5
"14480",5
"14481",5
"12518",5
"17822",5
"12665",5
"15344",5
"12657",5
"15729",5
"17852",5
"15724",5
"12654",5
"15717",5
"12651",5
"12648",5
"15715",5
"15714",5
"17864",5
"17871",5
"14538",5
"12625",5
"15691",5
"14558",5
"15676",5
"12597",5
"14564",5
"12527",5
"15669",5
"15665",5
"17926",5
"15651",5
"14585",5
"12586",5
"12348",5
"15639",5
"15637",5
"12573",5
"17951",5
"17962",5
"15618",5
"15608",5
"14616",5
"15048",5
"14628",5
"15600",5
"15076",5
"15590",5
"15026",5
"15022",5
"17979",5
"15577",5
"15097",5
"15573",5
"14656",5
"15111",5
"14997",5
"15123",5
"15132",5
"15533",5
"14679",5
"15133",5
"15136",5
"15530",5
"15137",5
"14690",5
"14691",5
"15525",5
"14698",5
"14700",5
"15167",5
"15172",5
"17984",5
"14959",5
"15186",5
"14953",5
"15511",5
"15504",5
"15192",5
"14725",5
"18035",5
"15494",5
"14734",5
"12549",5
"15207",5
"14933",5
"15488",5
"18022",5
"15476",5
"18018",5
"12444",5
"13501",5
"18173",5
"13500",5
"13517",5
"16869",5
"13524",5
"16863",5
"12449",5
"16894",5
"16895",5
"13487",5
"13546",5
"16832",5
"16830",5
"16827",5
"16825",5
"16812",5
"13566",5
"13567",5
"16801",5
"13575",5
"16795",5
"16792",5
"13453",5
"12346",4
"12349",4
"12361",4
"12364",4
"12371",4
"12377",4
"12381",4
"12410",4
"12432",4
"12456",4
"12458",4
"12462",4
"12473",4
"12516",4
"12542",4
"12582",4
"12585",4
"12588",4
"12590",4
"12592",4
"12605",4
"12628",4
"12632",4
"12635",4
"12675",4
"12680",4
"12694",4
"12700",4
"12710",4
"12781",4
"12783",4
"12787",4
"12788",4
"12798",4
"12805",4
"12811",4
"12829",4
"12842",4
"12844",4
"12845",4
"12855",4
"12870",4
"12879",4
"12883",4
"12885",4
"12888",4
"12897",4
"12920",4
"12926",4
"12930",4
"12940",4
"12943",4
"12956",4
"12960",4
"12977",4
"12998",4
"13035",4
"13039",4
"13041",4
"13042",4
"13057",4
"13101",4
"13124",4
"13147",4
"13149",4
"13150",4
"13154",4
"13175",4
"13190",4
"13200",4
"13201",4
"13207",4
"13212",4
"13233",4
"13247",4
"13253",4
"13255",4
"13278",4
"13283",4
"13301",4
"13314",4
"13359",4
"13365",4
"13371",4
"13388",4
"13396",4
"13402",4
"13420",4
"13429",4
"13430",4
"13447",4
"13457",4
"13471",4
"13475",4
"13484",4
"13489",4
"13507",4
"13512",4
"13513",4
"13514",4
"13516",4
"13526",4
"13558",4
"13569",4
"13585",4
"13592",4
"13601",4
"13602",4
"13681",4
"13696",4
"13720",4
"13741",4
"13745",4
"13753",4
"13770",4
"13781",4
"13783",4
"13785",4
"13795",4
"13797",4
"13803",4
"13807",4
"13816",4
"13865",4
"13878",4
"13928",4
"13936",4
"13940",4
"13974",4
"13976",4
"14009",4
"14019",4
"14028",4
"14034",4
"14048",4
"14053",4
"14065",4
"14128",4
"14130",4
"14139",4
"14142",4
"14172",4
"14204",4
"14220",4
"14223",4
"14234",4
"14265",4
"14272",4
"14273",4
"14283",4
"14284",4
"14287",4
"14323",4
"14326",4
"14336",4
"14343",4
"14350",4
"14352",4
"14356",4
"14360",4
"14379",4
"14412",4
"14423",4
"14427",4
"14452",4
"14463",4
"14469",4
"14478",4
"14479",4
"14484",4
"14489",4
"14495",4
"14504",4
"14510",4
"14549",4
"14550",4
"14554",4
"14566",4
"14569",4
"14591",4
"14605",4
"14645",4
"14672",4
"14695",4
"14699",4
"14712",4
"14727",4
"14737",4
"14746",4
"14756",4
"14777",4
"14813",4
"14819",4
"14847",4
"14865",4
"14872",4
"14885",4
"14891",4
"14904",4
"14931",4
"14937",4
"14938",4
"14942",4
"14962",4
"14998",4
"15018",4
"15060",4
"15064",4
"15068",4
"15071",4
"15077",4
"15092",4
"15098",4
"15108",4
"15109",4
"15113",4
"15116",4
"15124",4
"15145",4
"15149",4
"15154",4
"15160",4
"15183",4
"15184",4
"15206",4
"15237",4
"15244",4
"15247",4
"15248",4
"15254",4
"15259",4
"15261",4
"15265",4
"15268",4
"15278",4
"15283",4
"15297",4
"15303",4
"15314",4
"15323",4
"15331",4
"15346",4
"15361",4
"15407",4
"15423",4
"15425",4
"15428",4
"15432",4
"15439",4
"15446",4
"15462",4
"15466",4
"15467",4
"15500",4
"15512",4
"15542",4
"15586",4
"15589",4
"15598",4
"15624",4
"15626",4
"15629",4
"15630",4
"15636",4
"15644",4
"15645",4
"15648",4
"15649",4
"15656",4
"15675",4
"15679",4
"15695",4
"15701",4
"15707",4
"15723",4
"15734",4
"15743",4
"15749",4
"15756",4
"15766",4
"15781",4
"15799",4
"15801",4
"15803",4
"15831",4
"15835",4
"15870",4
"15872",4
"15879",4
"15886",4
"15888",4
"15921",4
"15944",4
"15945",4
"15951",4
"15952",4
"15958",4
"15973",4
"16009",4
"16015",4
"16018",4
"16036",4
"16038",4
"16071",4
"16072",4
"16083",4
"16096",4
"16109",4
"16110",4
"16112",4
"16117",4
"16130",4
"16138",4
"16140",4
"16146",4
"16148",4
"16157",4
"16160",4
"16164",4
"16166",4
"16169",4
"16183",4
"16204",4
"16211",4
"16214",4
"16228",4
"16231",4
"16234",4
"16256",4
"16281",4
"16286",4
"16290",4
"16295",4
"16329",4
"16336",4
"16342",4
"16344",4
"16357",4
"16361",4
"16366",4
"16370",4
"16384",4
"16391",4
"16398",4
"16406",4
"16411",4
"16428",4
"16436",4
"16445",4
"16450",4
"16451",4
"16462",4
"16475",4
"16488",4
"16513",4
"16519",4
"16529",4
"16572",4
"16573",4
"16588",4
"16589",4
"16596",4
"16621",4
"16636",4
"16647",4
"16648",4
"16657",4
"16688",4
"16692",4
"16696",4
"16707",4
"16716",4
"16720",4
"16723",4
"16727",4
"16728",4
"16730",4
"16739",4
"16747",4
"16759",4
"16769",4
"16787",4
"16798",4
"16805",4
"16806",4
"16810",4
"16816",4
"16836",4
"16842",4
"16848",4
"16860",4
"16862",4
"16884",4
"16885",4
"16900",4
"16903",4
"16916",4
"16924",4
"16951",4
"16977",4
"17003",4
"17004",4
"17011",4
"17014",4
"17033",4
"17051",4
"17073",4
"17084",4
"17088",4
"17122",4
"17141",4
"17142",4
"17163",4
"17200",4
"17237",4
"17251",4
"17255",4
"17330",4
"17334",4
"17339",4
"17354",4
"17370",4
"17374",4
"17376",4
"17380",4
"17408",4
"17430",4
"17464",4
"17472",4
"17476",4
"17483",4
"17495",4
"17502",4
"17523",4
"17524",4
"17547",4
"17553",4
"17557",4
"17561",4
"17563",4
"17573",4
"17594",4
"17608",4
"17616",4
"17624",4
"17635",4
"17664",4
"17680",4
"17703",4
"17708",4
"17713",4
"17724",4
"17736",4
"17765",4
"17771",4
"17787",4
"17801",4
"17808",4
"17825",4
"17845",4
"17860",4
"17862",4
"17866",4
"17898",4
"17900",4
"17941",4
"17952",4
"17963",4
"17968",4
"17978",4
"17980",4
"17998",4
"18002",4
"18006",4
"18017",4
"18039",4
"18059",4
"18078",4
"18085",4
"18108",4
"18112",4
"18127",4
"18130",4
"18141",4
"18142",4
"18155",4
"18196",4
"18203",4
"18204",4
"18248",4
"18263",4
"18270",4
"18273",4
"16822",3
"15363",3
"12439",3
"17830",3
"12672",3
"15957",3
"13565",3
"15959",3
"12440",3
"16804",3
"16799",3
"12673",3
"13594",3
"13595",3
"14687",3
"14314",3
"16781",3
"14311",3
"18034",3
"16780",3
"17820",3
"13597",3
"14302",3
"16773",3
"13606",3
"15191",3
"14296",3
"13607",3
"16763",3
"12677",3
"16762",3
"12445",3
"13626",3
"17807",3
"17804",3
"13637",3
"15988",3
"12369",3
"16734",3
"13646",3
"15992",3
"15322",3
"13651",3
"13665",3
"17785",3
"13669",3
"16706",3
"13676",3
"16000",3
"12541",3
"16689",3
"13679",3
"13686",3
"17783",3
"15180",3
"14260",3
"16680",3
"12498",3
"16679",3
"14971",3
"16677",3
"14250",3
"14248",3
"12497",3
"14246",3
"17780",3
"15334",3
"15546",3
"16020",3
"14835",3
"16671",3
"16023",3
"16024",3
"13699",3
"13703",3
"17777",3
"16653",3
"14240",3
"18160",3
"14670",3
"14238",3
"14237",3
"14230",3
"16643",3
"17776",3
"14228",3
"12493",3
"16039",3
"13710",3
"16041",3
"14219",3
"13713",3
"18158",3
"17772",3
"13733",3
"14779",3
"12717",3
"16050",3
"16614",3
"16604",3
"16601",3
"13754",3
"16590",3
"18280",3
"14202",3
"16586",3
"16574",3
"16060",3
"16061",3
"13780",3
"13791",3
"13792",3
"13800",3
"14193",3
"16538",3
"13809",3
"13812",3
"12719",3
"16521",3
"18150",3
"15158",3
"12465",3
"16075",3
"13827",3
"12725",3
"12734",3
"16079",3
"16498",3
"13832",3
"16495",3
"13834",3
"16491",3
"13836",3
"15315",3
"17756",3
"15414",3
"14973",3
"16484",3
"15562",3
"17749",3
"16481",3
"16478",3
"16476",3
"12492",3
"16468",3
"14775",3
"14170",3
"16465",3
"15156",3
"16102",3
"14168",3
"14880",3
"16464",3
"16461",3
"12372",3
"15568",3
"16460",3
"16449",3
"16447",3
"13861",3
"13867",3
"16435",3
"16431",3
"15146",3
"16424",3
"16421",3
"13891",3
"14151",3
"14981",3
"14149",3
"16415",3
"12746",3
"13897",3
"16399",3
"12754",3
"14140",3
"16129",3
"16396",3
"18246",3
"14803",3
"17718",3
"13905",3
"12373",3
"14125",3
"16392",3
"16390",3
"16386",3
"17694",3
"17693",3
"13914",3
"16378",3
"16376",3
"16368",3
"12488",3
"14119",3
"18110",3
"16149",3
"16367",3
"13927",3
"13935",3
"12789",3
"12790",3
"12793",3
"13937",3
"16343",3
"15582",3
"16340",3
"13951",3
"17683",3
"13954",3
"13955",3
"13957",3
"16324",3
"15135",3
"13962",3
"13964",3
"16314",3
"12374",3
"16309",3
"16307",3
"16300",3
"16297",3
"12526",3
"17678",3
"12479",3
"16284",3
"16282",3
"13992",3
"12375",3
"16276",3
"16185",3
"12813",3
"16275",3
"13997",3
"17658",3
"15591",3
"12817",3
"13998",3
"12822",3
"16262",3
"16259",3
"18123",3
"16254",3
"17647",3
"14061",3
"16250",3
"12827",3
"14055",3
"14010",3
"14011",3
"12831",3
"15597",3
"14014",3
"14024",3
"14043",3
"16217",3
"18286",3
"15599",3
"14629",3
"14627",3
"17622",3
"15603",3
"12866",3
"14620",3
"14619",3
"15424",3
"12871",3
"15269",3
"17599",3
"12873",3
"14771",3
"12874",3
"12384",3
"14611",3
"12878",3
"15617",3
"15427",3
"17590",3
"12886",3
"12895",3
"18235",3
"17564",3
"12905",3
"12531",3
"12907",3
"15429",3
"15430",3
"18056",3
"18057",3
"17544",3
"14598",3
"17542",3
"15115",3
"12923",3
"18058",3
"15264",3
"14592",3
"17536",3
"12925",3
"14586",3
"17525",3
"12389",3
"15433",3
"14768",3
"15104",3
"18228",3
"12519",3
"12942",3
"15650",3
"12950",3
"17513",3
"15436",3
"14839",3
"15009",3
"18043",3
"18227",3
"17500",3
"15659",3
"17499",3
"17492",3
"15440",3
"17480",3
"17473",3
"17468",3
"15441",3
"17462",3
"17461",3
"14570",3
"15670",3
"15012",3
"12985",3
"14567",3
"15088",3
"14823",3
"14561",3
"15677",3
"15678",3
"15262",3
"12991",3
"15376",3
"15682",3
"14765",3
"14556",3
"12999",3
"13002",3
"14552",3
"13003",3
"15689",3
"15257",3
"13016",3
"17421",3
"13023",3
"14544",3
"18066",3
"17418",3
"13024",3
"13028",3
"13034",3
"15700",3
"13038",3
"13045",3
"17398",3
"15341",3
"17397",3
"14537",3
"13046",3
"17392",3
"15074",3
"17384",3
"18024",3
"13058",3
"14529",3
"13066",3
"13067",3
"17366",3
"15070",3
"17363",3
"14793",3
"14840",3
"13083",3
"15036",3
"14761",3
"13103",3
"17344",3
"13106",3
"15045",3
"15728",3
"13112",3
"17325",3
"17312",3
"14501",3
"17309",3
"14890",3
"13133",3
"15736",3
"14500",3
"14497",3
"17295",3
"13156",3
"15246",3
"17286",3
"15055",3
"13164",3
"14494",3
"15461",3
"15053",3
"15748",3
"17999",3
"12546",3
"15385",3
"17996",3
"13165",3
"13166",3
"14483",3
"13169",3
"17254",3
"17233",3
"14474",3
"17226",3
"15239",3
"15763",3
"14759",3
"17223",3
"17995",3
"12547",3
"15471",3
"14470",3
"17212",3
"15771",3
"17209",3
"17991",3
"17205",3
"14920",3
"17198",3
"17977",3
"13224",3
"12559",3
"15780",3
"12560",3
"18262",3
"17185",3
"15478",3
"17181",3
"13236",3
"15787",3
"17960",3
"17176",3
"17170",3
"15480",3
"12572",3
"17167",3
"14924",3
"17166",3
"13250",3
"17945",3
"15798",3
"18207",3
"13252",3
"13257",3
"17934",3
"13262",3
"17134",3
"15806",3
"13281",3
"14418",3
"17123",3
"14788",3
"14413",3
"17119",3
"17932",3
"13294",3
"17110",3
"15816",3
"15817",3
"13307",3
"17098",3
"17094",3
"17928",3
"12591",3
"13318",3
"12593",3
"18282",3
"18202",3
"13333",3
"17067",3
"14851",3
"14856",3
"14926",3
"17064",3
"13344",3
"17058",3
"14731",3
"14729",3
"17923",3
"14387",3
"13350",3
"15840",3
"14385",3
"15842",3
"13363",3
"17028",3
"17026",3
"17024",3
"14383",3
"17023",3
"14382",3
"13375",3
"15852",3
"13376",3
"17918",3
"13377",3
"17917",3
"17901",3
"17015",3
"13379",3
"14375",3
"17005",3
"16997",3
"14372",3
"16993",3
"17892",3
"13389",3
"13395",3
"13399",3
"15869",3
"18081",3
"16980",3
"16978",3
"13403",3
"18048",3
"16969",3
"15213",3
"15877",3
"12620",3
"13406",3
"18030",3
"14722",3
"13416",3
"17880",3
"14720",3
"12425",3
"13428",3
"15887",3
"16943",3
"17878",3
"13439",3
"16939",3
"16935",3
"13442",3
"17876",3
"16932",3
"12639",3
"14355",3
"16930",3
"12640",3
"14353",3
"13452",3
"16927",3
"16921",3
"16917",3
"16913",3
"15907",3
"15212",3
"16911",3
"13474",3
"12426",3
"13486",3
"16897",3
"15280",3
"13492",3
"16890",3
"13496",3
"15918",3
"14716",3
"15210",3
"16888",3
"12642",3
"16887",3
"18187",3
"16882",3
"13519",3
"13521",3
"16868",3
"16866",3
"16856",3
"16851",3
"15516",3
"15933",3
"12652",3
"12653",3
"15398",3
"16846",3
"17853",3
"13533",3
"12663",3
"15399",3
"13540",3
"17835",3
"14784",3
"13541",3
"15946",3
"13545",3
"15948",3
"14836",3
"13548",3
"16824",3
"12386",2
"15342",2
"15345",2
"15349",2
"15350",2
"14815",2
"15355",2
"15362",2
"15364",2
"14809",2
"14807",2
"14806",2
"15368",2
"14799",2
"15374",2
"15378",2
"14792",2
"15390",2
"15391",2
"14785",2
"15396",2
"15401",2
"14783",2
"15403",2
"15405",2
"15409",2
"14780",2
"14778",2
"15418",2
"14773",2
"18040",2
"18042",2
"15437",2
"15444",2
"15445",2
"12529",2
"15448",2
"14764",2
"15451",2
"14762",2
"15454",2
"15458",2
"15459",2
"14760",2
"18047",2
"14753",2
"14751",2
"14747",2
"15490",2
"14736",2
"15492",2
"15501",2
"15503",2
"14717",2
"18049",2
"14707",2
"15519",2
"15522",2
"15524",2
"14697",2
"15526",2
"15531",2
"14678",2
"14675",2
"15540",2
"18050",2
"15543",2
"15545",2
"14671",2
"15552",2
"14664",2
"15558",2
"15560",2
"14663",2
"15564",2
"15565",2
"15566",2
"14660",2
"14658",2
"14647",2
"14636",2
"12522",2
"14617",2
"15609",2
"15612",2
"14610",2
"14600",2
"15627",2
"14599",2
"15634",2
"14594",2
"18271",2
"18060",2
"14581",2
"15653",2
"15654",2
"15655",2
"18063",2
"15662",2
"15666",2
"14568",2
"14563",2
"12514",2
"12513",2
"14557",2
"15683",2
"15690",2
"14539",2
"15709",2
"15711",2
"14521",2
"14520",2
"15720",2
"14519",2
"12512",2
"14517",2
"18070",2
"15741",2
"12511",2
"15746",2
"14491",2
"18072",2
"14490",2
"14488",2
"14486",2
"15762",2
"14473",2
"18074",2
"15767",2
"14471",2
"15773",2
"15775",2
"14464",2
"15779",2
"12508",2
"14459",2
"15784",2
"15788",2
"14448",2
"15792",2
"15794",2
"14436",2
"12355",2
"14416",2
"15813",2
"15821",2
"14398",2
"15824",2
"15829",2
"15830",2
"12505",2
"18080",2
"15836",2
"15837",2
"14381",2
"14377",2
"15857",2
"14369",2
"14365",2
"15876",2
"15878",2
"15880",2
"14363",2
"15883",2
"15884",2
"14358",2
"15894",2
"15897",2
"14354",2
"15908",2
"15914",2
"15919",2
"14335",2
"15922",2
"14333",2
"15934",2
"15935",2
"15936",2
"14331",2
"15940",2
"15941",2
"15943",2
"12501",2
"15949",2
"14324",2
"14319",2
"15956",2
"15963",2
"15966",2
"15970",2
"14303",2
"15977",2
"14288",2
"14279",2
"15986",2
"15989",2
"14271",2
"14269",2
"16001",2
"14261",2
"16006",2
"14253",2
"14244",2
"12496",2
"14242",2
"16021",2
"14241",2
"16031",2
"12495",2
"14213",2
"14212",2
"14208",2
"16070",2
"16073",2
"16077",2
"16078",2
"14183",2
"14181",2
"16088",2
"16089",2
"16091",2
"14179",2
"14171",2
"14169",2
"14166",2
"14164",2
"14162",2
"16116",2
"14150",2
"14148",2
"16127",2
"14138",2
"16132",2
"14137",2
"16135",2
"18274",2
"16141",2
"14115",2
"14109",2
"18111",2
"18275",2
"14097",2
"14094",2
"14091",2
"14082",2
"16178",2
"12487",2
"14073",2
"16189",2
"14069",2
"14067",2
"16193",2
"16198",2
"14058",2
"14052",2
"14050",2
"14039",2
"16222",2
"16223",2
"14029",2
"14026",2
"16230",2
"18121",2
"14023",2
"14022",2
"16243",2
"16244",2
"16246",2
"16252",2
"14008",2
"14002",2
"16264",2
"16268",2
"16269",2
"13996",2
"16273",2
"13987",2
"16289",2
"13981",2
"13978",2
"16299",2
"16302",2
"13972",2
"13970",2
"16310",2
"16311",2
"16313",2
"16315",2
"13967",2
"16322",2
"16323",2
"13961",2
"13960",2
"13945",2
"12353",2
"16345",2
"16352",2
"16355",2
"13933",2
"13930",2
"16364",2
"18134",2
"13918",2
"13917",2
"16373",2
"13915",2
"16375",2
"16377",2
"16381",2
"16382",2
"12475",2
"13909",2
"18137",2
"13904",2
"13899",2
"16402",2
"16403",2
"16404",2
"16405",2
"13898",2
"16413",2
"13885",2
"16427",2
"18278",2
"16433",2
"13868",2
"16437",2
"13859",2
"18143",2
"16448",2
"12469",2
"12467",2
"16452",2
"16453",2
"16454",2
"13853",2
"13852",2
"18146",2
"13850",2
"16472",2
"18147",2
"13837",2
"16479",2
"16487",2
"16489",2
"16490",2
"13833",2
"13830",2
"13829",2
"16502",2
"16506",2
"13826",2
"13825",2
"13822",2
"16522",2
"13817",2
"16524",2
"16526",2
"16527",2
"13811",2
"13810",2
"16535",2
"16536",2
"16541",2
"16542",2
"16543",2
"13805",2
"16545",2
"16552",2
"16557",2
"16561",2
"16567",2
"16568",2
"13773",2
"16579",2
"16581",2
"16583",2
"13759",2
"16585",2
"18156",2
"16598",2
"13747",2
"16603",2
"16606",2
"16608",2
"13744",2
"13739",2
"16615",2
"16616",2
"16622",2
"13731",2
"16624",2
"13730",2
"13726",2
"16629",2
"16630",2
"13721",2
"16632",2
"13718",2
"13712",2
"16641",2
"16644",2
"16646",2
"13706",2
"13701",2
"13698",2
"16666",2
"16667",2
"16669",2
"13689",2
"16674",2
"16675",2
"16683",2
"16685",2
"16691",2
"18163",2
"13677",2
"16695",2
"18164",2
"16698",2
"13675",2
"13674",2
"13673",2
"16704",2
"13660",2
"16715",2
"13657",2
"13639",2
"16737",2
"13624",2
"13622",2
"16749",2
"13619",2
"13616",2
"13612",2
"16757",2
"18174",2
"16765",2
"16766",2
"13605",2
"13604",2
"13600",2
"16776",2
"16778",2
"13596",2
"18176",2
"13583",2
"13582",2
"13581",2
"16802",2
"16808",2
"16811",2
"13563",2
"16815",2
"13559",2
"13556",2
"16819",2
"13551",2
"16829",2
"16834",2
"13543",2
"13537",2
"16840",2
"12438",2
"16844",2
"16847",2
"16852",2
"16854",2
"16855",2
"13529",2
"13525",2
"16864",2
"13511",2
"13508",2
"16878",2
"16886",2
"13493",2
"16893",2
"13482",2
"13480",2
"13472",2
"16908",2
"16909",2
"13470",2
"13467",2
"18191",2
"13465",2
"13460",2
"13459",2
"13444",2
"16936",2
"13441",2
"13432",2
"13424",2
"13422",2
"16956",2
"16957",2
"16964",2
"13404",2
"16968",2
"16972",2
"16974",2
"13400",2
"13398",2
"16988",2
"16990",2
"13386",2
"16999",2
"17000",2
"18281",2
"17010",2
"18197",2
"12419",2
"17020",2
"13374",2
"17022",2
"13370",2
"13369",2
"18199",2
"13364",2
"17037",2
"17038",2
"17040",2
"13361",2
"13352",2
"17053",2
"13345",2
"13343",2
"17065",2
"17070",2
"13337",2
"17078",2
"13321",2
"13311",2
"17100",2
"17105",2
"17111",2
"13302",2
"13284",2
"17132",2
"13279",2
"13275",2
"18205",2
"17143",2
"17144",2
"13272",2
"13271",2
"13261",2
"17156",2
"13248",2
"13245",2
"17171",2
"17182",2
"13234",2
"17184",2
"17186",2
"17187",2
"13226",2
"17194",2
"13221",2
"17217",2
"17219",2
"13194",2
"17229",2
"17232",2
"13189",2
"13177",2
"17245",2
"17246",2
"17248",2
"17250",2
"17252",2
"17257",2
"17258",2
"17265",2
"17267",2
"17270",2
"17274",2
"17276",2
"17277",2
"17278",2
"13163",2
"13161",2
"17285",2
"17292",2
"13144",2
"17294",2
"13143",2
"17300",2
"17301",2
"13135",2
"17308",2
"17310",2
"17313",2
"13129",2
"13123",2
"13122",2
"13121",2
"17326",2
"17327",2
"18212",2
"13116",2
"17335",2
"13108",2
"12403",2
"13084",2
"17357",2
"17359",2
"13073",2
"13068",2
"17378",2
"17383",2
"17387",2
"13051",2
"17391",2
"17393",2
"13043",2
"17403",2
"13040",2
"12397",2
"13033",2
"13030",2
"17413",2
"17425",2
"13010",2
"17433",2
"17444",2
"17446",2
"17447",2
"12995",2
"17453",2
"17456",2
"17458",2
"17459",2
"12981",2
"12979",2
"17466",2
"12974",2
"12394",2
"17478",2
"17482",2
"17484",2
"17489",2
"17497",2
"17501",2
"17503",2
"12962",2
"17506",2
"17507",2
"12958",2
"17510",2
"12953",2
"17514",2
"17518",2
"12945",2
"12944",2
"17529",2
"12929",2
"17537",2
"17549",2
"14826",2
"12904",2
"17556",2
"17566",2
"12898",2
"17577",2
"12890",2
"12882",2
"12880",2
"17592",2
"17595",2
"17601",2
"12378",2
"12864",2
"12862",2
"17617",2
"12852",2
"12851",2
"12376",2
"17627",2
"12847",2
"17630",2
"12837",2
"17632",2
"17636",2
"17637",2
"17638",2
"12832",2
"17643",2
"12825",2
"12821",2
"12818",2
"12816",2
"12815",2
"17660",2
"17662",2
"12810",2
"17668",2
"12807",2
"12806",2
"12804",2
"17674",2
"12801",2
"12800",2
"12794",2
"12792",2
"17688",2
"17689",2
"12784",2
"17699",2
"17704",2
"12773",2
"18244",2
"12771",2
"17711",2
"17715",2
"12768",2
"12763",2
"12762",2
"17727",2
"17733",2
"17737",2
"12745",2
"12743",2
"12742",2
"17741",2
"17743",2
"17745",2
"12739",2
"17747",2
"12735",2
"17766",2
"17767",2
"12716",2
"17773",2
"17781",2
"17782",2
"17786",2
"18250",2
"17788",2
"17789",2
"12711",2
"17792",2
"17794",2
"17795",2
"12696",2
"17805",2
"17810",2
"12689",2
"17814",2
"17823",2
"12669",2
"17834",2
"12666",2
"17843",2
"17847",2
"12646",2
"18255",2
"18256",2
"12638",2
"12630",2
"12629",2
"12624",2
"17882",2
"12612",2
"17890",2
"17904",2
"12607",2
"12604",2
"17916",2
"17919",2
"12596",2
"12580",2
"12579",2
"12575",2
"12363",2
"17946",2
"12571",2
"18261",2
"12566",2
"12565",2
"17958",2
"17964",2
"17967",2
"12558",2
"12556",2
"18265",2
"15054",2
"15042",2
"15041",2
"12545",2
"15037",2
"15066",2
"18267",2
"15029",2
"15025",2
"15080",2
"15084",2
"15086",2
"15014",2
"18005",2
"15094",2
"15011",2
"12357",2
"15008",2
"15102",2
"15103",2
"15006",2
"12544",2
"15001",2
"14996",2
"15120",2
"15121",2
"14995",2
"18011",2
"15126",2
"15127",2
"14990",2
"14986",2
"14985",2
"15138",2
"15139",2
"15143",2
"15147",2
"18013",2
"14975",2
"15151",2
"14972",2
"15162",2
"15163",2
"15169",2
"15171",2
"14968",2
"14965",2
"15174",2
"15176",2
"14960",2
"14957",2
"18269",2
"14954",2
"14950",2
"15196",2
"14940",2
"15205",2
"12538",2
"14935",2
"14932",2
"15211",2
"14929",2
"14928",2
"15216",2
"15219",2
"14922",2
"14921",2
"15230",2
"15231",2
"15232",2
"14917",2
"14908",2
"15243",2
"18020",2
"18021",2
"15256",2
"15258",2
"12536",2
"18026",2
"15274",2
"15275",2
"14877",2
"15277",2
"14876",2
"14873",2
"14862",2
"14860",2
"15294",2
"15302",2
"14846",2
"15308",2
"15317",2
"14838",2
"15330",2
"12535",2
"15337",2
"12367",1
"14330",1
"15305",1
"16845",1
"15937",1
"17868",1
"18184",1
"16849",1
"16850",1
"15931",1
"12634",1
"16853",1
"14845",1
"15217",1
"15930",1
"16857",1
"13532",1
"13530",1
"18185",1
"17872",1
"18186",1
"14927",1
"12622",1
"16865",1
"15929",1
"16867",1
"15928",1
"13522",1
"16870",1
"15927",1
"15926",1
"13518",1
"16874",1
"17875",1
"16876",1
"14718",1
"17877",1
"13504",1
"16881",1
"15925",1
"13498",1
"15924",1
"12436",1
"15507",1
"15923",1
"18086",1
"14337",1
"14340",1
"13494",1
"17879",1
"14721",1
"15915",1
"13490",1
"16896",1
"15913",1
"14345",1
"13483",1
"12430",1
"16901",1
"16902",1
"14347",1
"17881",1
"15307",1
"14348",1
"14724",1
"12618",1
"17885",1
"12617",1
"15909",1
"13469",1
"14349",1
"16914",1
"17887",1
"12614",1
"15905",1
"14787",1
"14925",1
"16920",1
"15904",1
"16922",1
"17891",1
"18192",1
"16925",1
"13454",1
"14351",1
"15902",1
"13449",1
"15899",1
"13445",1
"15895",1
"15499",1
"15893",1
"15892",1
"17893",1
"16937",1
"12611",1
"15891",1
"14357",1
"16941",1
"13438",1
"12350",1
"16944",1
"13436",1
"17895",1
"12503",1
"17896",1
"13423",1
"12608",1
"14361",1
"13419",1
"16953",1
"14362",1
"13412",1
"12366",1
"17899",1
"16958",1
"16959",1
"13411",1
"18083",1
"16962",1
"16963",1
"12365",1
"16965",1
"14726",1
"16967",1
"17902",1
"15875",1
"16970",1
"16971",1
"17903",1
"16973",1
"15388",1
"14366",1
"16976",1
"12420",1
"18082",1
"14923",1
"15871",1
"16982",1
"15868",1
"17906",1
"14368",1
"13392",1
"13391",1
"17907",1
"13390",1
"15333",1
"16991",1
"15866",1
"14371",1
"16995",1
"13387",1
"14373",1
"17909",1
"17910",1
"17911",1
"13385",1
"13383",1
"18195",1
"12603",1
"14374",1
"13380",1
"15859",1
"17008",1
"17009",1
"12602",1
"17914",1
"17012",1
"17915",1
"14376",1
"17016",1
"14378",1
"15853",1
"15851",1
"15225",1
"14728",1
"15496",1
"15848",1
"15846",1
"13372",1
"14384",1
"15226",1
"15844",1
"14843",1
"17030",1
"13367",1
"13366",1
"12595",1
"17922",1
"15843",1
"17036",1
"15495",1
"14742",1
"17039",1
"17925",1
"14743",1
"13358",1
"13356",1
"13355",1
"13354",1
"13353",1
"17927",1
"13351",1
"14386",1
"13349",1
"18200",1
"17052",1
"15487",1
"13348",1
"17055",1
"17056",1
"17057",1
"14391",1
"13347",1
"17060",1
"12587",1
"15833",1
"12581",1
"15832",1
"15387",1
"17066",1
"15828",1
"13342",1
"13341",1
"15486",1
"13339",1
"17072",1
"18201",1
"17074",1
"17933",1
"13336",1
"17077",1
"14749",1
"17079",1
"14392",1
"13332",1
"13331",1
"13328",1
"14393",1
"13326",1
"13325",1
"17087",1
"15825",1
"17089",1
"13322",1
"15229",1
"14394",1
"17093",1
"15820",1
"13315",1
"13312",1
"17936",1
"14402",1
"17099",1
"15310",1
"15818",1
"17102",1
"17103",1
"17104",1
"17938",1
"17106",1
"13306",1
"17108",1
"13303",1
"14405",1
"17939",1
"17112",1
"12574",1
"13298",1
"14406",1
"17116",1
"17117",1
"17118",1
"14411",1
"17120",1
"17121",1
"12351",1
"14417",1
"17124",1
"17125",1
"13289",1
"13286",1
"17128",1
"17129",1
"14814",1
"17942",1
"14424",1
"14429",1
"17944",1
"17136",1
"14750",1
"13274",1
"13273",1
"17140",1
"15352",1
"18206",1
"17947",1
"17948",1
"15481",1
"15233",1
"13270",1
"17148",1
"17149",1
"13264",1
"17151",1
"14433",1
"17153",1
"17154",1
"12568",1
"15234",1
"13260",1
"12506",1
"13254",1
"14435",1
"17161",1
"13251",1
"18076",1
"14438",1
"17953",1
"14444",1
"14445",1
"17168",1
"14919",1
"15790",1
"15236",1
"13244",1
"13241",1
"17174",1
"13237",1
"14453",1
"17177",1
"17178",1
"14457",1
"13235",1
"14458",1
"17956",1
"17957",1
"18019",1
"15783",1
"17959",1
"15479",1
"13229",1
"13228",1
"13227",1
"12564",1
"17192",1
"15778",1
"12563",1
"17195",1
"17196",1
"17197",1
"15776",1
"17199",1
"18208",1
"13222",1
"17202",1
"15477",1
"13219",1
"14468",1
"17206",1
"17207",1
"17208",1
"15772",1
"17210",1
"13218",1
"15770",1
"13216",1
"13215",1
"17215",1
"17216",1
"15313",1
"13210",1
"12561",1
"13205",1
"13204",1
"13197",1
"15765",1
"17224",1
"17225",1
"15761",1
"13195",1
"14752",1
"15386",1
"13193",1
"13191",1
"18285",1
"15758",1
"17234",1
"15475",1
"13188",1
"18209",1
"13185",1
"13182",1
"17240",1
"13181",1
"13180",1
"13179",1
"17970",1
"17971",1
"17972",1
"17247",1
"17973",1
"17249",1
"14914",1
"12416",1
"18033",1
"17253",1
"14476",1
"12411",1
"13176",1
"17976",1
"15474",1
"13172",1
"17260",1
"17261",1
"13170",1
"17263",1
"17264",1
"18264",1
"12509",1
"12554",1
"14485",1
"17269",1
"15242",1
"17271",1
"15753",1
"17273",1
"17981",1
"17275",1
"17982",1
"17983",1
"12552",1
"17279",1
"17280",1
"15744",1
"17985",1
"17283",1
"17986",1
"12551",1
"15742",1
"13160",1
"15740",1
"13153",1
"13146",1
"17291",1
"12550",1
"17989",1
"12548",1
"15739",1
"17296",1
"17297",1
"15472",1
"13142",1
"17992",1
"17993",1
"15470",1
"17303",1
"17304",1
"17305",1
"15735",1
"13132",1
"14757",1
"15733",1
"18046",1
"13130",1
"15731",1
"15464",1
"18266",1
"13128",1
"17316",1
"13127",1
"17318",1
"17319",1
"13125",1
"15463",1
"15049",1
"15052",1
"13120",1
"14509",1
"18045",1
"14816",1
"17328",1
"13119",1
"15460",1
"17331",1
"15056",1
"17333",1
"18213",1
"15047",1
"17336",1
"13114",1
"14516",1
"12405",1
"13111",1
"15457",1
"15726",1
"13105",1
"15725",1
"14518",1
"13099",1
"17347",1
"13096",1
"13095",1
"13088",1
"13087",1
"17352",1
"13086",1
"15316",1
"17355",1
"18000",1
"14900",1
"15721",1
"15040",1
"13076",1
"13075",1
"15063",1
"15718",1
"13072",1
"13071",1
"14523",1
"17367",1
"14789",1
"17369",1
"18216",1
"14526",1
"14528",1
"13063",1
"12401",1
"13062",1
"12400",1
"13061",1
"15340",1
"17379",1
"12398",1
"13060",1
"14531",1
"12537",1
"15710",1
"17385",1
"13056",1
"15455",1
"13053",1
"14899",1
"17390",1
"15069",1
"14536",1
"14763",1
"17394",1
"17395",1
"18068",1
"15705",1
"15703",1
"15702",1
"17401",1
"18003",1
"15072",1
"15035",1
"18067",1
"13036",1
"17407",1
"15450",1
"15699",1
"15075",1
"15250",1
"15698",1
"18004",1
"13025",1
"17415",1
"15697",1
"17417",1
"14542",1
"15693",1
"13022",1
"15692",1
"13017",1
"14545",1
"14892",1
"13011",1
"17427",1
"15020",1
"13009",1
"12396",1
"17431",1
"13007",1
"14791",1
"13006",1
"17435",1
"15688",1
"17437",1
"15686",1
"17439",1
"15685",1
"17441",1
"12996",1
"17443",1
"15019",1
"15082",1
"15083",1
"14889",1
"12992",1
"14559",1
"12988",1
"15085",1
"15672",1
"17455",1
"14795",1
"12984",1
"15087",1
"14767",1
"12983",1
"15668",1
"15667",1
"15017",1
"18222",1
"15090",1
"14888",1
"17467",1
"14571",1
"15318",1
"12973",1
"17471",1
"15442",1
"14574",1
"17474",1
"17475",1
"18224",1
"12969",1
"14797",1
"17479",1
"15663",1
"12968",1
"15319",1
"12392",1
"15096",1
"17485",1
"17486",1
"17487",1
"17488",1
"15010",1
"12966",1
"12965",1
"14575",1
"17493",1
"17494",1
"12390",1
"12964",1
"15320",1
"17498",1
"14576",1
"14578",1
"15099",1
"15657",1
"15438",1
"14887",1
"12961",1
"15335",1
"15375",1
"12959",1
"15435",1
"15007",1
"12954",1
"15263",1
"14579",1
"15004",1
"14580",1
"12946",1
"17517",1
"18007",1
"14801",1
"17520",1
"18027",1
"12515",1
"15647",1
"14582",1
"15642",1
"12941",1
"12938",1
"12934",1
"15000",1
"15112",1
"12927",1
"17532",1
"17533",1
"14588",1
"17535",1
"14589",1
"12543",1
"17538",1
"15635",1
"12922",1
"17541",1
"14596",1
"17543",1
"15631",1
"12914",1
"12387",1
"12911",1
"14999",1
"12521",1
"17551",1
"18054",1
"15431",1
"18010",1
"12903",1
"14886",1
"12385",1
"17558",1
"17559",1
"12902",1
"18233",1
"12900",1
"18234",1
"14601",1
"17565",1
"15118",1
"12899",1
"17568",1
"17569",1
"15119",1
"12896",1
"14602",1
"17574",1
"17575",1
"14603",1
"14884",1
"12894",1
"12893",1
"12892",1
"18028",1
"12887",1
"17583",1
"14604",1
"12884",1
"17586",1
"17587",1
"15371",1
"12881",1
"15619",1
"14993",1
"14881",1
"15616",1
"14612",1
"14992",1
"15613",1
"14613",1
"17598",1
"15610",1
"17600",1
"14804",1
"14614",1
"12869",1
"15604",1
"17605",1
"17606",1
"17607",1
"14879",1
"14991",1
"15273",1
"12861",1
"12860",1
"12859",1
"17614",1
"12858",1
"18238",1
"15130",1
"15131",1
"17619",1
"17620",1
"14989",1
"14622",1
"12850",1
"15348",1
"12848",1
"17626",1
"14822",1
"17628",1
"14772",1
"14983",1
"14982",1
"15324",1
"12834",1
"12833",1
"18240",1
"12534",1
"14774",1
"14980",1
"14979",1
"14630",1
"17641",1
"15595",1
"18029",1
"14977",1
"17645",1
"12824",1
"14632",1
"15593",1
"18012",1
"17650",1
"12819",1
"15419",1
"15592",1
"17654",1
"15343",1
"15148",1
"17657",1
"12486",1
"14041",1
"16213",1
"18119",1
"16215",1
"16216",1
"14042",1
"14633",1
"16219",1
"16220",1
"14036",1
"12814",1
"12532",1
"14033",1
"17661",1
"14027",1
"14874",1
"18120",1
"14046",1
"18052",1
"15588",1
"17665",1
"12812",1
"12485",1
"14018",1
"16236",1
"16237",1
"16238",1
"14017",1
"14015",1
"16207",1
"14012",1
"15282",1
"14974",1
"18117",1
"15153",1
"16247",1
"16248",1
"14054",1
"14059",1
"16251",1
"17670",1
"18014",1
"14066",1
"14007",1
"16196",1
"16257",1
"14003",1
"16195",1
"16260",1
"15155",1
"16194",1
"16263",1
"12803",1
"16192",1
"14070",1
"16267",1
"15417",1
"15415",1
"16270",1
"15412",1
"16272",1
"12799",1
"16274",1
"14072",1
"14074",1
"16277",1
"14076",1
"13990",1
"16280",1
"18124",1
"16181",1
"14635",1
"14079",1
"16285",1
"16179",1
"13986",1
"16288",1
"12796",1
"18126",1
"15585",1
"12795",1
"16294",1
"12354",1
"13977",1
"14084",1
"13973",1
"15360",1
"14086",1
"16301",1
"15583",1
"17684",1
"16304",1
"16305",1
"14637",1
"14089",1
"13968",1
"14090",1
"18015",1
"17687",1
"16312",1
"15161",1
"16171",1
"15284",1
"14638",1
"13966",1
"16318",1
"16319",1
"14093",1
"18115",1
"14641",1
"12786",1
"14095",1
"15578",1
"14642",1
"18114",1
"16328",1
"18128",1
"16165",1
"18113",1
"16162",1
"13947",1
"16334",1
"15285",1
"18129",1
"16337",1
"16338",1
"16339",1
"14098",1
"13944",1
"12780",1
"14100",1
"18131",1
"17697",1
"16346",1
"13943",1
"13942",1
"16349",1
"13938",1
"14106",1
"17698",1
"14117",1
"13934",1
"15408",1
"12777",1
"18132",1
"13932",1
"17701",1
"16152",1
"18133",1
"13926",1
"16363",1
"12776",1
"13923",1
"18243",1
"14118",1
"14120",1
"15165",1
"12478",1
"16371",1
"12774",1
"15166",1
"12772",1
"14969",1
"16144",1
"15168",1
"14123",1
"16142",1
"16380",1
"17710",1
"15286",1
"13913",1
"17712",1
"13912",1
"14124",1
"15576",1
"16388",1
"13907",1
"18107",1
"12769",1
"16137",1
"13906",1
"14131",1
"15170",1
"12489",1
"16397",1
"18138",1
"14143",1
"13903",1
"15327",1
"17717",1
"15575",1
"12767",1
"12764",1
"12470",1
"17721",1
"16408",1
"14144",1
"16410",1
"18140",1
"13896",1
"14864",1
"13893",1
"16123",1
"14153",1
"16417",1
"13887",1
"13886",1
"16420",1
"14155",1
"14863",1
"16423",1
"18105",1
"16425",1
"13879",1
"14650",1
"12761",1
"16429",1
"13876",1
"14158",1
"16432",1
"12760",1
"15328",1
"16114",1
"18279",1
"12756",1
"16113",1
"16439",1
"13866",1
"13864",1
"18104",1
"16443",1
"17729",1
"14652",1
"16446",1
"16111",1
"12752",1
"18103",1
"12751",1
"15175",1
"12750",1
"14654",1
"15567",1
"13858",1
"14833",1
"16457",1
"15177",1
"16459",1
"12491",1
"16106",1
"15178",1
"14964",1
"14165",1
"16100",1
"13847",1
"13845",1
"16097",1
"13844",1
"13843",1
"13841",1
"18038",1
"13840",1
"13839",1
"12741",1
"16095",1
"15292",1
"14174",1
"12740",1
"16480",1
"16093",1
"16482",1
"16483",1
"16090",1
"14184",1
"16486",1
"15293",1
"18148",1
"14782",1
"15336",1
"16084",1
"16492",1
"18100",1
"16494",1
"16082",1
"17748",1
"14185",1
"14187",1
"14661",1
"12738",1
"16501",1
"17751",1
"13828",1
"16504",1
"16505",1
"17752",1
"16507",1
"16508",1
"16509",1
"14190",1
"12736",1
"16512",1
"16074",1
"15185",1
"16516",1
"16517",1
"17755",1
"18099",1
"13818",1
"18098",1
"15559",1
"15557",1
"12732",1
"16069",1
"12730",1
"12729",1
"16528",1
"12461",1
"16530",1
"17761",1
"17762",1
"16068",1
"16534",1
"15556",1
"15554",1
"16537",1
"14192",1
"13806",1
"16540",1
"18284",1
"14956",1
"14955",1
"12718",1
"15553",1
"13801",1
"16547",1
"16548",1
"14196",1
"13796",1
"13794",1
"15188",1
"13793",1
"16064",1
"16063",1
"13790",1
"18249",1
"13789",1
"16559",1
"13788",1
"14666",1
"16562",1
"14197",1
"16564",1
"13779",1
"13775",1
"15295",1
"12715",1
"13774",1
"17775",1
"13766",1
"18152",1
"18153",1
"14200",1
"13765",1
"16577",1
"16578",1
"14668",1
"16580",1
"15548",1
"16582",1
"17778",1
"12713",1
"14674",1
"16058",1
"16587",1
"12460",1
"16056",1
"16055",1
"16591",1
"13757",1
"14203",1
"16594",1
"13751",1
"15190",1
"16597",1
"15404",1
"16599",1
"13749",1
"14207",1
"15541",1
"17784",1
"16052",1
"16605",1
"15539",1
"13746",1
"14951",1
"15193",1
"16610",1
"14858",1
"13738",1
"16613",1
"16051",1
"15195",1
"18031",1
"16617",1
"13737",1
"16046",1
"13732",1
"18157",1
"17791",1
"14946",1
"17793",1
"14945",1
"14943",1
"16627",1
"13724",1
"12707",1
"12702",1
"17798",1
"12699",1
"12698",1
"13716",1
"16635",1
"16044",1
"13714",1
"14218",1
"15537",1
"16640",1
"15200",1
"14222",1
"16035",1
"17803",1
"16645",1
"15536",1
"18159",1
"16030",1
"16649",1
"13708",1
"16651",1
"14941",1
"16028",1
"16026",1
"13702",1
"17806",1
"12459",1
"16025",1
"16659",1
"14677",1
"13697",1
"16662",1
"16663",1
"16664",1
"16665",1
"12368",1
"12692",1
"13691",1
"14811",1
"13690",1
"16022",1
"12690",1
"16673",1
"15204",1
"12688",1
"13688",1
"14252",1
"13687",1
"14254",1
"14259",1
"14263",1
"13683",1
"14812",1
"13682",1
"17815",1
"14266",1
"16687",1
"18162",1
"16002",1
"13678",1
"12687",1
"12686",1
"17818",1
"16694",1
"15534",1
"14683",1
"16697",1
"17821",1
"15999",1
"14689",1
"15300",1
"17824",1
"18253",1
"13671",1
"14268",1
"18165",1
"16708",1
"13670",1
"15997",1
"13667",1
"15995",1
"13661",1
"17826",1
"15528",1
"18166",1
"12671",1
"13653",1
"14270",1
"12453",1
"16721",1
"15991",1
"12452",1
"16724",1
"13645",1
"13640",1
"18169",1
"12448",1
"14848",1
"12447",1
"16731",1
"13638",1
"16733",1
"14274",1
"14278",1
"13628",1
"14694",1
"16738",1
"12446",1
"16740",1
"16741",1
"14280",1
"13625",1
"17831",1
"17832",1
"13621",1
"14281",1
"13620",1
"17833",1
"15338",1
"16751",1
"16752",1
"16753",1
"13618",1
"14703",1
"17836",1
"12667",1
"16758",1
"15209",1
"16760",1
"16761",1
"15982",1
"14294",1
"13609",1
"17839",1
"17840",1
"13608",1
"15979",1
"18175",1
"14300",1
"14705",1
"17842",1
"15975",1
"13603",1
"15397",1
"17844",1
"12499",1
"18254",1
"18032",1
"14310",1
"15968",1
"14317",1
"16783",1
"15964",1
"16785",1
"16786",1
"12661",1
"13586",1
"16789",1
"12660",1
"12659",1
"12658",1
"16793",1
"13580",1
"13578",1
"16796",1
"13574",1
"12443",1
"15962",1
"16800",1
"13572",1
"12655",1
"16803",1
"15961",1
"12442",1
"12441",1
"13570",1
"15520",1
"13568",1
"14318",1
"14706",1
"18091",1
"17855",1
"13560",1
"15517",1
"15954",1
"12650",1
"15395",1
"17859",1
"16820",1
"16821",1
"18090",1
"13553",1
"18089",1
"14786",1
"16826",1
"13550",1
"16828",1
"15515",1
"14325",1
"16831",1
"13547",1
"15947",1
"14830",1
"12641",1
"18182",1
"18088",1
"15942",1
"15510",1
"15509",1
"13535",1
