"customer_id","orders_used_in_calc","avg_days_between_orders"
"15060",3,0.0
"17882",1,0.0
"14028",2,0.0
"14697",1,0.0
"13646",1,0.0
"16964",1,0.0
"15526",1,0.0
"14010",1,0.0
"14938",1,0.0
"17501",1,0.0
"17391",1,0.0
"15098",2,0.0
"15959",2,0.0
"15794",1,0.0
"15546",1,0.0
"17823",1,0.0
"14917",1,0.0
"17065",1,0.0
"18137",1,0.0
"12743",1,0.0
"18139",5,0.0
"14736",1,0.0
"16000",2,0.0
"16375",1,0.0
"16766",1,0.0
"17078",1,0.0
"16502",1,0.0
"15560",1,0.0
"17257",1,0.0
"14965",1,0.0
"18013",1,0.0
"17544",2,0.0
"13526",1,0.0
"16695",1,0.0
"14996",1,0.0
"17357",1,0.0
"18024",1,0.0
"17294",1,0.0
"14809",1,0.0
"17267",1,0.0
"17622",1,0.0
"17782",1,0.0
"16498",1,0.0
"14663",1,0.0
"15914",1,0.0
"15897",1,0.0
"15736",1,0.0
"17100",1,0.0
"16479",1,0.0
"12496",1,0.0
"17766",1,0.0
"15037",1,0.0
"16685",1,0.0
"18047",1,0.0
"12512",1,0.0
"15816",1,0.0
"17900",1,0.0
"16819",1,0.0
"16268",1,0.0
"14933",3,0.0
"15001",1,0.0
"17945",2,0.0
"15873",3,0.3
"15516",2,0.5
"16435",2,0.5
"17509",7,0.7
"14356",1,1.0
"17794",1,1.0
"15230",1,1.0
"15700",1,1.0
"14911",372,1.6
"12748",321,1.9
"13597",1,2.0
"15823",1,2.0
"18021",1,2.0
"17918",2,2.0
"12508",1,2.0
"17850",154,2.3
"17523",3,2.3
"17448",40,2.7
"12482",26,2.9
"17461",2,3.0
"17067",2,3.0
"17841",210,3.0
"17363",2,3.0
"17185",2,3.0
"15311",206,3.1
"13089",202,3.3
"13521",2,3.5
"14606",183,3.5
"18026",1,4.0
"14971",2,4.0
"13768",1,4.0
"14785",1,4.0
"15359",7,4.1
"13440",6,4.5
"14646",145,4.7
"14156",143,4.7
"13694",142,4.8
"18102",144,4.9
"18121",1,5.0
"16604",1,5.0
"15993",6,5.3
"15621",3,5.3
"14527",120,5.6
"14096",16,5.6
"15061",126,5.6
"14746",3,5.7
"12971",115,5.8
"13447",2,6.0
"16422",106,6.0
"16689",1,6.0
"15009",2,6.0
"17500",2,6.0
"13556",1,6.0
"17502",3,6.0
"17949",115,6.1
"16029",105,6.3
"13798",109,6.3
"16790",5,6.4
"15427",2,6.5
"14823",2,6.5
"13408",105,6.6
"14547",7,6.7
"17961",99,6.8
"14063",6,7.0
"17845",3,7.0
"16812",3,7.0
"16264",1,7.0
"16228",2,7.0
"16273",1,7.0
"16405",1,7.0
"13066",1,7.0
"18214",3,7.0
"14385",2,7.0
"13755",8,7.0
"13596",1,7.0
"12835",40,7.2
"18073",11,7.2
"12845",3,7.3
"15039",92,7.4
"12569",31,7.6
"15334",2,8.0
"16376",1,8.0
"12559",1,8.0
"13093",54,8.1
"17450",50,8.3
"17756",2,8.5
"17780",2,8.5
"16013",83,8.5
"14298",81,8.6
"15508",5,8.8
"17377",77,8.8
"12912",4,8.8
"16893",1,9.0
"16070",1,9.0
"15350",1,9.0
"14170",2,9.0
"17811",46,9.1
"13685",6,9.2
"12901",27,9.2
"13413",5,9.2
"12855",3,9.3
"14102",4,9.3
"16754",28,9.3
"16866",2,9.5
"17528",7,9.6
"14434",5,9.6
"12921",73,9.7
"16729",20,9.7
"13767",72,9.8
"13468",71,9.9
"14836",2,10.0
"14856",2,10.0
"17808",3,10.0
"13785",3,10.0
"17312",2,10.0
"15501",1,10.0
"14331",1,10.0
"17835",2,10.0
"14164",1,10.0
"17675",69,10.1
"13704",8,10.1
"12471",70,10.1
"17315",40,10.4
"17243",68,10.4
"12950",2,10.5
"13564",35,10.5
"13263",37,10.6
"16133",55,10.7
"15377",3,10.7
"13554",6,10.7
"13199",65,10.8
"16168",65,10.8
"12856",5,10.8
"15189",45,10.8
"15413",4,11.0
"14179",1,11.0
"15934",1,11.0
"17232",1,11.0
"17792",1,11.0
"13493",1,11.0
"15235",15,11.0
"17000",1,11.0
"15213",1,11.0
"13885",1,11.0
"17086",5,11.0
"13098",27,11.2
"16764",12,11.2
"14397",18,11.3
"16079",2,11.5
"16759",2,11.5
"14234",3,11.7
"17389",60,11.8
"13536",6,11.8
"13777",60,11.9
"17511",59,11.9
"14680",57,11.9
"16910",7,12.0
"12967",2,12.0
"16811",1,12.0
"15390",1,12.0
"16513",3,12.0
"14698",4,12.0
"15762",1,12.0
"12522",1,12.0
"17757",55,12.1
"17997",7,12.1
"14056",22,12.3
"12931",56,12.4
"13319",57,12.4
"16164",2,12.5
"12685",5,12.6
"17912",5,12.6
"15005",55,12.7
"12841",39,12.7
"13078",56,12.7
"15159",33,12.7
"15881",4,12.8
"17068",46,12.8
"18118",28,12.8
"14617",1,13.0
"17186",1,13.0
"13996",1,13.0
"14664",1,13.0
"14169",1,13.0
"16590",1,13.0
"17387",1,13.0
"13673",1,13.0
"16032",5,13.0
"14735",54,13.2
"16684",54,13.2
"14667",53,13.2
"17434",6,13.3
"17677",53,13.3
"17920",53,13.3
"13924",5,13.4
"16672",19,13.4
"14251",4,13.5
"17656",4,13.5
"16919",23,13.5
"16745",16,13.6
"16065",7,13.6
"18109",37,13.6
"18172",51,13.6
"14554",3,13.7
"16779",52,13.7
"17874",5,13.8
"15856",51,13.9
"15078",51,13.9
"15274",1,14.0
"14592",2,14.0
"12469",1,14.0
"13321",1,14.0
"17170",1,14.0
"16897",1,14.0
"16333",21,14.0
"14660",1,14.0
"17813",4,14.0
"13925",3,14.0
"16522",1,14.0
"17381",37,14.1
"14364",7,14.1
"12682",50,14.2
"13069",37,14.3
"14160",6,14.5
"15187",14,14.6
"13882",4,14.8
"16839",43,14.8
"13534",34,14.8
"13881",42,14.9
"15911",7,14.9
"17719",14,14.9
"17810",1,15.0
"13836",1,15.0
"16088",1,15.0
"13470",1,15.0
"12723",4,15.0
"13471",3,15.0
"16525",47,15.1
"15615",46,15.4
"16161",42,15.4
"17061",10,15.4
"17865",45,15.4
"14432",5,15.4
"16553",32,15.4
"15156",2,15.5
"13997",2,15.5
"18051",6,15.5
"13102",36,15.6
"15769",45,15.6
"14590",19,15.6
"15715",4,15.8
"14849",42,15.9
"15102",1,16.0
"15654",1,16.0
"12806",1,16.0
"16603",1,16.0
"15877",1,16.0
"17459",1,16.0
"12822",1,16.0
"16173",5,16.0
"16626",16,16.1
"15804",12,16.1
"12681",43,16.1
"16010",10,16.1
"17732",7,16.1
"16360",5,16.2
"14688",27,16.2
"15707",3,16.3
"14180",32,16.4
"16814",35,16.4
"15498",43,16.4
"17428",44,16.5
"12906",4,16.5
"13631",10,16.5
"14031",43,16.5
"16894",2,16.5
"14025",7,16.6
"14560",43,16.6
"15706",3,16.7
"15649",3,16.7
"13113",36,16.7
"14456",8,16.8
"17837",7,16.9
"15821",1,17.0
"14910",3,17.0
"12762",1,17.0
"15107",8,17.0
"16484",1,17.0
"13261",1,17.0
"16453",1,17.0
"17566",1,17.0
"17451",6,17.0
"15581",33,17.2
"15738",40,17.2
"16931",22,17.3
"17131",4,17.3
"16746",41,17.3
"17581",42,17.3
"15358",41,17.4
"16705",41,17.4
"15787",2,17.5
"16187",14,17.5
"13318",2,17.5
"14367",15,17.5
"17295",2,17.5
"13963",16,17.6
"12720",28,17.6
"13969",34,17.7
"13854",38,17.7
"17173",7,17.7
"14132",10,17.7
"13949",5,17.8
"17576",40,17.8
"15633",12,17.9
"12932",7,17.9
"12498",2,18.0
"15511",4,18.0
"14121",3,18.0
"16033",26,18.0
"14671",1,18.0
"18041",37,18.0
"16295",3,18.0
"15183",2,18.0
"16549",33,18.1
"13018",34,18.2
"14543",38,18.2
"15015",12,18.2
"15291",38,18.2
"18231",27,18.2
"15768",33,18.4
"16438",4,18.5
"17590",2,18.5
"14172",2,18.5
"16997",2,18.5
"14808",7,18.6
"16458",29,18.7
"16742",12,18.8
"16782",37,18.9
"16818",10,19.0
"16855",1,19.0
"14369",1,19.0
"12827",2,19.0
"17183",5,19.0
"16935",2,19.0
"15513",34,19.1
"12621",34,19.1
"14895",37,19.1
"17735",25,19.2
"12647",34,19.2
"16688",3,19.3
"16353",37,19.3
"17306",20,19.3
"17750",8,19.3
"16558",37,19.4
"12437",37,19.4
"12734",2,19.5
"16478",2,19.5
"14194",35,19.7
"15960",3,19.7
"16843",34,19.8
"13004",35,19.9
"14051",36,19.9
"15939",14,19.9
"16160",1,20.0
"14932",1,20.0
"16352",1,20.0
"14416",1,20.0
"12936",3,20.0
"15565",1,20.0
"17975",23,20.0
"13460",1,20.0
"16506",1,20.0
"13420",1,20.0
"13323",4,20.0
"15011",1,20.0
"16223",1,20.0
"16844",1,20.0
"14040",34,20.1
"15555",35,20.2
"16361",3,20.3
"18198",16,20.3
"13558",3,20.3
"15476",3,20.3
"14176",4,20.5
"17770",4,20.5
"18130",2,20.5
"13212",2,20.5
"15271",23,20.5
"13267",35,20.5
"14360",3,20.7
"15013",9,20.7
"13429",3,20.7
"15160",3,20.7
"14455",3,20.7
"13860",4,20.8
"13668",34,20.9
"13050",33,20.9
"16904",19,20.9
"16243",1,21.0
"12722",3,21.0
"15977",1,21.0
"12735",1,21.0
"16930",2,21.0
"17317",2,21.0
"16923",31,21.0
"16427",1,21.0
"17444",1,21.0
"14685",7,21.0
"14065",2,21.0
"16799",1,21.0
"13987",1,21.0
"13247",3,21.0
"15908",1,21.0
"15808",20,21.1
"16837",10,21.1
"13230",29,21.1
"15838",33,21.2
"12788",3,21.3
"12415",23,21.3
"16813",9,21.3
"12883",3,21.3
"18258",5,21.4
"14060",29,21.4
"17613",13,21.4
"15113",2,21.5
"14779",2,21.5
"14952",31,21.5
"13090",22,21.6
"13542",16,21.6
"16945",32,21.8
"13715",16,21.8
"14648",14,21.9
"15531",1,22.0
"13028",1,22.0
"18059",2,22.0
"14490",1,22.0
"17848",29,22.0
"18228",1,22.0
"14002",1,22.0
"16381",1,22.0
"13386",1,22.0
"16629",1,22.0
"12657",3,22.0
"16015",2,22.0
"17085",27,22.1
"12989",32,22.3
"16169",3,22.3
"13808",4,22.3
"13001",32,22.3
"15044",31,22.3
"16076",9,22.3
"16713",31,22.3
"15465",31,22.4
"17706",30,22.5
"13902",4,22.5
"16210",32,22.5
"12540",31,22.5
"16900",2,22.5
"16474",6,22.5
"14110",32,22.6
"12704",7,22.6
"12709",31,22.6
"12474",28,22.7
"13599",32,22.8
"17894",17,22.8
"17652",11,22.8
"13446",10,22.9
"15827",27,22.9
"12879",2,23.0
"16465",1,23.0
"17577",1,23.0
"15355",1,23.0
"17366",1,23.0
"15653",1,23.0
"15666",1,23.0
"15719",30,23.1
"14085",31,23.1
"16928",25,23.2
"15089",5,23.2
"15347",3,23.3
"17238",31,23.3
"14217",22,23.4
"17346",25,23.4
"16607",24,23.4
"15369",10,23.5
"13418",30,23.5
"15867",30,23.5
"16533",2,23.5
"16851",2,23.5
"18226",25,23.6
"15500",3,23.7
"17681",4,23.8
"14800",16,23.8
"12757",8,23.9
"12999",2,24.0
"12675",1,24.0
"12843",27,24.0
"14780",1,24.0
"13040",1,24.0
"15805",29,24.0
"13914",1,24.0
"16020",2,24.0
"17595",1,24.0
"14354",1,24.0
"16324",2,24.0
"12882",1,24.0
"12952",3,24.0
"12783",3,24.0
"17965",28,24.1
"15281",15,24.1
"16656",29,24.1
"17113",5,24.2
"14249",11,24.2
"14134",14,24.4
"17725",10,24.5
"13016",2,24.5
"15301",16,24.5
"14711",10,24.5
"14529",2,24.5
"18075",19,24.5
"17241",11,24.6
"17062",5,24.6
"17858",29,24.6
"18260",22,24.6
"15601",29,24.6
"16379",3,24.7
"16929",6,24.7
"16401",22,24.8
"14534",25,24.8
"15538",5,24.8
"13458",15,24.9
"16523",27,24.9
"15129",22,25.0
"12828",5,25.0
"16911",1,25.0
"14116",4,25.0
"18143",1,25.0
"16678",11,25.0
"15963",1,25.0
"15612",1,25.0
"13467",1,25.0
"15984",29,25.0
"13730",1,25.0
"15570",24,25.1
"14189",15,25.2
"15505",4,25.3
"15144",28,25.3
"12627",5,25.4
"15640",28,25.4
"13013",28,25.4
"14702",28,25.4
"13999",28,25.4
"15290",25,25.5
"16011",28,25.6
"15125",23,25.6
"16019",26,25.6
"14344",19,25.7
"13491",26,25.7
"17017",28,25.8
"13991",5,25.8
"18061",27,26.0
"16698",1,26.0
"17946",1,26.0
"13537",1,26.0
"13073",1,26.0
"17562",6,26.0
"15260",24,26.0
"14825",23,26.0
"16499",7,26.1
"17696",26,26.1
"14562",25,26.1
"16158",8,26.1
"13576",27,26.2
"17372",26,26.2
"13081",27,26.2
"18229",27,26.2
"12830",5,26.2
"12955",10,26.3
"16592",27,26.3
"14878",24,26.3
"16241",15,26.3
"13346",5,26.4
"15297",2,26.5
"16066",4,26.5
"16460",2,26.5
"16942",8,26.5
"16744",6,26.5
"17611",27,26.6
"14866",16,26.6
"18065",27,26.6
"17790",19,26.7
"15194",27,26.7
"13097",26,26.8
"15141",6,26.8
"17504",17,26.9
"14088",15,26.9
"16125",13,26.9
"16538",2,27.0
"18180",5,27.0
"13731",1,27.0
"17549",1,27.0
"14140",1,27.0
"12985",1,27.0
"12431",24,27.0
"15589",2,27.0
"14303",1,27.0
"14261",1,27.0
"16107",6,27.0
"12419",1,27.0
"15232",1,27.0
"13399",2,27.0
"12518",4,27.0
"15751",10,27.0
"14282",24,27.0
"14082",1,27.0
"13269",27,27.0
"13810",1,27.0
"14733",14,27.1
"13742",11,27.1
"13206",12,27.2
"17230",17,27.2
"15024",15,27.3
"17653",3,27.3
"13268",9,27.3
"15629",3,27.3
"14796",26,27.3
"17564",2,27.5
"13935",2,27.5
"12583",26,27.6
"15491",5,27.6
"14299",26,27.7
"17364",26,27.7
"13148",25,27.8
"14776",14,27.8
"16186",25,27.9
"17659",13,27.9
"13552",21,27.9
"15054",1,28.0
"15330",1,28.0
"15943",1,28.0
"18122",5,28.0
"16631",6,28.0
"16157",2,28.0
"14539",1,28.0
"12376",1,28.0
"15046",24,28.1
"17139",24,28.1
"13571",25,28.2
"16989",5,28.2
"18116",12,28.2
"12476",17,28.2
"13994",5,28.2
"18008",22,28.2
"16775",15,28.3
"12986",9,28.4
"17014",2,28.5
"17888",24,28.5
"12980",20,28.5
"14831",2,28.5
"17857",22,28.5
"14178",6,28.5
"12640",2,28.5
"15547",25,28.6
"15611",23,28.7
"16701",25,28.7
"18223",25,28.7
"13802",18,28.7
"14243",16,28.7
"18225",25,28.8
"17021",5,28.8
"12747",25,28.8
"12839",25,28.8
"13437",6,28.8
"14502",10,28.9
"17307",10,29.0
"12878",1,29.0
"15332",5,29.0
"15349",1,29.0
"16326",23,29.0
"12386",1,29.0
"16373",1,29.0
"16184",5,29.0
"12868",7,29.1
"13082",20,29.2
"13147",3,29.3
"13644",3,29.3
"17969",19,29.3
"18087",15,29.4
"15981",20,29.4
"17231",24,29.5
"14709",24,29.5
"13588",8,29.5
"12628",2,29.5
"15955",21,29.6
"17481",3,29.7
"14258",24,29.8
"15898",24,29.8
"14755",24,29.8
"16700",24,30.0
"14739",24,30.0
"13978",1,30.0
"12885",2,30.0
"12549",4,30.0
"18241",20,30.0
"16606",1,30.0
"13047",22,30.0
"14510",2,30.0
"16426",9,30.0
"16747",1,30.0
"16230",1,30.0
"16883",18,30.0
"17834",1,30.0
"13559",1,30.0
"13488",22,30.0
"13184",9,30.1
"13094",12,30.2
"16335",6,30.3
"17073",3,30.3
"15453",6,30.3
"14511",4,30.3
"17730",19,30.4
"17162",9,30.4
"16734",2,30.5
"13911",19,30.6
"13324",17,30.6
"13641",3,30.7
"18055",13,30.7
"14092",23,30.7
"18283",21,30.7
"17716",23,30.7
"16497",22,30.9
"14062",23,30.9
"14815",1,31.0
"15444",1,31.0
"16924",2,31.0
"12493",1,31.0
"13868",1,31.0
"17032",4,31.0
"15813",1,31.0
"15801",2,31.0
"15136",3,31.0
"15883",1,31.0
"16378",2,31.0
"17447",1,31.0
"16311",1,31.0
"15644",3,31.0
"13812",2,31.0
"13734",3,31.0
"12546",1,31.0
"13985",21,31.1
"14395",19,31.1
"14492",6,31.2
"16191",23,31.2
"16296",3,31.3
"16197",8,31.3
"17870",12,31.3
"13027",18,31.4
"15874",20,31.5
"17332",4,31.5
"16170",19,31.5
"16570",19,31.5
"14305",2,31.5
"17573",2,31.5
"15527",22,31.6
"15218",21,31.6
"14524",12,31.6
"14135",23,31.6
"16145",18,31.6
"16407",13,31.8
"12919",5,31.8
"14810",12,31.8
"12662",19,31.9
"12523",22,31.9
"12362",9,31.9
"14067",1,32.0
"16436",2,32.0
"15933",2,32.0
"17370",3,32.0
"17167",2,32.0
"17223",2,32.0
"16985",22,32.0
"15093",22,32.0
"15356",12,32.1
"16638",14,32.1
"18044",17,32.1
"13756",22,32.2
"16712",12,32.2
"13137",15,32.2
"18237",4,32.3
"15737",7,32.3
"14415",22,32.3
"15379",7,32.4
"12488",2,32.5
"15298",22,32.6
"16103",21,32.6
"15694",22,32.7
"14262",7,32.7
"17406",12,32.8
"14462",11,32.8
"18245",19,32.9
"12939",19,32.9
"14291",22,32.9
"17416",21,32.9
"17220",20,32.9
"16351",12,33.0
"16393",22,33.0
"12940",1,33.0
"16290",3,33.0
"12793",2,33.0
"17563",1,33.0
"18050",1,33.0
"15251",20,33.1
"15529",11,33.2
"17396",12,33.2
"12949",21,33.3
"17690",19,33.4
"14057",21,33.4
"13784",13,33.4
"12765",5,33.4
"13880",16,33.4
"17724",2,33.5
"14359",2,33.5
"14125",2,33.5
"17402",21,33.7
"16710",21,33.7
"14141",3,33.7
"16722",21,33.8
"14401",21,33.8
"17589",17,33.8
"17651",15,33.9
"13374",1,34.0
"15214",7,34.0
"17477",1,34.0
"12584",8,34.0
"14634",3,34.0
"12804",1,34.0
"14410",10,34.0
"12630",1,34.0
"12610",3,34.0
"16644",1,34.0
"14961",21,34.0
"17285",1,34.0
"13822",1,34.0
"14852",17,34.1
"14239",20,34.1
"14390",12,34.2
"17001",18,34.2
"17404",20,34.3
"13178",20,34.3
"13426",21,34.3
"15278",3,34.3
"16342",3,34.3
"12364",3,34.3
"15618",3,34.3
"17644",19,34.3
"15249",17,34.4
"15533",2,34.5
"13983",20,34.5
"17525",2,34.5
"15568",2,34.5
"14503",5,34.6
"12712",20,34.6
"15544",19,34.8
"14944",18,34.8
"16725",12,34.9
"13842",17,34.9
"15023",19,34.9
"13200",3,35.0
"13442",2,35.0
"15270",20,35.0
"15114",11,35.0
"13159",3,35.0
"17822",4,35.0
"13857",5,35.0
"13117",17,35.0
"17503",1,35.0
"16322",1,35.0
"17287",20,35.1
"13629",18,35.2
"12823",17,35.2
"17049",18,35.2
"16316",12,35.2
"16817",12,35.3
"13475",3,35.3
"14221",16,35.3
"14283",3,35.3
"15033",9,35.4
"13314",2,35.5
"15972",4,35.5
"12877",19,35.6
"15701",3,35.7
"16444",16,35.7
"13506",4,35.8
"14713",20,35.8
"15373",16,35.8
"15854",20,35.8
"16180",12,35.8
"16954",19,35.8
"16265",11,35.9
"16675",1,36.0
"16801",3,36.0
"12754",2,36.0
"17132",1,36.0
"17668",1,36.0
"13695",15,36.1
"14867",15,36.2
"15606",16,36.2
"12483",18,36.2
"13031",4,36.3
"17491",16,36.3
"17554",4,36.3
"13317",18,36.3
"14937",2,36.5
"15344",2,36.5
"16306",6,36.5
"17800",8,36.6
"16550",17,36.6
"13725",7,36.6
"12428",7,36.6
"15632",7,36.6
"12600",19,36.6
"17799",19,36.6
"12872",11,36.7
"17340",17,36.9
"14030",19,36.9
"15661",7,36.9
"18168",15,36.9
"12629",1,37.0
"16696",3,37.0
"12680",3,37.0
"17777",2,37.0
"14071",7,37.0
"13759",1,37.0
"17692",11,37.0
"14099",19,37.1
"14607",19,37.1
"16670",19,37.1
"17634",8,37.1
"12553",11,37.2
"16546",4,37.3
"14159",19,37.3
"13567",3,37.3
"12444",4,37.3
"13456",5,37.4
"13327",18,37.4
"15622",16,37.4
"12626",8,37.5
"14387",2,37.5
"14868",11,37.5
"17873",17,37.5
"17809",19,37.5
"13769",19,37.5
"12683",19,37.6
"16467",6,37.7
"13214",6,37.7
"13575",4,37.8
"12472",18,37.8
"16652",15,37.8
"12500",17,37.8
"12417",19,37.9
"16156",19,37.9
"14659",8,37.9
"17890",1,38.0
"15399",2,38.0
"18030",1,38.0
"14615",4,38.0
"17288",10,38.0
"14558",2,38.0
"17524",2,38.0
"14358",1,38.0
"14883",5,38.0
"18205",1,38.0
"13486",2,38.0
"13232",6,38.0
"16706",2,38.0
"15796",16,38.1
"17884",19,38.1
"13993",18,38.1
"15059",18,38.1
"12490",19,38.2
"16966",6,38.2
"14352",3,38.3
"17663",16,38.3
"18232",3,38.3
"13952",13,38.4
"14426",16,38.4
"17338",16,38.4
"13492",2,38.5
"14260",2,38.5
"14048",2,38.5
"16926",4,38.5
"14587",8,38.6
"12731",16,38.6
"16877",5,38.6
"15173",6,38.8
"14948",5,38.8
"14004",10,38.9
"17460",15,38.9
"14045",15,38.9
"17203",9,39.0
"15876",1,39.0
"17126",8,39.0
"16858",9,39.0
"13933",1,39.0
"17612",17,39.0
"15378",1,39.0
"14730",7,39.1
"17419",17,39.1
"13266",18,39.1
"16609",6,39.2
"14505",18,39.2
"16199",6,39.2
"18144",18,39.2
"16155",4,39.3
"14210",15,39.3
"16016",10,39.4
"14211",17,39.4
"14907",15,39.5
"17218",17,39.5
"14732",18,39.6
"14422",18,39.6
"17091",18,39.6
"14399",7,39.6
"16767",14,39.6
"15687",8,39.6
"17164",6,39.7
"17954",18,39.8
"13141",16,39.8
"15222",10,39.8
"15267",4,39.8
"14414",7,40.0
"14876",1,40.0
"13791",1,40.0
"13816",1,40.0
"13432",1,40.0
"12889",3,40.0
"13051",1,40.0
"17157",18,40.0
"17931",13,40.1
"12708",17,40.2
"18239",5,40.2
"13044",10,40.3
"15932",7,40.3
"13928",3,40.3
"13394",18,40.4
"16975",2,40.5
"14341",17,40.5
"12605",2,40.5
"13162",15,40.5
"13709",17,40.5
"13059",9,40.6
"12684",5,40.6
"14482",11,40.7
"17512",17,40.8
"12524",16,40.9
"12755",10,40.9
"12888",1,41.0
"16974",1,41.0
"14486",1,41.0
"18167",2,41.0
"15974",6,41.0
"14250",2,41.0
"17425",1,41.0
"12642",2,41.0
"13407",2,41.0
"13659",11,41.0
"17723",6,41.0
"13250",1,41.0
"17265",1,41.0
"16314",2,41.0
"17639",5,41.0
"15829",1,41.0
"14751",1,41.0
"16556",16,41.1
"13593",13,41.1
"12395",14,41.2
"15681",13,41.2
"18037",14,41.2
"14292",15,41.2
"15003",5,41.2
"12383",4,41.3
"15309",3,41.3
"16531",10,41.4
"13831",17,41.4
"15671",6,41.5
"15058",15,41.5
"16477",10,41.6
"16331",5,41.6
"15971",17,41.6
"15580",7,41.6
"17090",12,41.6
"14734",3,41.7
"17769",16,41.7
"13940",3,41.7
"17580",4,41.8
"13014",10,41.8
"13305",15,41.9
"15514",17,42.0
"16258",14,42.0
"14407",4,42.0
"14275",5,42.0
"16431",2,42.0
"16428",2,42.0
"15205",1,42.0
"16957",1,42.0
"15953",17,42.0
"17825",3,42.0
"13533",2,42.0
"18077",17,42.1
"17739",17,42.1
"15482",17,42.1
"14744",13,42.2
"13743",6,42.2
"17861",17,42.3
"12464",7,42.3
"13590",17,42.4
"12601",5,42.4
"16034",5,42.4
"13827",2,42.5
"14850",6,42.5
"16503",10,42.5
"16234",2,42.5
"16102",2,42.5
"15108",2,42.5
"18092",17,42.6
"15750",17,42.7
"15034",13,42.7
"15860",16,42.7
"16983",10,42.8
"12935",14,42.8
"12637",11,42.8
"16008",14,42.8
"16633",5,42.8
"14573",12,42.8
"12705",12,42.8
"16027",14,42.9
"16466",14,42.9
"12432",3,43.0
"13920",3,43.0
"14629",1,43.0
"12663",1,43.0
"18005",1,43.0
"13964",1,43.0
"14693",6,43.0
"16674",1,43.0
"12572",1,43.0
"13561",10,43.0
"16456",12,43.0
"16091",1,43.0
"12439",1,43.0
"14151",1,43.0
"14245",1,43.0
"15523",15,43.1
"16743",13,43.1
"13871",16,43.1
"14692",11,43.2
"16359",15,43.2
"13065",4,43.3
"12651",3,43.3
"15150",12,43.4
"17160",16,43.5
"17209",2,43.5
"14525",16,43.6
"14530",15,43.7
"17469",16,43.8
"14901",11,43.8
"15521",15,43.9
"16218",12,43.9
"15021",11,43.9
"12646",1,44.0
"14091",1,44.0
"17314",16,44.0
"13186",2,44.0
"12895",1,44.0
"17967",1,44.0
"12632",1,44.0
"16794",14,44.1
"16225",14,44.1
"17442",14,44.1
"12352",8,44.1
"14828",12,44.2
"13183",14,44.2
"13524",4,44.3
"13693",8,44.3
"14769",16,44.5
"15771",2,44.5
"12481",13,44.5
"13856",10,44.5
"15628",16,44.6
"16806",3,44.7
"14388",15,44.7
"14370",5,44.8
"16905",16,44.8
"14461",12,44.8
"15304",8,44.8
"15134",9,44.8
"13901",14,44.9
"15755",16,44.9
"12794",1,45.0
"17293",16,45.0
"14019",2,45.0
"14519",1,45.0
"15643",2,45.0
"14740",10,45.0
"15763",1,45.0
"14465",10,45.0
"15591",2,45.0
"15088",1,45.0
"15607",8,45.1
"13021",16,45.1
"14101",12,45.1
"12599",12,45.1
"16059",11,45.2
"14312",10,45.2
"15220",5,45.2
"14882",13,45.2
"16686",15,45.2
"13720",3,45.3
"15038",8,45.3
"13039",3,45.3
"14691",4,45.3
"16682",4,45.3
"13681",3,45.3
"18219",16,45.3
"17646",11,45.4
"13443",5,45.4
"16918",15,45.5
"12567",14,45.5
"14556",2,45.5
"13728",15,45.5
"12591",2,45.5
"16266",13,45.6
"12947",5,45.6
"14227",14,45.7
"16009",3,45.7
"15785",15,45.8
"13152",6,45.8
"17470",10,45.8
"17629",9,45.8
"12963",11,45.8
"15660",14,45.8
"14532",10,45.8
"13862",8,45.9
"17453",1,46.0
"15492",1,46.0
"16421",2,46.0
"16313",1,46.0
"15624",3,46.0
"15638",5,46.0
"17229",1,46.0
"14069",1,46.0
"16249",4,46.0
"16217",1,46.0
"13041",3,46.0
"17968",3,46.0
"17457",13,46.1
"15351",9,46.1
"17204",8,46.1
"12928",11,46.2
"15998",15,46.2
"15081",11,46.2
"13630",6,46.2
"16750",4,46.3
"12594",13,46.3
"13201",3,46.3
"12678",14,46.4
"15518",14,46.4
"14963",11,46.5
"16060",2,46.5
"13384",10,46.5
"12526",2,46.5
"14064",14,46.6
"17114",7,46.6
"17602",13,46.8
"16202",8,46.8
"14177",12,46.9
"16327",15,46.9
"17146",12,46.9
"12891",10,46.9
"17365",14,46.9
"17473",1,47.0
"17484",1,47.0
"17507",1,47.0
"12943",1,47.0
"18183",1,47.0
"13634",14,47.0
"17814",1,47.0
"13507",3,47.0
"16255",14,47.1
"14081",9,47.2
"15727",14,47.2
"16370",3,47.3
"14745",11,47.3
"13870",14,47.3
"16544",3,47.3
"18025",5,47.4
"15906",9,47.4
"17726",6,47.5
"13225",15,47.5
"13450",12,47.5
"14430",2,47.5
"15708",8,47.6
"14701",14,47.7
"14209",14,47.7
"16242",13,47.7
"14032",15,47.7
"13648",7,47.7
"12643",10,47.8
"15429",1,48.0
"14515",11,48.0
"16996",8,48.0
"17610",4,48.0
"13457",1,48.0
"16437",1,48.0
"15602",15,48.0
"17714",4,48.0
"12836",14,48.0
"15258",1,48.0
"14113",15,48.1
"16005",9,48.2
"17145",3,48.3
"12520",4,48.3
"16827",4,48.3
"17539",2,48.5
"15749",2,48.5
"17412",15,48.5
"16098",13,48.5
"15346",2,48.5
"14267",2,48.5
"18081",2,48.5
"15910",14,48.6
"15502",11,48.6
"13883",13,48.7
"15443",13,48.8
"15815",4,48.8
"14541",13,48.9
"12951",14,48.9
"16128",10,48.9
"17737",1,49.0
"14363",1,49.0
"13393",3,49.0
"15323",2,49.0
"13718",1,49.0
"15885",12,49.2
"17921",9,49.2
"16709",13,49.2
"15456",9,49.2
"17410",4,49.3
"12910",12,49.5
"17892",2,49.5
"17758",11,49.5
"17994",10,49.5
"14334",11,49.5
"16129",2,49.5
"15596",8,49.5
"17380",2,49.5
"13941",14,49.6
"16871",5,49.6
"14936",11,49.7
"14049",12,49.7
"16735",13,49.8
"17838",12,49.8
"16791",14,49.9
"15203",14,49.9
"13485",10,49.9
"16912",14,49.9
"12815",1,50.0
"13960",1,50.0
"14329",14,50.0
"17897",8,50.0
"15182",10,50.0
"16126",14,50.0
"14500",2,50.0
"16999",1,50.0
"12766",8,50.1
"17655",8,50.1
"15122",10,50.2
"16293",14,50.2
"16350",8,50.3
"17191",14,50.3
"17930",12,50.3
"16365",14,50.3
"13958",7,50.3
"16869",3,50.3
"17905",12,50.3
"13291",10,50.4
"13246",10,50.4
"13804",8,50.5
"13057",2,50.5
"13287",2,50.5
"13213",10,50.6
"12676",9,50.6
"13032",8,50.6
"16862",3,50.7
"17738",12,50.7
"13971",13,50.7
"14182",3,50.7
"12782",10,50.8
"16153",10,50.8
"15732",9,50.8
"16115",11,50.9
"16668",12,50.9
"13747",1,51.0
"13970",1,51.0
"16802",1,51.0
"15315",1,51.0
"14047",13,51.0
"13884",9,51.0
"13555",12,51.1
"17519",14,51.1
"13615",7,51.1
"12423",9,51.1
"14821",6,51.2
"13875",13,51.2
"18094",12,51.3
"16395",13,51.3
"16770",8,51.3
"15996",6,51.3
"17465",6,51.3
"14005",4,51.3
"13549",7,51.3
"13478",4,51.3
"17228",12,51.3
"17422",10,51.4
"12982",7,51.4
"17552",11,51.4
"14418",2,51.5
"17736",2,51.5
"12710",2,51.5
"17578",6,51.5
"14316",4,51.5
"14191",14,51.5
"17334",2,51.5
"15079",10,51.6
"15752",8,51.6
"18236",11,51.6
"17913",13,51.7
"16206",12,51.8
"13613",4,51.8
"17137",5,51.8
"13118",8,51.9
"16226",4,52.0
"15987",7,52.0
"17995",2,52.0
"16004",4,52.0
"15411",3,52.0
"13543",1,52.0
"17673",12,52.0
"13874",6,52.0
"18261",1,52.0
"16890",2,52.0
"14841",13,52.2
"17337",3,52.3
"15370",7,52.3
"14112",12,52.3
"15679",3,52.3
"13929",10,52.3
"14625",10,52.3
"15890",4,52.3
"12433",9,52.4
"17940",13,52.4
"13610",13,52.5
"18178",10,52.5
"13505",3,52.7
"15152",13,52.7
"15789",5,52.8
"15433",1,53.0
"12407",4,53.0
"12562",8,53.0
"14496",6,53.0
"16704",1,53.0
"16943",2,53.0
"16240",1,53.0
"13126",12,53.2
"14794",9,53.2
"12779",13,53.3
"17097",8,53.3
"12517",3,53.3
"12502",4,53.3
"16391",3,53.3
"13700",12,53.3
"14016",10,53.4
"12853",10,53.4
"13649",5,53.4
"17096",10,53.5
"17368",13,53.5
"17863",11,53.5
"15036",2,53.5
"14228",2,53.5
"14309",10,53.6
"14976",5,53.6
"14970",11,53.6
"17828",3,53.7
"15365",12,53.7
"16045",7,53.7
"13092",11,53.7
"17548",3,53.7
"17522",4,53.8
"17054",4,53.8
"16515",9,53.8
"13037",11,53.8
"14224",8,53.8
"14186",4,53.8
"15696",12,53.8
"14766",10,53.8
"13995",13,53.9
"18064",10,53.9
"17567",8,53.9
"17867",13,54.0
"14437",4,54.0
"15522",1,54.0
"15949",1,54.0
"16669",1,54.0
"14561",2,54.0
"16561",1,54.0
"15586",2,54.0
"13003",2,54.0
"16719",13,54.1
"17069",13,54.1
"17071",12,54.1
"16717",13,54.1
"16992",12,54.1
"15777",6,54.2
"13209",12,54.2
"17426",12,54.2
"17527",3,54.3
"16748",13,54.3
"17952",3,54.3
"17284",6,54.3
"15625",8,54.3
"14898",13,54.3
"13015",10,54.4
"15594",4,54.5
"15331",2,54.5
"13824",11,54.5
"15321",11,54.5
"13379",2,54.5
"16655",12,54.5
"15600",3,54.7
"12811",3,54.7
"13293",5,54.8
"14232",4,54.8
"15535",5,54.8
"14676",11,54.8
"13265",4,54.8
"14114",6,54.8
"12593",2,55.0
"17788",1,55.0
"16653",1,55.0
"15617",2,55.0
"15103",1,55.0
"13563",1,55.0
"13811",1,55.0
"16489",1,55.0
"16041",2,55.0
"15571",13,55.0
"13368",3,55.0
"16899",7,55.1
"13719",10,55.1
"15938",8,55.1
"17133",11,55.2
"17700",13,55.2
"13340",11,55.2
"17713",3,55.3
"13288",4,55.3
"16455",10,55.3
"16979",8,55.3
"17454",9,55.3
"15140",7,55.4
"14188",5,55.4
"13758",13,55.5
"18202",2,55.5
"17024",2,55.5
"16332",10,55.5
"16067",2,55.5
"15031",13,55.5
"15764",7,55.6
"16221",8,55.6
"15812",11,55.6
"14289",5,55.6
"14001",8,55.6
"13202",6,55.7
"16915",10,55.7
"13136",12,55.8
"13890",13,55.8
"15590",4,55.8
"18257",11,55.8
"14498",9,55.8
"13750",10,55.8
"15743",3,56.0
"13123",1,56.0
"17119",1,56.0
"14230",2,56.0
"15259",3,56.3
"12422",11,56.3
"12674",3,56.3
"17609",10,56.4
"16348",7,56.4
"15172",4,56.5
"17213",12,56.6
"15641",11,56.6
"15574",5,56.8
"15410",9,56.8
"15199",9,56.8
"17705",10,56.8
"14404",12,56.8
"17236",11,56.8
"16209",8,56.9
"12381",2,57.0
"13722",9,57.0
"13538",11,57.0
"13459",1,57.0
"16736",4,57.0
"14451",11,57.0
"15839",2,57.0
"12347",7,57.0
"16488",2,57.0
"13662",10,57.1
"14978",9,57.1
"17924",7,57.1
"15422",6,57.3
"12867",12,57.5
"13922",2,57.5
"15296",11,57.5
"14466",12,57.6
"13012",10,57.6
"15532",9,57.7
"15483",9,57.8
"17211",12,57.8
"16394",4,57.8
"13002",2,58.0
"13735",12,58.0
"13272",1,58.0
"12924",11,58.0
"17596",12,58.0
"13557",12,58.0
"13975",11,58.0
"18142",1,58.0
"12797",1,58.0
"15716",10,58.1
"14533",10,58.2
"14201",9,58.2
"15241",10,58.2
"14487",6,58.2
"17003",3,58.3
"16539",9,58.3
"16048",3,58.3
"13665",2,58.5
"13951",2,58.5
"14973",2,58.5
"15312",11,58.5
"17550",8,58.6
"17685",11,58.6
"17937",6,58.7
"15834",6,58.7
"16094",10,58.7
"12573",4,58.8
"16699",6,58.8
"15858",12,58.8
"15916",12,58.9
"12726",10,59.0
"13234",1,59.0
"17819",11,59.0
"14696",7,59.0
"14464",1,59.0
"12975",5,59.0
"13527",11,59.0
"16172",7,59.0
"17308",1,59.0
"12719",1,59.0
"14449",7,59.1
"18009",7,59.1
"17214",5,59.2
"16600",12,59.2
"17281",5,59.2
"15862",12,59.3
"17849",7,59.3
"17633",6,59.3
"15674",11,59.3
"14770",7,59.4
"17063",12,59.4
"15179",12,59.4
"15965",12,59.5
"12957",12,59.5
"16434",11,59.5
"15864",6,59.5
"16841",11,59.5
"17188",12,59.6
"15420",5,59.6
"13782",12,59.6
"13451",10,59.7
"17988",12,59.7
"14710",12,59.7
"14127",5,59.8
"16873",11,59.8
"13239",4,59.8
"14994",4,59.8
"13139",7,59.9
"14844",9,60.0
"14720",2,60.0
"15722",10,60.0
"15086",1,60.0
"17662",1,60.0
"18204",2,60.0
"15430",1,60.0
"13517",2,60.0
"15361",3,60.0
"16085",11,60.1
"17409",9,60.1
"17449",12,60.2
"17754",12,60.2
"15569",9,60.2
"14440",12,60.3
"16463",3,60.3
"13198",7,60.3
"15811",6,60.3
"16661",3,60.3
"14854",10,60.4
"12528",5,60.4
"15248",2,60.5
"15861",11,60.5
"17779",2,60.5
"17042",4,60.5
"16464",2,60.5
"15817",2,60.5
"15100",6,60.7
"15132",4,60.8
"12913",12,60.8
"17227",11,60.8
"14553",8,60.9
"17720",9,60.9
"13726",1,61.0
"16692",3,61.0
"12457",6,61.0
"13783",3,61.0
"16235",7,61.0
"14686",4,61.0
"16075",1,61.0
"15473",7,61.1
"17585",6,61.2
"17740",5,61.2
"16475",3,61.3
"14419",6,61.3
"16042",7,61.3
"14719",4,61.3
"14214",4,61.3
"14572",10,61.4
"13435",8,61.4
"14409",8,61.5
"16907",8,61.6
"12838",9,61.6
"14918",8,61.6
"15903",11,61.7
"17323",11,61.7
"18069",10,61.8
"13636",4,61.8
"15398",1,62.0
"12463",3,62.0
"17630",1,62.0
"13108",1,62.0
"15973",1,62.0
"16325",11,62.0
"18147",1,62.0
"16762",2,62.0
"16131",11,62.0
"15648",1,62.0
"14138",1,62.0
"13138",6,62.0
"16250",2,62.0
"17742",10,62.0
"17135",9,62.1
"17268",10,62.1
"14146",11,62.1
"16347",10,62.1
"16949",5,62.2
"15240",11,62.2
"16409",11,62.2
"17851",5,62.2
"17092",10,62.3
"15106",4,62.3
"16658",4,62.3
"12721",7,62.3
"16588",3,62.3
"13301",3,62.3
"17691",3,62.3
"15756",3,62.3
"12791",4,62.3
"15116",3,62.3
"17351",11,62.5
"13499",4,62.5
"17180",10,62.5
"14383",2,62.5
"17386",6,62.5
"17744",6,62.5
"15614",3,62.7
"13489",3,62.7
"13869",9,62.7
"13711",8,62.8
"18211",4,62.8
"17682",10,62.8
"14623",9,62.8
"15519",1,63.0
"16452",1,63.0
"13350",1,63.0
"16043",7,63.0
"18248",1,63.0
"16565",3,63.0
"13058",2,63.0
"18210",6,63.0
"14273",3,63.0
"15268",2,63.0
"15646",4,63.0
"17669",9,63.1
"16510",5,63.2
"17796",6,63.2
"16875",10,63.3
"15952",3,63.3
"15283",2,63.5
"16726",6,63.5
"17324",11,63.5
"13838",9,63.6
"13984",11,63.6
"13931",10,63.7
"13381",11,63.7
"14913",7,63.7
"17044",11,63.8
"13110",11,63.9
"15728",1,64.0
"14903",4,64.0
"13248",1,64.0
"17508",7,64.0
"18230",8,64.0
"16637",3,64.0
"12749",8,64.1
"16986",10,64.1
"13717",7,64.1
"14834",6,64.2
"14915",10,64.2
"17007",6,64.2
"14593",11,64.2
"16130",3,64.3
"16112",3,64.3
"15819",9,64.3
"13477",10,64.3
"12976",7,64.4
"17515",8,64.5
"13595",2,64.5
"14803",2,64.5
"14988",6,64.5
"15967",11,64.5
"13998",2,64.5
"14078",8,64.5
"13313",11,64.5
"13617",7,64.6
"17388",10,64.6
"15095",9,64.6
"17050",9,64.7
"13433",3,64.7
"13448",11,64.7
"12775",6,64.8
"17526",11,64.8
"13115",9,64.8
"12826",11,64.9
"14154",7,64.9
"17929",11,65.0
"12832",1,65.0
"12711",1,65.0
"15207",2,65.0
"15627",1,65.0
"14467",11,65.0
"13953",11,65.1
"15382",11,65.2
"12693",6,65.3
"13908",3,65.3
"15027",9,65.4
"17686",8,65.4
"15245",7,65.4
"13799",8,65.5
"16946",4,65.5
"15946",2,65.5
"12714",11,65.5
"13134",5,65.6
"17138",6,65.7
"16143",11,65.7
"16176",3,65.7
"14609",9,65.7
"16880",7,65.7
"14591",3,65.7
"15712",11,65.8
"15845",10,65.9
"13956",4,66.0
"13520",10,66.0
"12408",7,66.1
"15550",11,66.1
"15572",9,66.1
"16200",11,66.2
"13680",11,66.3
"17530",11,66.3
"15400",7,66.4
"13316",9,66.4
"17109",7,66.4
"13042",2,66.5
"18135",9,66.8
"15367",10,66.8
"16625",4,66.8
"16571",9,66.8
"13752",6,66.8
"16500",8,66.9
"17262",10,66.9
"16654",7,66.9
"14058",1,67.0
"13430",1,67.0
"13707",4,67.0
"13376",2,67.0
"15032",7,67.1
"16208",9,67.2
"14741",6,67.2
"14673",6,67.3
"15434",10,67.3
"17889",6,67.3
"16470",10,67.3
"12753",5,67.4
"17618",10,67.4
"14107",10,67.4
"16671",2,67.5
"14235",8,67.5
"14829",6,67.5
"14246",2,67.5
"14034",2,67.5
"15855",5,67.6
"12619",8,67.8
"14247",4,67.8
"17676",9,67.9
"15239",1,68.0
"13397",9,68.0
"17466",1,68.0
"14748",9,68.0
"15329",10,68.2
"16832",4,68.3
"13481",10,68.4
"14441",10,68.4
"12473",2,68.5
"18036",10,68.6
"15288",9,68.6
"15912",8,68.6
"16636",3,68.7
"12700",3,68.7
"13362",6,68.8
"16566",4,68.8
"16984",8,68.8
"15779",1,69.0
"12575",1,69.0
"13954",1,69.0
"12402",5,69.0
"16189",1,69.0
"13654",10,69.0
"14183",1,69.0
"17252",1,69.0
"12862",1,69.0
"14824",9,69.1
"15723",3,69.3
"16298",6,69.3
"16950",9,69.3
"16473",3,69.3
"12494",8,69.4
"17083",8,69.5
"14229",6,69.5
"12697",2,69.5
"17722",4,69.5
"17398",2,69.5
"17028",2,69.5
"12576",7,69.6
"13577",10,69.6
"14584",7,69.7
"12623",6,69.7
"17420",5,69.8
"16122",5,69.8
"14147",8,69.9
"16336",3,70.0
"14377",1,70.0
"14626",10,70.1
"17560",8,70.1
"14651",8,70.1
"14493",9,70.1
"14507",10,70.1
"13019",5,70.2
"16356",5,70.2
"16756",6,70.2
"14077",5,70.2
"13916",3,70.3
"13074",3,70.3
"15673",8,70.3
"17615",5,70.4
"12598",9,70.4
"16390",2,70.5
"15426",8,70.5
"17490",8,70.6
"16182",8,70.6
"14817",6,70.7
"15392",6,70.7
"12654",4,70.8
"12393",5,70.8
"17150",5,70.8
"14307",9,70.9
"17704",1,71.0
"16840",1,71.0
"17774",8,71.0
"12624",1,71.0
"17107",9,71.0
"15467",2,71.0
"17239",3,71.0
"12727",9,71.1
"18097",10,71.1
"13510",10,71.1
"15394",10,71.1
"17802",9,71.2
"14450",6,71.2
"14083",10,71.3
"12664",10,71.3
"18095",4,71.3
"18145",10,71.3
"16279",8,71.4
"13174",10,71.4
"17392",2,71.5
"13611",9,71.6
"14540",10,71.7
"17382",7,71.7
"14408",10,71.8
"14129",8,71.8
"15950",9,71.9
"18244",1,72.0
"17963",3,72.0
"15745",3,72.0
"13295",3,72.0
"13033",1,72.0
"17787",3,72.0
"17572",9,72.1
"14723",10,72.1
"17019",10,72.2
"17966",9,72.2
"14546",10,72.2
"18161",5,72.2
"13173",10,72.2
"15002",8,72.3
"13077",10,72.3
"17302",4,72.3
"16728",3,72.3
"16231",3,72.3
"16809",8,72.3
"14021",6,72.3
"13642",3,72.3
"16120",5,72.4
"12530",8,72.4
"14684",5,72.4
"12778",8,72.4
"17516",5,72.4
"14035",8,72.4
"13741",2,72.5
"18235",2,72.5
"15985",6,72.5
"14257",8,72.5
"16618",4,72.5
"14548",8,72.6
"12820",10,72.6
"14044",9,72.6
"18106",5,72.6
"14472",8,72.6
"15380",10,72.6
"17593",10,72.7
"18221",5,72.8
"16891",10,72.9
"16987",10,73.0
"13150",2,73.0
"13158",4,73.0
"16972",1,73.0
"14567",1,73.0
"17869",6,73.0
"17667",8,73.0
"14765",2,73.0
"13771",8,73.1
"14640",9,73.1
"13052",6,73.2
"14653",10,73.2
"15587",6,73.2
"15447",4,73.3
"16998",4,73.3
"14499",6,73.3
"17272",3,73.3
"13786",5,73.4
"13523",5,73.4
"16307",2,73.5
"14535",8,73.5
"13157",8,73.6
"17702",5,73.6
"13249",8,73.6
"13650",9,73.6
"12451",7,73.6
"16889",5,73.8
"15306",8,73.9
"14837",8,73.9
"14050",1,74.0
"12696",1,74.0
"15887",2,74.0
"15080",1,74.0
"15669",3,74.0
"16650",6,74.0
"16572",2,74.0
"17638",1,74.0
"12525",2,74.0
"17405",2,74.0
"12679",3,74.3
"15227",8,74.3
"15421",9,74.3
"17979",3,74.3
"14872",2,74.5
"16087",4,74.5
"18093",7,74.6
"13873",7,74.6
"15237",3,74.7
"16062",7,74.7
"16621",3,74.7
"17088",3,74.7
"16086",9,74.7
"12477",8,74.8
"17429",4,74.8
"12359",9,74.9
"15372",7,75.0
"16150",9,75.0
"14896",7,75.0
"17235",7,75.0
"15754",8,75.0
"14704",8,75.1
"14861",9,75.1
"14111",3,75.3
"17980",3,75.3
"15882",7,75.4
"16969",2,75.5
"13888",6,75.5
"17289",8,75.6
"14616",4,75.8
"14447",5,75.8
"17343",5,75.8
"15105",8,75.8
"16057",9,75.9
"14639",8,75.9
"17974",5,76.0
"13855",3,76.0
"12817",2,76.0
"16389",3,76.0
"17127",4,76.0
"13805",1,76.0
"13592",3,76.0
"12744",7,76.1
"15062",7,76.3
"14460",8,76.3
"14504",3,76.3
"16676",5,76.4
"12429",7,76.4
"17179",5,76.4
"15440",2,76.5
"15238",2,76.5
"14321",6,76.5
"15028",5,76.6
"15976",5,76.6
"17362",6,76.7
"13865",3,76.7
"17152",3,76.7
"14959",3,76.7
"14322",3,76.7
"13497",5,76.8
"16872",5,76.8
"13309",5,76.8
"15662",1,77.0
"17375",3,77.0
"13809",2,77.0
"17393",1,77.0
"13129",1,77.0
"15795",7,77.0
"15164",8,77.1
"16771",9,77.2
"13643",9,77.2
"14758",6,77.2
"12633",6,77.3
"15493",8,77.3
"12656",7,77.4
"14350",2,77.5
"14916",7,77.6
"15658",7,77.6
"17707",7,77.7
"15980",6,77.7
"16175",6,77.7
"14205",8,77.8
"17348",8,77.8
"12728",4,77.8
"13623",9,77.9
"17015",2,78.0
"15824",1,78.0
"13950",3,78.0
"13930",1,78.0
"12691",5,78.0
"14620",1,78.0
"17745",1,78.0
"16416",8,78.1
"17075",9,78.1
"16003",9,78.1
"17708",3,78.3
"13107",8,78.3
"16977",3,78.3
"14931",3,78.3
"18251",8,78.4
"15299",8,78.5
"17058",2,78.5
"17045",4,78.5
"13723",5,78.6
"13203",9,78.6
"14790",9,78.6
"16387",4,78.8
"14428",4,79.0
"13240",7,79.0
"18146",1,79.0
"18158",1,79.0
"17753",3,79.0
"12450",4,79.0
"16419",7,79.0
"16174",6,79.0
"16400",8,79.1
"15325",7,79.1
"15656",3,79.3
"16707",3,79.3
"13259",8,79.3
"12480",6,79.5
"17098",2,79.5
"16939",2,79.5
"17862",3,79.7
"12356",5,79.8
"13320",5,79.8
"15279",4,79.8
"18272",8,79.9
"12609",8,79.9
"14029",1,80.0
"14335",1,80.0
"12998",2,80.0
"14813",3,80.0
"13676",1,80.0
"13211",9,80.0
"15459",1,80.0
"13748",8,80.0
"15353",6,80.0
"12816",1,80.0
"17345",9,80.1
"13495",9,80.1
"18171",8,80.1
"15680",9,80.3
"12388",7,80.4
"12484",8,80.4
"12455",8,80.5
"14608",9,80.6
"13982",8,80.6
"16362",5,80.6
"14175",7,80.6
"14442",6,80.7
"12409",6,80.7
"12970",9,80.8
"16239",5,80.8
"16938",8,80.8
"17648",4,80.8
"14443",4,80.8
"13104",8,80.8
"16167",4,80.8
"14570",2,81.0
"12571",1,81.0
"15145",3,81.0
"17059",8,81.0
"16657",3,81.0
"17027",8,81.0
"16487",1,81.0
"14206",2,81.0
"15253",7,81.1
"15889",7,81.3
"15920",7,81.4
"15030",7,81.4
"15262",2,81.5
"14820",8,81.5
"15841",8,81.6
"17621",5,81.6
"12414",3,81.7
"14855",6,81.7
"12972",3,81.7
"12960",3,81.7
"16906",6,81.8
"15605",8,81.8
"16449",1,82.0
"16224",4,82.0
"13236",1,82.0
"14563",1,82.0
"14731",2,82.0
"16815",1,82.0
"16007",6,82.0
"14226",5,82.0
"13079",5,82.2
"14669",6,82.2
"13795",3,82.3
"14905",7,82.3
"17635",2,82.5
"13658",8,82.5
"14136",4,82.5
"13509",6,82.7
"12597",3,82.7
"13085",7,82.7
"15439",3,82.7
"15809",6,82.7
"12668",8,82.8
"18170",8,82.8
"16233",8,82.8
"13851",7,82.9
"14514",8,82.9
"13048",8,83.0
"14657",5,83.0
"17996",2,83.0
"17637",1,83.0
"17360",5,83.0
"16859",6,83.0
"17144",1,83.0
"16132",1,83.0
"12613",8,83.1
"17817",5,83.2
"15224",4,83.3
"17175",3,83.3
"15255",8,83.3
"14949",3,83.3
"13632",7,83.4
"13539",6,83.5
"17683",2,83.5
"17080",6,83.5
"16104",8,83.6
"15623",7,83.6
"12997",7,83.7
"14315",7,83.7
"12649",7,83.7
"16232",6,83.8
"17147",8,83.9
"17699",1,84.0
"13431",7,84.1
"18062",5,84.2
"14870",5,84.2
"15208",5,84.2
"16816",3,84.3
"15747",8,84.3
"16774",7,84.3
"15810",7,84.3
"13647",7,84.3
"16261",5,84.4
"14798",7,84.4
"14161",6,84.5
"16951",2,84.5
"16823",6,84.5
"18150",2,84.5
"16177",7,84.7
"17400",7,84.7
"16205",6,84.8
"14597",5,84.8
"14621",8,84.9
"16768",8,85.0
"13898",1,85.0
"15800",6,85.0
"13945",1,85.0
"15104",1,85.0
"13415",3,85.0
"18265",1,85.0
"17795",1,85.0
"13698",1,85.0
"17689",1,85.0
"15551",6,85.2
"14297",3,85.3
"14649",8,85.3
"14198",8,85.4
"14223",2,85.5
"14738",8,85.6
"17812",6,85.7
"14336",3,85.7
"16797",4,85.8
"16948",6,85.8
"12978",4,85.8
"13959",5,85.8
"13988",7,85.9
"15151",1,86.0
"16980",2,86.0
"18177",8,86.0
"15228",5,86.2
"14195",5,86.2
"15759",6,86.2
"16072",3,86.3
"16960",7,86.3
"13280",6,86.5
"15780",2,86.5
"14631",5,86.6
"13819",5,86.8
"13277",6,86.8
"12375",1,87.0
"13713",2,87.0
"15201",6,87.0
"13637",2,87.0
"14225",3,87.0
"13562",7,87.0
"17529",1,87.0
"16798",2,87.0
"14600",1,87.0
"15174",1,87.0
"12745",1,87.0
"14469",3,87.0
"18035",4,87.3
"17358",4,87.3
"12399",6,87.3
"15425",3,87.3
"15497",8,87.3
"12909",7,87.4
"14583",7,87.4
"17193",8,87.5
"17908",4,87.5
"18287",6,87.5
"17374",2,87.5
"16612",8,87.5
"13296",5,87.6
"16214",3,87.7
"14842",3,87.7
"16081",7,87.7
"17591",7,87.7
"16835",5,87.8
"15167",4,87.8
"12724",6,87.8
"12840",6,87.8
"15117",7,88.0
"15682",1,88.0
"17200",3,88.0
"15936",1,88.0
"13410",8,88.0
"15402",5,88.0
"13900",5,88.0
"14835",1,88.0
"16765",1,88.0
"13772",7,88.1
"15549",7,88.1
"15704",5,88.2
"16105",4,88.3
"14665",6,88.3
"18039",3,88.3
"15206",3,88.3
"17165",5,88.4
"16203",5,88.6
"13421",7,88.7
"14231",3,88.7
"17141",3,88.7
"13297",6,88.8
"17829",4,88.8
"14454",4,88.8
"15051",8,88.9
"18242",7,88.9
"16271",7,88.9
"13360",3,89.0
"14343",3,89.0
"17588",6,89.0
"15717",4,89.0
"14006",6,89.2
"14618",6,89.2
"17432",8,89.4
"17101",6,89.5
"14934",4,89.5
"14215",8,89.6
"12615",7,89.6
"17671",4,89.8
"12948",8,89.8
"14342",5,89.8
"12937",8,89.8
"17322",4,89.8
"15221",3,90.0
"12645",7,90.0
"17300",1,90.0
"16679",2,90.0
"13026",8,90.0
"16757",1,90.0
"17456",1,90.0
"16493",6,90.0
"14293",8,90.1
"16040",6,90.2
"16611",5,90.2
"14512",6,90.3
"15266",4,90.3
"16718",4,90.3
"12916",6,90.3
"15407",3,90.3
"12348",4,90.5
"16188",4,90.5
"16933",8,90.5
"17932",2,90.5
"15579",4,90.5
"15376",2,90.5
"15506",5,90.6
"12993",7,90.6
"15142",5,90.6
"13848",7,90.7
"17006",7,90.9
"14167",7,91.0
"13149",3,91.0
"17987",4,91.0
"15730",4,91.0
"13224",1,91.0
"12377",3,91.0
"12380",7,91.0
"14264",5,91.0
"13472",1,91.0
"13155",5,91.0
"17482",1,91.0
"14585",4,91.0
"14242",1,91.0
"16711",8,91.3
"13479",3,91.3
"15026",4,91.3
"16283",7,91.4
"14871",8,91.4
"14439",4,91.5
"16520",5,91.6
"13815",7,91.7
"17597",4,91.8
"17029",6,91.8
"15128",4,91.8
"15381",4,92.0
"13357",4,92.0
"17616",3,92.0
"17604",5,92.0
"13834",1,92.0
"15110",5,92.0
"12384",1,92.0
"13242",6,92.2
"17002",6,92.2
"13167",4,92.3
"12412",5,92.4
"16092",5,92.4
"13223",5,92.4
"13133",2,92.5
"15016",4,92.5
"16634",5,92.6
"15561",7,92.6
"17856",3,92.7
"14513",5,92.8
"15065",4,92.8
"13867",2,93.0
"17781",1,93.0
"12930",1,93.0
"13310",4,93.0
"17955",5,93.0
"18179",7,93.1
"14276",6,93.2
"13145",6,93.2
"17299",5,93.2
"14163",4,93.3
"13414",5,93.4
"14145",6,93.5
"15684",2,93.5
"13190",2,93.5
"14522",7,93.7
"17356",4,93.8
"14346",4,93.8
"16555",5,93.8
"14565",4,94.0
"12535",1,94.0
"12802",4,94.0
"12857",5,94.0
"13005",3,94.0
"13540",2,94.0
"15215",6,94.0
"15798",2,94.0
"16037",4,94.0
"16681",6,94.2
"13473",7,94.3
"16418",4,94.3
"12620",2,94.5
"14715",7,94.6
"16049",5,94.6
"14595",7,94.9
"13140",4,95.0
"15835",3,95.0
"12813",2,95.0
"18125",3,95.0
"16229",5,95.0
"17463",6,95.0
"15729",2,95.0
"17277",1,95.0
"16632",1,95.0
"17048",6,95.0
"14287",2,95.0
"13655",5,95.2
"18071",5,95.2
"15489",7,95.3
"14891",3,95.3
"16083",3,95.3
"15366",6,95.3
"13187",3,95.3
"15073",7,95.4
"14857",6,95.5
"17341",4,95.5
"16807",5,95.6
"15452",5,95.8
"15690",1,96.0
"13189",1,96.0
"14446",4,96.0
"15757",5,96.0
"17342",3,96.0
"15139",1,96.0
"13703",1,96.0
"18134",1,96.0
"17582",4,96.3
"14506",6,96.3
"13627",6,96.3
"17765",3,96.3
"15608",4,96.3
"13208",7,96.3
"16940",7,96.4
"17438",4,96.5
"12410",2,96.5
"16038",2,96.5
"18136",4,96.5
"14682",5,96.6
"16146",3,96.7
"14152",6,96.8
"16440",5,96.8
"13258",4,96.8
"16259",2,97.0
"13020",1,97.0
"16341",6,97.0
"18149",6,97.0
"16554",7,97.1
"12759",7,97.1
"17190",6,97.3
"12805",3,97.3
"16190",7,97.3
"12990",6,97.3
"16593",7,97.3
"12421",5,97.4
"15582",2,97.5
"13124",3,97.7
"14655",6,97.7
"13939",6,97.8
"15652",4,97.8
"16358",4,97.8
"15133",4,97.8
"14332",4,98.0
"13909",1,98.0
"14248",2,98.0
"12510",6,98.0
"13164",1,98.0
"13144",1,98.0
"12907",1,98.0
"17143",1,98.0
"16955",5,98.2
"16369",6,98.3
"13692",4,98.5
"17990",5,98.6
"13813",7,98.7
"14233",6,98.7
"18085",3,99.0
"16398",1,99.0
"13872",2,99.0
"15261",3,99.0
"16099",6,99.0
"18220",5,99.0
"16868",2,99.0
"17935",6,99.0
"12397",1,99.0
"17043",7,99.1
"14930",5,99.2
"16383",6,99.2
"15724",2,99.5
"15043",5,99.6
"16496",5,99.6
"18096",5,99.8
"15339",6,99.8
"17797",7,99.9
"13727",7,99.9
"12577",7,99.9
"16787",3,100.0
"12556",1,100.0
"12831",2,100.0
"13329",7,100.1
"16303",6,100.2
"16560",7,100.3
"12933",7,100.3
"15048",3,100.3
"17625",7,100.4
"12557",7,100.4
"15990",6,100.5
"17521",4,100.5
"16842",2,100.5
"16163",5,100.6
"14805",6,100.7
"15326",4,100.8
"13196",6,100.8
"14104",4,100.8
"14285",7,100.9
"16585",1,101.0
"12689",1,101.0
"17094",1,101.0
"16576",1,101.0
"17373",6,101.0
"17259",5,101.0
"13861",1,101.0
"14277",7,101.1
"15983",7,101.1
"14403",5,101.2
"16320",5,101.4
"13891",2,101.5
"15416",6,101.5
"15064",3,101.7
"16628",6,101.7
"18151",5,101.8
"16119",7,101.9
"14897",7,101.9
"16755",6,102.0
"12652",1,102.0
"13705",6,102.2
"13770",3,102.3
"14290",7,102.3
"14216",4,102.3
"14987",7,102.4
"15907",2,102.5
"16201",4,102.5
"13546",4,102.5
"12370",6,102.7
"17290",7,102.7
"13835",6,102.8
"16968",1,103.0
"15793",7,103.0
"16329",3,103.0
"12981",1,103.0
"12758",6,103.2
"17033",3,103.3
"14699",3,103.3
"17864",4,103.3
"12449",4,103.5
"13585",2,103.5
"18018",3,103.7
"14199",3,103.7
"14962",3,104.0
"15424",2,104.0
"16402",1,104.0
"13581",1,104.0
"17282",4,104.0
"17916",1,104.0
"17020",1,104.0
"12926",3,104.3
"13038",2,104.5
"12456",2,104.5
"16551",6,104.5
"16462",2,104.5
"16860",2,104.5
"13344",2,104.5
"17950",6,104.8
"16702",3,105.0
"12669",1,105.0
"13797",2,105.0
"15045",1,105.0
"12905",1,105.0
"13614",5,105.0
"13837",1,105.0
"15879",3,105.0
"15901",5,105.0
"16792",4,105.3
"14880",2,105.5
"13304",3,105.7
"13921",3,105.7
"14236",4,105.8
"12962",1,106.0
"12808",4,106.0
"15650",1,106.0
"12829",2,106.0
"12725",2,106.0
"13531",5,106.0
"16138",2,106.0
"13452",2,106.5
"14695",2,106.5
"13243",4,106.5
"17545",5,106.6
"14327",5,106.8
"12863",5,106.8
"13512",3,107.0
"14220",3,107.0
"13131",6,107.0
"17292",1,107.0
"16330",6,107.2
"15675",3,107.3
"18016",6,107.5
"18247",2,107.5
"17640",5,107.6
"16727",3,107.7
"17709",4,107.8
"12854",6,107.8
"17883",6,107.8
"14517",1,108.0
"13825",1,108.0
"14353",2,108.0
"17843",1,108.0
"18155",2,108.0
"14656",4,108.3
"14256",4,108.3
"17854",5,108.8
"18277",4,108.8
"14624",5,108.8
"14768",1,109.0
"13686",2,109.0
"12670",6,109.0
"14942",3,109.0
"12866",2,109.0
"12695",6,109.2
"13892",5,109.4
"13591",6,109.7
"14947",5,110.0
"13955",2,110.0
"16023",2,110.0
"13389",2,110.0
"15436",2,110.0
"12701",5,110.0
"13979",6,110.0
"12533",1,110.0
"16253",6,110.2
"14551",6,110.2
"17505",4,110.5
"15180",2,110.5
"14037",5,110.6
"16321",6,110.7
"13466",4,110.8
"17350",6,110.8
"17886",5,110.8
"17926",4,111.0
"14644",6,111.0
"14658",1,111.0
"13684",3,111.0
"12677",1,111.0
"13024",1,111.0
"18079",4,111.0
"13821",5,111.2
"13461",5,111.2
"18252",6,111.3
"12413",3,111.3
"17496",3,111.3
"12527",4,111.3
"12849",5,111.6
"14396",6,111.7
"13049",3,111.7
"16861",4,111.8
"13464",5,111.8
"17728",4,112.0
"16993",1,112.0
"14475",3,112.0
"12372",2,112.0
"13330",5,112.2
"13382",4,112.3
"17349",4,112.3
"15542",2,112.5
"14909",2,112.5
"15191",2,112.5
"18263",2,112.5
"16660",6,112.7
"16183",3,112.7
"12582",3,112.7
"12897",3,112.7
"16529",3,113.0
"15840",1,113.0
"12908",4,113.0
"16050",2,113.0
"16557",1,113.0
"14700",4,113.0
"14708",4,113.0
"13965",2,113.0
"14826",1,113.0
"16934",5,113.2
"17321",5,113.4
"17031",5,113.4
"14759",2,113.5
"17679",6,113.5
"14477",6,113.5
"15050",4,113.5
"12369",2,113.5
"13515",5,113.8
"15799",3,114.0
"16308",6,114.0
"13764",5,114.0
"13238",5,114.0
"14922",1,114.0
"15314",2,114.0
"17041",5,114.2
"14818",5,114.2
"15057",4,114.3
"14061",2,114.5
"17540",5,114.6
"13863",3,114.7
"16623",3,114.7
"15806",2,115.0
"14771",1,115.0
"17623",6,115.0
"15894",1,115.0
"13677",1,115.0
"12539",6,115.2
"16053",5,115.2
"13064",5,115.2
"16357",3,115.3
"17046",4,115.5
"17026",2,115.5
"17483",3,115.7
"15101",5,115.8
"14075",4,115.8
"15401",1,116.0
"15414",2,116.0
"13476",4,116.0
"16624",1,116.0
"16317",4,116.0
"16521",2,116.0
"18280",1,116.0
"14681",5,116.2
"18017",3,116.3
"15665",4,116.3
"13663",4,116.5
"13936",2,116.5
"16245",2,116.5
"17212",2,116.5
"17320",5,116.6
"13573",5,116.6
"17095",6,116.7
"15462",3,116.7
"15814",5,116.8
"13055",3,117.0
"12585",1,117.0
"12942",2,117.0
"13823",6,117.0
"15449",2,117.0
"14958",5,117.2
"15774",5,117.2
"17734",5,117.2
"18259",6,117.3
"13425",4,117.3
"15620",3,117.3
"14662",6,117.5
"15485",6,117.5
"13453",2,117.5
"17731",5,117.6
"13192",5,117.8
"17672",5,117.8
"12977",3,118.0
"14599",1,118.0
"13395",2,118.0
"14162",1,118.0
"18002",3,118.0
"13462",4,118.0
"17005",1,118.0
"18282",1,118.0
"14990",1,118.0
"14610",1,118.0
"13889",5,118.2
"14478",3,118.3
"14286",6,118.5
"18268",5,118.6
"17311",5,118.6
"14605",3,118.7
"14068",3,118.7
"13221",1,119.0
"18194",5,119.0
"14577",6,119.2
"13762",4,119.3
"17860",3,119.3
"17155",6,119.5
"13285",5,119.6
"12917",5,120.0
"13226",1,120.0
"15363",1,120.0
"13957",2,120.0
"17801",2,120.0
"14105",4,120.0
"16292",4,120.0
"12825",1,120.0
"14320",4,120.0
"14053",3,120.3
"12360",5,120.4
"13679",2,120.5
"13544",5,120.6
"15272",5,120.6
"17115",6,120.7
"13761",5,120.8
"17951",3,121.0
"12454",3,121.0
"18271",1,121.0
"17326",1,121.0
"18188",5,121.0
"17631",6,121.0
"13736",6,121.0
"14166",1,121.0
"17768",6,121.2
"13292",4,121.3
"18154",4,121.3
"16892",6,121.5
"13696",2,121.5
"14202",2,121.5
"14690",3,121.7
"17978",3,121.7
"17871",4,121.8
"12635",3,122.0
"15917",4,122.0
"14862",1,122.0
"16089",1,122.0
"13616",1,122.0
"16469",4,122.3
"16080",3,122.3
"15488",4,122.3
"15786",4,122.3
"16927",2,122.5
"13029",4,122.5
"15530",4,122.5
"16300",2,122.5
"15276",3,122.7
"16885",3,122.7
"17827",5,122.8
"17256",4,122.8
"17571",4,122.8
"13333",2,123.0
"14323",1,123.0
"15092",2,123.0
"17746",3,123.3
"16012",4,123.3
"17237",3,123.3
"12468",4,123.3
"13787",5,123.4
"16804",2,123.5
"13729",2,123.5
"15055",2,123.5
"16825",4,123.5
"13740",4,123.8
"17034",4,123.8
"16833",5,124.0
"12870",2,124.0
"15945",3,124.0
"13220",4,124.0
"16430",5,124.2
"16647",3,124.3
"13846",3,124.3
"13989",4,124.3
"16882",2,124.5
"14306",5,124.6
"13948",3,124.7
"16511",5,124.8
"12541",2,125.0
"12438",1,125.0
"16364",1,125.0
"13529",1,125.0
"17081",5,125.2
"17760",5,125.2
"13500",3,125.3
"17004",3,125.3
"14729",2,125.5
"16445",3,125.7
"16639",3,125.7
"17354",3,125.7
"16471",3,125.7
"16589",3,125.7
"13168",4,125.8
"14398",1,126.0
"12389",2,126.0
"16254",2,126.0
"15146",1,126.0
"16690",3,126.0
"13626",1,126.0
"14421",5,126.2
"16096",3,126.3
"17122",3,126.3
"16848",3,126.3
"15525",3,126.3
"17222",5,126.4
"15223",4,126.8
"15389",4,126.8
"12631",5,126.8
"14011",1,127.0
"13371",1,127.0
"18022",4,127.0
"16121",4,127.0
"17703",3,127.3
"14481",4,127.5
"14431",3,127.7
"12625",3,127.7
"18127",3,127.7
"14013",4,128.0
"15711",1,128.0
"12391",5,128.0
"12424",3,128.3
"14754",5,128.6
"17047",5,128.8
"15584",5,128.8
"12716",1,129.0
"17847",1,129.0
"13619",1,129.0
"13474",2,129.0
"13282",3,129.0
"14712",3,129.0
"14253",1,129.0
"14508",4,129.3
"16134",4,129.3
"13299",2,129.5
"16287",4,129.5
"15969",4,129.5
"13405",4,129.5
"15257",1,130.0
"16916",3,130.0
"16552",1,130.0
"17440",3,130.3
"16374",4,130.3
"16619",3,130.3
"17666",4,130.3
"17923",2,130.5
"13820",2,130.5
"14355",2,130.5
"13946",5,130.8
"14389",4,130.8
"13444",1,131.0
"18074",1,131.0
"13972",1,131.0
"12361",3,131.0
"18190",4,131.0
"18173",4,131.0
"13166",1,131.0
"12435",5,131.2
"14000",4,131.3
"15563",5,131.4
"12994",2,131.5
"16354",4,131.5
"17763",3,131.7
"12589",5,131.8
"15067",4,131.8
"15831",2,132.0
"12363",1,132.0
"15676",2,132.0
"17643",1,132.0
"13516",3,132.0
"16749",1,132.0
"14737",3,132.0
"14009",2,132.0
"14555",5,132.2
"13502",4,132.3
"13417",5,132.6
"15014",1,133.0
"13675",1,133.0
"16730",2,133.0
"17446",1,133.0
"18215",4,133.0
"14463",3,133.3
"17064",2,133.5
"15842",1,134.0
"12787",3,134.0
"16309",1,134.0
"13373",5,134.0
"14024",2,134.0
"16147",4,134.3
"13760",4,134.5
"17255",3,134.7
"14489",3,134.7
"17298",4,134.8
"14859",4,135.0
"17492",2,135.0
"15212",1,135.0
"13439",2,135.0
"17584",5,135.0
"14984",5,135.2
"15714",4,135.5
"16411",3,135.7
"14130",3,135.7
"16495",2,136.0
"14501",1,136.0
"14727",2,136.0
"16947",3,136.3
"16788",4,136.3
"13569",3,136.3
"18078",3,136.3
"16563",5,136.4
"18276",5,136.6
"14953",3,136.7
"12798",3,136.7
"17695",4,136.8
"14967",5,136.8
"12560",1,137.0
"17816",5,137.0
"16777",4,137.3
"16898",4,137.3
"17876",2,137.5
"15695",3,137.7
"15870",3,137.7
"17082",5,137.8
"18193",2,138.0
"15053",2,138.0
"17414",5,138.0
"12458",3,138.3
"16124",3,138.3
"12875",4,138.3
"17018",5,138.4
"13171",2,138.5
"12956",3,138.7
"14643",4,139.0
"13465",1,139.0
"17076",5,139.2
"15651",4,139.5
"17023",2,139.5
"15782",3,139.7
"16441",4,139.8
"15192",4,139.8
"12578",3,140.0
"15384",3,140.0
"16148",1,140.0
"15781",2,140.0
"13427",5,140.2
"15406",3,140.3
"15111",4,140.3
"13501",2,140.5
"13455",5,140.6
"14566",3,140.7
"15850",5,140.8
"13606",2,141.0
"13917",1,141.0
"13895",5,141.0
"14707",1,141.0
"17555",4,141.0
"17601",1,141.0
"14471",1,141.0
"14549",3,141.3
"14904",3,141.3
"17759",4,141.3
"14966",5,141.6
"15797",4,141.8
"13334",4,142.0
"12592",3,142.0
"13754",2,142.0
"16616",1,142.0
"16567",1,142.0
"16382",1,142.0
"12810",1,142.0
"16385",4,142.3
"14839",2,142.5
"17371",5,142.6
"14869",5,142.6
"13849",4,142.8
"13541",1,143.0
"16691",1,143.0
"13656",3,143.0
"14168",1,143.0
"16372",4,143.0
"15197",5,143.0
"13894",2,143.0
"14912",4,143.0
"13080",3,143.0
"13589",5,143.2
"15577",4,143.3
"17830",2,143.5
"15252",4,143.5
"14173",5,143.6
"15734",3,143.7
"17242",4,143.8
"17051",3,144.0
"13276",4,144.3
"18001",5,144.4
"14998",3,144.7
"18048",2,145.0
"13156",2,145.0
"13311",1,145.0
"13361",1,145.0
"13402",3,145.0
"13434",4,145.0
"14126",3,145.0
"16584",4,145.0
"14326",2,145.0
"17025",4,145.0
"14379",3,145.0
"14853",4,145.0
"17472",3,145.3
"15822",5,145.6
"15484",5,146.0
"13122",1,146.0
"16286",1,146.0
"16392",2,146.0
"12915",3,146.3
"16693",4,146.5
"12616",2,146.5
"16620",5,146.6
"17105",1,147.0
"17310",1,147.0
"13503",4,147.3
"14628",4,147.5
"12434",2,147.5
"15289",4,147.8
"17984",4,147.8
"17142",3,148.0
"14672",3,148.0
"14038",4,148.3
"17430",3,148.3
"13101",3,148.3
"18057",2,148.5
"13980",4,148.5
"15198",4,148.8
"16021",1,149.0
"18218",3,149.0
"16772",2,149.0
"15791",4,149.3
"13566",4,149.3
"13753",3,149.3
"17534",4,149.3
"17221",4,149.5
"12865",3,149.7
"15944",3,149.7
"16895",4,149.8
"12507",3,150.0
"16888",2,150.0
"17376",3,150.0
"15126",1,150.0
"16784",4,150.0
"15847",4,150.3
"12547",2,150.5
"16532",4,150.5
"12379",3,150.7
"13652",4,151.0
"16159",3,151.0
"14181",1,151.0
"13598",4,151.0
"14425",2,151.0
"12886",1,151.0
"12733",3,151.3
"14296",1,152.0
"12465",1,152.0
"17327",1,152.0
"17158",4,152.0
"18275",1,152.0
"16780",2,152.5
"18049",1,153.0
"17642",4,153.0
"17489",1,153.0
"14302",2,153.0
"13175",1,153.0
"17741",1,153.0
"13545",1,153.0
"12394",1,153.0
"13976",3,153.3
"12987",4,153.3
"15807",4,153.5
"13778",3,153.7
"16031",1,154.0
"14611",1,154.0
"12904",1,154.0
"14538",4,154.0
"14026",1,154.0
"16227",2,154.5
"17807",2,154.5
"16952",4,154.5
"16769",3,154.7
"16838",3,154.7
"16412",4,154.8
"17159",4,155.3
"15921",3,155.7
"14157",4,155.8
"15123",4,156.0
"18060",1,156.0
"14372",1,156.0
"12542",1,156.0
"14775",2,156.5
"17361",4,156.5
"15008",1,157.0
"16595",4,157.0
"16054",3,157.0
"14550",3,157.0
"17189",4,157.5
"15364",1,158.0
"15246",2,158.0
"17917",2,158.0
"15958",3,158.3
"16795",2,158.5
"15071",3,158.7
"16110",3,158.7
"17266",4,159.0
"15137",1,159.0
"14985",1,159.0
"14479",3,159.3
"15636",3,159.3
"16014",4,159.5
"14279",1,160.0
"16244",1,160.0
"15691",3,160.0
"15741",1,160.0
"17898",3,160.0
"13919",3,160.0
"17553",3,160.3
"12346",2,160.5
"13579",4,160.5
"15418",1,161.0
"17184",1,161.0
"14960",1,162.0
"14413",2,163.0
"17035",3,163.0
"16472",1,163.0
"16101",3,163.0
"16017",4,163.5
"14193",2,163.5
"16485",4,163.8
"17853",2,164.0
"18160",2,164.0
"14097",1,164.0
"15451",1,164.0
"15018",2,164.0
"16864",1,164.0
"16518",3,164.3
"17353",3,164.7
"17166",1,165.0
"14115",1,165.0
"13602",3,165.0
"17413",1,165.0
"18217",3,165.0
"16852",1,165.0
"14122",2,165.0
"14139",3,165.0
"16256",2,165.0
"15865",4,165.3
"18101",4,165.3
"13151",2,165.5
"15022",4,165.8
"15181",4,166.0
"16384",3,166.3
"14885",2,166.5
"15441",2,166.5
"17649",2,166.5
"17134",2,167.0
"14875",2,167.0
"14265",3,167.0
"13601",3,167.0
"15637",4,167.5
"13154",2,168.0
"16414",4,168.0
"12406",4,168.3
"13666",4,168.5
"13262",2,168.5
"13487",4,169.0
"12874",1,169.0
"14272",3,169.0
"17194",1,169.0
"14722",2,169.5
"15852",2,169.5
"18066",2,169.5
"12492",2,169.5
"16344",3,169.7
"14452",3,170.0
"17244",4,170.0
"14725",3,170.0
"15461",1,170.0
"15186",4,170.3
"14020",3,170.3
"15826",3,170.3
"17999",2,170.5
"15468",2,170.5
"15543",1,171.0
"18043",2,171.0
"15878",1,171.0
"14921",1,171.0
"17764",4,171.0
"12665",2,171.5
"15149",3,171.7
"12418",3,172.0
"17418",2,172.0
"13034",2,172.5
"16367",2,172.5
"15626",2,172.5
"17594",3,172.7
"15512",3,172.7
"17556",1,173.0
"17198",2,173.0
"17423",2,173.0
"15163",1,173.0
"12516",3,173.3
"14304",2,173.5
"15573",4,173.8
"16193",1,174.0
"15863",4,174.0
"15076",2,174.0
"17421",2,174.0
"16211",2,174.0
"15869",2,174.5
"14679",2,174.5
"12694",2,174.5
"15446",2,174.5
"17408",2,174.5
"12427",2,174.5
"15210",2,174.5
"17773",1,175.0
"16808",1,175.0
"15956",1,175.0
"17878",2,175.5
"15070",2,175.5
"14080",4,175.5
"14920",2,176.0
"16006",1,176.0
"16643",1,176.0
"15494",4,176.3
"15393",4,176.3
"18034",2,176.5
"16714",2,176.5
"17934",2,177.0
"14981",1,177.0
"17771",3,177.0
"13217",3,177.0
"12876",3,177.0
"16836",3,177.3
"18181",4,177.3
"16884",3,177.3
"16036",3,177.3
"12871",2,177.5
"14375",2,177.5
"13669",2,177.5
"13792",2,178.0
"15872",3,178.0
"13035",2,178.0
"17226",2,178.0
"17998",2,178.5
"15287",4,178.5
"16139",4,178.8
"15886",3,179.0
"18196",3,179.0
"15900",3,179.0
"16386",2,179.5
"16569",4,179.5
"18112",3,179.7
"13070",3,179.7
"17852",4,179.8
"17325",2,180.0
"17329",4,180.0
"14148",1,180.0
"15074",2,180.5
"17084",2,180.5
"12373",2,180.5
"17411",4,180.5
"16913",2,180.5
"15157",4,180.8
"16442",4,180.8
"17251",2,181.0
"16284",2,181.0
"15094",1,181.0
"13338",3,181.0
"14778",1,181.0
"14784",2,181.0
"17804",2,181.0
"13067",2,181.5
"16716",2,181.5
"13803",2,181.5
"16108",3,181.7
"17468",2,182.0
"12604",1,182.0
"13253",3,182.0
"12648",3,182.0
"12358",4,182.0
"17880",2,182.0
"12958",1,182.0
"17436",4,182.3
"17991",2,182.5
"13878",3,182.7
"13165",2,183.0
"16805",3,183.0
"14301",3,183.0
"14271",1,183.0
"12785",2,183.0
"15269",2,183.0
"12991",2,183.0
"17749",2,183.5
"13605",1,184.0
"13807",2,184.0
"13365",1,184.0
"17962",3,184.0
"13584",2,184.0
"12545",1,184.0
"16399",2,184.5
"17658",1,185.0
"18084",2,185.5
"13763",2,185.5
"17542",2,185.5
"15951",2,185.5
"14339",1,186.0
"15562",2,186.5
"18141",1,187.0
"13161",1,187.0
"13548",2,187.0
"16140",2,187.5
"14338",2,187.5
"12844",3,187.7
"12644",3,188.0
"16824",2,188.5
"16863",2,188.5
"12653",2,188.5
"17286",2,189.0
"16282",2,189.0
"13278",3,189.7
"17941",3,190.0
"13657",1,190.0
"12596",1,190.0
"14412",2,190.5
"17772",2,190.5
"18203",3,190.7
"17579",3,190.7
"17608",3,191.0
"17246",1,191.0
"13308",3,191.0
"16424",1,191.0
"15068",3,191.3
"17495",2,191.5
"12880",1,192.0
"12504",3,192.3
"16586",2,192.5
"14761",2,192.5
"13283",3,192.7
"16903",2,193.0
"13045",2,193.0
"15713",3,193.0
"14427",3,193.3
"15469",2,193.5
"18011",1,194.0
"15957",2,194.0
"15504",3,194.3
"12639",2,194.5
"12371",3,194.7
"12898",1,195.0
"17518",1,195.0
"15265",3,195.3
"13363",2,195.5
"13565",2,195.5
"16343",2,195.5
"18273",3,195.7
"14240",2,196.0
"15303",2,196.5
"14924",2,196.5
"17397",2,197.0
"14491",1,197.0
"14420",3,197.0
"18270",2,197.0
"13744",1,197.0
"16614",2,197.5
"12673",2,198.0
"17254",2,198.0
"13207",3,198.3
"13484",2,199.0
"16278",2,199.0
"15280",2,199.0
"16778",1,199.0
"15664",3,199.0
"12873",2,199.5
"13008",2,199.5
"16024",2,199.5
"13780",2,199.5
"13587",3,199.7
"17664",3,200.0
"14569",3,200.3
"14716",2,200.5
"16117",2,200.5
"16136",3,200.7
"15154",2,201.0
"14133",3,201.0
"13300",2,202.0
"14997",3,202.3
"13514",3,202.3
"13859",1,203.0
"16990",1,203.0
"16071",3,203.0
"13918",1,203.0
"14890",2,203.0
"17513",2,203.0
"15645",2,203.0
"16468",2,203.0
"15748",2,204.0
"14756",2,204.0
"13406",1,204.0
"12353",1,204.0
"14238",2,204.0
"12703",3,204.0
"16039",1,204.0
"17201",3,204.0
"15784",1,204.0
"16642",2,204.5
"16315",1,205.0
"17123",2,205.0
"16573",1,205.0
"13000",3,205.7
"15143",1,206.0
"12800",1,206.0
"13233",3,206.0
"13962",2,206.5
"17339",2,207.0
"15677",2,207.0
"15247",2,207.0
"16519",3,207.3
"15948",2,207.5
"16961",2,207.5
"14847",2,207.5
"17330",3,207.7
"15803",3,208.0
"14473",1,208.0
"14470",2,208.5
"16608",1,209.0
"16246",1,209.0
"15599",2,209.0
"15124",3,209.3
"13083",2,210.0
"16545",1,210.0
"17694",2,210.5
"13404",1,211.0
"16149",2,211.5
"15564",1,212.0
"13046",2,212.5
"13800",2,213.0
"16568",1,213.0
"16856",2,213.0
"17531",2,213.5
"13672",2,214.0
"16723",3,214.3
"16276",2,215.0
"18191",1,215.0
"13992",2,215.5
"16667",1,216.0
"16368",2,216.0
"14926",1,216.0
"15254",2,216.5
"13814",2,216.5
"16212",3,216.7
"17603",3,216.7
"15466",3,216.7
"14237",1,217.0
"14819",3,217.3
"17163",3,217.3
"12790",1,218.0
"15792",1,218.0
"12717",2,219.0
"17783",2,219.5
"17497",1,220.0
"14552",2,220.0
"15918",2,220.0
"14714",3,220.7
"12781",1,221.0
"16340",2,221.5
"16275",2,222.0
"17110",2,222.0
"14687",2,222.0
"17733",1,222.0
"12842",3,222.3
"15888",2,222.5
"14544",2,222.5
"16854",1,223.0
"18080",1,223.0
"17462",1,223.0
"13635",3,223.3
"17384",2,223.5
"14484",3,223.7
"14877",1,224.0
"15992",2,224.5
"17478",1,225.0
"14670",2,225.5
"18040",1,226.0
"16310",1,227.0
"13582",1,227.0
"18053",2,227.5
"13294",2,227.5
"16810",1,228.0
"16830",3,228.7
"14295",3,229.3
"17464",2,230.0
"12763",1,230.0
"16018",3,230.7
"16829",1,231.0
"18262",2,231.0
"17786",1,231.0
"15184",3,231.0
"13252",1,231.0
"13023",2,231.5
"14636",1,232.0
"18006",3,232.7
"16732",3,232.7
"13525",1,233.0
"13937",1,233.0
"12809",2,234.0
"16461",2,234.0
"15678",2,234.5
"13781",2,234.5
"17960",2,234.5
"16366",3,234.7
"17624",3,234.7
"15077",1,235.0
"12586",3,235.0
"14108",3,235.0
"15428",3,235.0
"15639",2,235.0
"14480",3,235.3
"13307",2,235.5
"12920",3,235.7
"13388",2,236.0
"16596",3,237.3
"17561",3,237.3
"17176",2,237.5
"14423",2,237.5
"14645",2,238.0
"14043",1,238.0
"15403",1,238.0
"15121",1,238.0
"17557",3,239.0
"16109",2,239.5
"16677",1,240.0
"14995",1,241.0
"18108",2,241.0
"14400",2,241.0
"18063",1,242.0
"14023",1,242.0
"17680",2,243.0
"14865",3,243.0
"14219",2,244.0
"13833",1,244.0
"18123",2,244.5
"15109",2,244.5
"14204",3,244.7
"12770",1,245.0
"14128",2,245.0
"16524",1,245.0
"13109",2,245.5
"16680",2,245.5
"17901",2,246.0
"18286",1,247.0
"13275",1,248.0
"13169",2,248.5
"15689",2,248.5
"14014",2,249.0
"13377",1,249.0
"13967",1,250.0
"13255",2,251.0
"14972",1,252.0
"13428",2,252.0
"17536",2,252.5
"16450",2,252.5
"17205",2,255.0
"12923",2,255.0
"12440",1,255.0
"17785",2,255.5
"15454",1,256.0
"13398",1,256.0
"13904",1,257.0
"17250",1,257.0
"16932",2,258.0
"13899",1,258.0
"15670",1,259.0
"14807",1,259.0
"17169",2,260.0
"14022",1,261.0
"15012",2,261.0
"16447",2,261.5
"17270",1,262.0
"13480",1,262.0
"17928",2,262.5
"16166",1,263.0
"16178",1,263.0
"13773",1,263.0
"14902",2,263.5
"13513",2,263.5
"12672",1,265.0
"18227",1,266.0
"15084",1,266.0
"15478",2,267.0
"13103",2,268.0
"17258",1,268.0
"16921",2,269.0
"17181",2,269.0
"14840",1,271.0
"17499",1,271.0
"16448",1,272.0
"14142",1,273.0
"17537",1,273.0
"16648",2,273.0
"18189",2,273.5
"15471",2,273.5
"16185",2,273.5
"13010",1,274.0
"15041",1,274.0
"12792",1,278.0
"12588",2,279.0
"17711",1,279.0
"15480",2,279.5
"13106",1,280.0
"12374",2,281.0
"12497",2,281.0
"15978",2,283.0
"14324",1,283.0
"12462",1,284.0
"12349",2,285.0
"13194",1,285.0
"14365",1,287.0
"17309",2,288.5
"17547",1,289.0
"14520",1,289.0
"15097",2,289.0
"13710",2,289.5
"15362",1,290.0
"13396",1,290.0
"16601",2,290.5
"17866",2,290.5
"15994",2,290.5
"15423",2,291.0
"18246",2,292.5
"16574",2,293.0
"15196",1,293.0
"14788",2,294.0
"17674",1,294.0
"12925",2,294.0
"13135",1,294.0
"16978",2,294.0
"16846",2,294.5
"12739",1,295.0
"15970",1,295.0
"14619",1,295.0
"17182",1,295.0
"17070",1,296.0
"16781",1,297.0
"17433",1,297.0
"15630",2,299.0
"17187",1,299.0
"16583",1,299.0
"17335",1,300.0
"14564",1,300.0
"15244",2,300.0
"13877",2,301.0
"17647",2,302.0
"15884",1,303.0
"14851",2,303.0
"15091",2,303.5
"14495",2,304.0
"15211",1,304.0
"14893",2,304.0
"15659",2,304.0
"16281",2,304.5
"15709",1,305.0
"14986",1,307.0
"14055",2,308.0
"15766",2,308.5
"13068",1,309.0
"17011",2,310.0
"14284",2,311.0
"13897",2,313.0
"14838",1,313.0
"12789",2,314.0
"14940",1,315.0
"16415",2,315.5
"15545",1,316.0
"15135",1,317.0
"16406",2,317.5
"16413",1,318.0
"15385",2,318.0
"15988",2,318.5
"12944",1,319.0
"16135",1,321.0
"13600",1,321.0
"14935",1,322.0
"14647",1,322.0
"13817",1,322.0
"17278",1,323.0
"16451",2,323.5
"17172",2,323.5
"14314",1,324.0
"14311",1,324.0
"13733",1,324.0
"13706",1,324.0
"14150",1,324.0
"14894",2,325.5
"15445",1,326.0
"16141",1,328.0
"18058",2,328.5
"12580",1,329.0
"18278",1,330.0
"18056",1,330.0
"15566",1,331.0
"17776",1,336.0
"16773",2,337.5
"13441",1,339.0
"17678",1,339.0
"13359",1,339.0
"17964",1,340.0
"17476",1,341.0
"14119",1,342.0
"13651",1,342.0
"16527",1,343.0
"15169",1,344.0
"17233",2,344.5
"13416",2,346.0
"13551",1,346.0
"16542",1,347.0
"16720",2,347.5
"12538",1,349.0
"15919",1,349.0
"13496",1,349.0
"17919",1,350.0
"16377",1,350.0
"15986",1,351.0
"18212",1,351.0
"16887",2,351.0
"14494",2,352.0
"16602",1,352.0
"13403",2,352.0
"16204",2,353.0
"12355",1,353.0
"14448",1,354.0
"12357",1,355.0
"16776",1,355.0
"16917",1,355.0
"18156",1,356.0
"15158",1,356.0
"14212",1,356.0
"15683",1,356.0
"13375",1,356.0
"12475",1,356.0
"13030",1,356.0
"13721",1,358.0
"16936",1,359.0
"16739",1,359.0
"15243",1,360.0
"17274",1,360.0
"15448",1,361.0
"15989",1,361.0
"17248",1,361.0
"16198",1,362.0
"13639",1,362.0
"14762",1,362.0
"13927",1,362.0
"13607",1,362.0
"14975",1,363.0
"14382",1,363.0
"12890",1,363.0
"14806",1,363.0
"15503",1,363.0
"13519",1,364.0
"15540",1,364.0
"13712",1,364.0
"14497",1,364.0
"14594",1,365.0
"13177",1,365.0
"12847",1,365.0
"14087",2,366.0
"15634",1,366.0
"17480",1,366.0
"18255",1,366.0
"17458",1,366.0
"16491",1,366.0
"12945",1,367.0
"12974",1,367.0
"15341",1,368.0
"12864",1,369.0
"17977",1,370.0
"12425",1,370.0
"14052",1,371.0
"13302",1,371.0
"15368",1,372.0
"17171",1,372.0
"14675",1,372.0
"14753",1,373.0
"15598",1,374.0
"16988",1,374.0
"12514",1,374.0
"15458",1,376.0
"17111",1,378.0
"15437",1,378.0
"15277",1,378.0
"17789",1,379.0
"16535",1,380.0
"12851",1,380.0
"16433",1,380.0
"16323",1,381.0
"13689",1,381.0
"13245",1,381.0
"13745",1,383.0
"17219",1,384.0
"17038",1,384.0
"16078",1,385.0
"17217",1,385.0
"15775",1,386.0
"15405",1,386.0
"14908",1,388.0
"14929",1,389.0
"15322",1,390.0
"18110",1,391.0
"14957",1,391.0
"17715",1,392.0
"17767",1,394.0
"13699",1,395.0
"13482",1,395.0
"17510",1,395.0
"15042",1,396.0
"12837",1,396.0
"12821",1,397.0
"18281",1,397.0
"12445",1,398.0
"14381",1,399.0
"13508",1,399.0
"17022",1,401.0
"15006",1,402.0
"16222",1,402.0
"13832",1,403.0
"15773",1,403.0
"15552",1,405.0
"15857",1,411.0
"17040",1,412.0
"17718",1,412.0
"16526",1,412.0
"12519",1,413.0
"15256",1,413.0
"17403",1,414.0
"15837",1,420.0
"14873",1,423.0
"14968",1,428.0
"13594",1,432.0
"12378",1,432.0
"16345",1,438.0
"16834",1,446.0
"17383",1,449.0
"14436",1,454.0
"15127",1,454.0
"14483",1,455.0
"14208",1,456.0
"15264",1,466.0
"12426",1,468.0
"15396",1,471.0
"12403",1,471.0
"15219",1,472.0
"16715",1,484.0
"17245",1,484.0
"18042",1,488.0
"15374",1,495.0
"14459",1,496.0
"13739",1,509.0
"12953",1,512.0
"14241",1,512.0
"14793",1,513.0
"12784",1,513.0
"15432",1,518.0
"13583",1,523.0
"16737",1,524.0
"14598",1,525.0
"15720",1,525.0
"14581",1,527.0
"15216",1,531.0
"13974",1,532.0
"14474",1,533.0
"15025",1,535.0
"17805",1,536.0
"16763",1,539.0
"15597",1,540.0
"17514",1,541.0
"14039",1,542.0
"16454",1,547.0
"14537",1,565.0
"15603",1,569.0
"16847",1,574.0
"15524",1,582.0
"17660",1,595.0
"18174",1,596.0
"16641",1,596.0
"16666",1,601.0
"17301",1,603.0
"12638",1,606.0
"17958",1,611.0
"14171",1,632.0
"17359",1,636.0
"12531",1,671.0
"17344",1,682.0
"14799",1,686.0
"16127",1,687.0
"14954",1,690.0
"13091",1,701.0
"15115",1,714.0
