"customer_id","orders_used_in_calc","avg_days_between_orders_fractional"
"14809",1,0.00
"16964",1,0.00
"17065",1,0.00
"14938",1,0.00
"16268",1,0.00
"12512",1,0.00
"15914",1,0.00
"17267",1,0.00
"14965",1,0.00
"17882",1,0.00
"17257",1,0.00
"17501",1,0.00
"17357",1,0.00
"14996",1,0.00
"17100",1,0.00
"16819",1,0.00
"17945",2,0.00
"16000",2,0.00
"15098",2,0.00
"15736",1,0.00
"15560",1,0.00
"18013",1,0.00
"15526",1,0.00
"16502",1,0.00
"15546",1,0.00
"18024",1,0.01
"13526",1,0.01
"17900",1,0.01
"15001",1,0.01
"16375",1,0.01
"14697",1,0.01
"14010",1,0.01
"13646",1,0.01
"17766",1,0.01
"14736",1,0.01
"18047",1,0.01
"17823",1,0.01
"15897",1,0.01
"14663",1,0.01
"16695",1,0.01
"12743",1,0.01
"15959",2,0.01
"12496",1,0.01
"16685",1,0.01
"17544",2,0.01
"17078",1,0.02
"18137",1,0.02
"14028",2,0.03
"15816",1,0.03
"16479",1,0.03
"15037",1,0.04
"17782",1,0.05
"14917",1,0.07
"17294",1,0.08
"16766",1,0.08
"18139",5,0.17
"14933",3,0.24
"15060",3,0.33
"15873",3,0.34
"16498",1,0.80
"17509",7,0.84
"17391",1,0.90
"15794",1,0.91
"17622",1,0.96
"15516",2,0.99
"15700",1,1.05
"16435",2,1.10
"15230",1,1.15
"14356",1,1.77
"17794",1,1.92
"14911",372,1.98
"15823",1,2.12
"13597",1,2.23
"12748",321,2.29
"17850",154,2.35
"17918",2,2.45
"17523",3,2.66
"18021",1,2.67
"17448",40,2.90
"12482",26,2.97
"12508",1,2.97
"17067",2,3.43
"17185",2,3.47
"17461",2,3.47
"17841",210,3.50
"17363",2,3.50
"15311",206,3.58
"13089",202,3.64
"13768",1,4.01
"14606",183,4.02
"14971",2,4.07
"15359",7,4.42
"13521",2,4.47
"13440",6,4.68
"18026",1,4.76
"14785",1,4.99
"18121",1,5.03
"14646",145,5.07
"14156",143,5.10
"18102",144,5.13
"13694",142,5.15
"16604",1,5.69
"15621",3,5.70
"14746",3,5.72
"15061",126,5.83
"15993",6,5.96
"13447",2,6.07
"14096",16,6.08
"17500",2,6.11
"14527",120,6.13
"12971",115,6.27
"13556",1,6.32
"17949",115,6.40
"15009",2,6.41
"16422",106,6.41
"16029",105,6.60
"17502",3,6.62
"13798",109,6.70
"16790",5,6.80
"16689",1,6.92
"15427",2,6.99
"13408",105,6.99
"13596",1,7.00
"14823",2,7.01
"17845",3,7.03
"14385",2,7.08
"17961",99,7.24
"14547",7,7.26
"16812",3,7.31
"16228",2,7.40
"13755",8,7.48
"14063",6,7.48
"18073",11,7.52
"12845",3,7.66
"12835",40,7.72
"15039",92,7.83
"13066",1,7.83
"18214",3,7.88
"16273",1,7.89
"16405",1,7.93
"16264",1,7.95
"12569",31,8.07
"15334",2,8.45
"13093",54,8.52
"17780",2,8.55
"17450",50,8.60
"16013",83,8.77
"16376",1,8.79
"14298",81,8.89
"12559",1,8.98
"15508",5,9.20
"17377",77,9.27
"12912",4,9.47
"17756",2,9.49
"13413",5,9.55
"17811",46,9.59
"16754",28,9.62
"13685",6,9.66
"12901",27,9.70
"14102",4,9.78
"16893",1,9.87
"12855",3,9.88
"15350",1,9.93
"16070",1,9.97
"14170",2,9.98
"12921",73,9.99
"14164",1,10.00
"17528",7,10.00
"14836",2,10.07
"14856",2,10.11
"16729",20,10.15
"14434",5,10.15
"13767",72,10.22
"13468",71,10.35
"13704",8,10.38
"17835",2,10.40
"12471",70,10.43
"16866",2,10.45
"17312",2,10.47
"17675",69,10.55
"13785",3,10.57
"17243",68,10.84
"17808",3,10.92
"14331",1,10.92
"17315",40,10.92
"15501",1,10.94
"13564",35,10.95
"15377",3,10.96
"12950",2,10.99
"13554",6,11.02
"15213",1,11.05
"17792",1,11.06
"13263",37,11.13
"16168",65,11.17
"16133",55,11.18
"12856",5,11.19
"17086",5,11.22
"13199",65,11.25
"13885",1,11.26
"15189",45,11.29
"15235",15,11.39
"16759",2,11.58
"16764",12,11.65
"13098",27,11.70
"14234",3,11.72
"14397",18,11.72
"15413",4,11.76
"15934",1,11.92
"14179",1,11.92
"13493",1,11.95
"17000",1,11.97
"16079",2,11.99
"17232",1,12.00
"12522",1,12.03
"15762",1,12.04
"17389",60,12.25
"13777",60,12.29
"13536",6,12.36
"16910",7,12.42
"17511",59,12.46
"14680",57,12.46
"14698",4,12.50
"16164",2,12.62
"17757",55,12.62
"12967",2,12.67
"16811",1,12.76
"13319",57,12.77
"12931",56,12.80
"17997",7,12.85
"14056",22,12.86
"15390",1,12.91
"16513",3,12.94
"17912",5,13.00
"12685",5,13.03
"15159",33,13.03
"14617",1,13.04
"15881",4,13.04
"13996",1,13.06
"13078",56,13.13
"15005",55,13.14
"12841",39,13.20
"17068",46,13.24
"18118",28,13.25
"16032",5,13.44
"16684",54,13.48
"14735",54,13.56
"17677",53,13.62
"14667",53,13.72
"17920",53,13.76
"17656",4,13.77
"14169",1,13.80
"17434",6,13.83
"14664",1,13.84
"13673",1,13.85
"16590",1,13.87
"17186",1,13.89
"16672",19,13.91
"16919",23,13.95
"14251",4,13.96
"17387",1,13.98
"13321",1,14.00
"16065",7,14.00
"18172",51,14.00
"17874",5,14.01
"13925",3,14.01
"14660",1,14.04
"14554",3,14.05
"16745",16,14.06
"12469",1,14.09
"15274",1,14.11
"16779",52,14.12
"16897",1,14.13
"13924",5,14.15
"18109",37,14.19
"17813",4,14.25
"15078",51,14.28
"15856",51,14.36
"16333",21,14.38
"14592",2,14.47
"17381",37,14.59
"13069",37,14.67
"14160",6,14.68
"14364",7,14.70
"12682",50,14.70
"16522",1,14.89
"17170",1,14.98
"13836",1,15.00
"17810",1,15.01
"15187",14,15.07
"13534",34,15.24
"15911",7,15.28
"13881",42,15.28
"16839",43,15.30
"13471",3,15.37
"12723",4,15.44
"13882",4,15.46
"13997",2,15.51
"17719",14,15.57
"16525",47,15.64
"16553",32,15.71
"17865",45,15.73
"15615",46,15.80
"17061",10,15.89
"16161",42,15.91
"13470",1,15.91
"14432",5,15.95
"16088",1,15.97
"15715",4,15.98
"18051",6,16.01
"15877",1,16.02
"15769",45,16.03
"15102",1,16.08
"15156",2,16.12
"14849",42,16.12
"12806",1,16.13
"13102",36,16.14
"14590",19,16.21
"17732",7,16.43
"15804",12,16.51
"16894",2,16.53
"12681",43,16.56
"16173",5,16.56
"16010",10,16.60
"16626",16,16.62
"14688",27,16.63
"12906",4,16.70
"15498",43,16.76
"13631",10,16.77
"17428",44,16.77
"16360",5,16.79
"14180",32,16.81
"17459",1,16.85
"12822",1,16.85
"16603",1,16.88
"15654",1,16.91
"16814",35,16.94
"14031",43,16.96
"15649",3,16.96
"14560",43,16.98
"14025",7,17.00
"15707",3,17.00
"16484",1,17.06
"13261",1,17.07
"15821",1,17.10
"14456",8,17.13
"13113",36,17.25
"17566",1,17.26
"17837",7,17.28
"14910",3,17.32
"17451",6,17.36
"17131",4,17.50
"17581",42,17.52
"15107",8,17.52
"15787",2,17.54
"15581",33,17.61
"15706",3,17.61
"15358",41,17.75
"15738",40,17.77
"16705",41,17.80
"16931",22,17.82
"12762",1,17.83
"16746",41,17.83
"14367",15,17.86
"17295",2,17.97
"16453",1,17.98
"12720",28,18.00
"17173",7,18.00
"13963",16,18.06
"16187",14,18.06
"12498",2,18.07
"14132",10,18.11
"13318",2,18.11
"13969",34,18.15
"17576",40,18.20
"13854",38,18.21
"16295",3,18.30
"12932",7,18.32
"13949",5,18.38
"15511",4,18.44
"18041",37,18.46
"16033",26,18.46
"15183",2,18.48
"15633",12,18.49
"16549",33,18.51
"14172",2,18.55
"13018",34,18.59
"16997",2,18.62
"15015",12,18.66
"14543",38,18.68
"14121",3,18.69
"15291",38,18.71
"18231",27,18.74
"14671",1,18.80
"15768",33,18.82
"17590",2,18.98
"14808",7,19.00
"14369",1,19.22
"16438",4,19.22
"16742",12,19.23
"16458",29,19.30
"12827",2,19.43
"16782",37,19.46
"15513",34,19.47
"16818",10,19.50
"14895",37,19.51
"17183",5,19.56
"12621",34,19.62
"17306",20,19.65
"16353",37,19.70
"16688",3,19.71
"12647",34,19.79
"17735",25,19.81
"16855",1,19.81
"17750",8,19.87
"16558",37,19.88
"12437",37,19.89
"16935",2,19.92
"14194",35,19.94
"12734",2,19.99
"14416",1,20.01
"16844",1,20.05
"16352",1,20.08
"16478",2,20.08
"14932",1,20.11
"16160",1,20.14
"15565",1,20.16
"16843",34,20.20
"13323",4,20.29
"13460",1,20.31
"15960",3,20.33
"15939",14,20.36
"13004",35,20.37
"12936",3,20.38
"14051",36,20.44
"14040",34,20.53
"15555",35,20.61
"17975",23,20.66
"16361",3,20.66
"15476",3,20.68
"18198",16,20.75
"16506",1,20.85
"13267",35,20.85
"13420",1,20.88
"15011",1,20.96
"14360",3,20.96
"13212",2,20.96
"18130",2,20.97
"13558",3,20.98
"16223",1,20.99
"17770",4,20.99
"14176",4,21.00
"16243",1,21.02
"13987",1,21.02
"14455",3,21.03
"15271",23,21.04
"16930",2,21.04
"17444",1,21.06
"16799",1,21.07
"16427",1,21.08
"14065",2,21.09
"15013",9,21.11
"13860",4,21.29
"15160",3,21.32
"13668",34,21.35
"16904",19,21.41
"16837",10,21.42
"14685",7,21.44
"16923",31,21.45
"13050",33,21.51
"14779",2,21.51
"13429",3,21.57
"12883",3,21.59
"17317",2,21.60
"15808",20,21.60
"13230",29,21.61
"15838",33,21.61
"18258",5,21.62
"13247",3,21.66
"12788",3,21.68
"15908",1,21.69
"12722",3,21.71
"17613",13,21.77
"16813",9,21.78
"14952",31,21.83
"14060",29,21.87
"12415",23,21.88
"15977",1,21.88
"12735",1,21.97
"15531",1,22.04
"13542",16,22.04
"14002",1,22.04
"13090",22,22.09
"14490",1,22.14
"18059",2,22.15
"16945",32,22.16
"13715",16,22.32
"14648",14,22.35
"15113",2,22.35
"16169",3,22.39
"12657",3,22.39
"17848",29,22.49
"17085",27,22.60
"12989",32,22.69
"15044",31,22.71
"13808",4,22.75
"16629",1,22.77
"16713",31,22.77
"16076",9,22.79
"17706",30,22.84
"13001",32,22.87
"16381",1,22.87
"13028",1,22.88
"15465",31,22.90
"18228",1,22.94
"16015",2,22.96
"14110",32,22.97
"16474",6,22.99
"13386",1,22.99
"12540",31,22.99
"16210",32,23.00
"15666",1,23.02
"13902",4,23.03
"15653",1,23.04
"13599",32,23.04
"12709",31,23.07
"17577",1,23.12
"12704",7,23.16
"12474",28,23.19
"15827",27,23.23
"17652",11,23.27
"13446",10,23.33
"17894",17,23.40
"16900",2,23.44
"12879",2,23.50
"14085",31,23.52
"15719",30,23.53
"16851",2,23.58
"15089",5,23.62
"15347",3,23.70
"17238",31,23.74
"16928",25,23.76
"16607",24,23.83
"17366",1,23.85
"17346",25,23.88
"13418",30,23.90
"14217",22,23.91
"15355",1,23.93
"15369",10,23.93
"16465",1,23.95
"15867",30,24.00
"18226",25,24.01
"17681",4,24.06
"12882",1,24.21
"14800",16,24.25
"12952",3,24.25
"15500",3,24.33
"12783",3,24.34
"15805",29,24.35
"16020",2,24.45
"14249",11,24.45
"16533",2,24.46
"12757",8,24.47
"16324",2,24.47
"12843",27,24.48
"12999",2,24.56
"17965",28,24.57
"16656",29,24.59
"15281",15,24.59
"17113",5,24.63
"12675",1,24.71
"16379",3,24.75
"13914",1,24.75
"14134",14,24.79
"14354",1,24.83
"13040",1,24.86
"14780",1,24.90
"13016",2,24.98
"15301",16,24.99
"17595",1,24.99
"18075",19,25.01
"14529",2,25.03
"18143",1,25.06
"15601",29,25.07
"17725",10,25.09
"15612",1,25.09
"18260",22,25.09
"17858",29,25.10
"15538",5,25.18
"17241",11,25.18
"16401",22,25.19
"17062",5,25.19
"14711",10,25.21
"14534",25,25.28
"16523",27,25.29
"16929",6,25.31
"15984",29,25.38
"13458",15,25.40
"15129",22,25.45
"16678",11,25.47
"14116",4,25.48
"12828",5,25.54
"15570",24,25.58
"15144",28,25.65
"15505",4,25.69
"13467",1,25.71
"15640",28,25.75
"14189",15,25.75
"15125",23,25.78
"13730",1,25.83
"16911",1,25.84
"13013",28,25.86
"13999",28,25.86
"15963",1,25.94
"15290",25,25.96
"12627",5,25.98
"14702",28,26.00
"16011",28,26.08
"13537",1,26.09
"17946",1,26.10
"16019",26,26.11
"13073",1,26.19
"13491",26,26.19
"17017",28,26.21
"13991",5,26.23
"14344",19,26.26
"15260",24,26.38
"18061",27,26.44
"14825",23,26.47
"16158",8,26.49
"17562",6,26.51
"16592",27,26.55
"17696",26,26.57
"16460",2,26.57
"16499",7,26.58
"12955",10,26.63
"15297",2,26.64
"13081",27,26.66
"14562",25,26.67
"13576",27,26.70
"16241",15,26.73
"17372",26,26.76
"13346",5,26.79
"12830",5,26.81
"14878",24,26.83
"18065",27,26.84
"18229",27,26.84
"16942",8,26.88
"16698",1,26.89
"16066",4,26.97
"16744",6,26.99
"16538",2,27.01
"17611",27,27.07
"14866",16,27.12
"13097",26,27.15
"15194",27,27.16
"15232",1,27.17
"13731",1,27.18
"14303",1,27.21
"17504",17,27.24
"13269",27,27.26
"17790",19,27.26
"15141",6,27.30
"15751",10,27.30
"15629",3,27.36
"14088",15,27.39
"13399",2,27.42
"12431",24,27.42
"14282",24,27.47
"12518",4,27.47
"17230",17,27.48
"15589",2,27.48
"16125",13,27.54
"14733",14,27.57
"16107",6,27.60
"18180",5,27.60
"13742",11,27.62
"15024",15,27.66
"13206",12,27.68
"13268",9,27.77
"13810",1,27.82
"14796",26,27.85
"13935",2,27.90
"14140",1,27.91
"12985",1,27.92
"17653",3,27.96
"14082",1,27.97
"14261",1,27.97
"12419",1,27.98
"17564",2,27.99
"17549",1,28.00
"15054",1,28.02
"14299",26,28.05
"15491",5,28.05
"15943",1,28.07
"12583",26,28.11
"13148",25,28.12
"17364",26,28.14
"12376",1,28.15
"13552",21,28.19
"14776",14,28.22
"15330",1,28.22
"16186",25,28.32
"16631",6,28.34
"17659",13,28.38
"18122",5,28.41
"17139",24,28.41
"16157",2,28.50
"15046",24,28.54
"12476",17,28.60
"14831",2,28.61
"18116",12,28.65
"16989",5,28.66
"18008",22,28.73
"13571",25,28.76
"12986",9,28.78
"16775",15,28.79
"14539",1,28.91
"13994",5,28.94
"17857",22,28.96
"14178",6,28.99
"12640",2,29.00
"12980",20,29.00
"15349",1,29.01
"15547",25,29.04
"17888",24,29.04
"17014",2,29.05
"13802",18,29.06
"12386",1,29.11
"16373",1,29.11
"16701",25,29.19
"12747",25,29.20
"12839",25,29.21
"18223",25,29.23
"14243",16,29.24
"18225",25,29.27
"15611",23,29.30
"13437",6,29.33
"16326",23,29.34
"14502",10,29.38
"17307",10,29.39
"17021",5,29.40
"15332",5,29.41
"16184",5,29.43
"13082",20,29.55
"12868",7,29.58
"13147",3,29.69
"13644",3,29.70
"15981",20,29.80
"17969",19,29.84
"18087",15,29.87
"12878",1,29.96
"14709",24,29.96
"13588",8,29.97
"15955",21,30.00
"17231",24,30.00
"16606",1,30.03
"17481",3,30.03
"12885",2,30.04
"16747",1,30.05
"12628",2,30.08
"14258",24,30.26
"14755",24,30.28
"13488",22,30.28
"15898",24,30.29
"13047",22,30.32
"16700",24,30.38
"18241",20,30.40
"16426",9,30.44
"16883",18,30.45
"14510",2,30.48
"12549",4,30.50
"14739",24,30.55
"14511",4,30.55
"17073",3,30.63
"13184",9,30.64
"13094",12,30.67
"16335",6,30.68
"17162",9,30.77
"16230",1,30.79
"17730",19,30.85
"13978",1,30.86
"17834",1,30.86
"13559",1,30.92
"16734",2,30.97
"15453",6,30.99
"14815",1,31.00
"13324",17,31.01
"15444",1,31.06
"17716",23,31.08
"15883",1,31.09
"13911",19,31.10
"12546",1,31.10
"14092",23,31.12
"13868",1,31.16
"17447",1,31.17
"18283",21,31.18
"16497",22,31.22
"18055",13,31.23
"13641",3,31.25
"15136",3,31.28
"14062",23,31.30
"13734",3,31.38
"14395",19,31.48
"14492",6,31.49
"17032",4,31.49
"16924",2,31.50
"13812",2,31.53
"16378",2,31.55
"16191",23,31.56
"15801",2,31.58
"17870",12,31.60
"13985",21,31.63
"15644",3,31.66
"16296",3,31.68
"16197",8,31.76
"12493",1,31.81
"16570",19,31.81
"16311",1,31.82
"15874",20,31.90
"13027",18,31.94
"15813",1,31.96
"16145",18,31.99
"14135",23,32.00
"15218",21,32.00
"17332",4,32.02
"14305",2,32.03
"16170",19,32.04
"17573",2,32.05
"15527",22,32.08
"14524",12,32.09
"12919",5,32.24
"16407",13,32.30
"17370",3,32.31
"16985",22,32.36
"12523",22,32.41
"14810",12,32.41
"15093",22,32.41
"16436",2,32.44
"12362",9,32.47
"17223",2,32.47
"12662",19,32.48
"15933",2,32.52
"16638",14,32.56
"15356",12,32.58
"15737",7,32.58
"16712",12,32.66
"18044",17,32.70
"13137",15,32.79
"13756",22,32.82
"14415",22,32.82
"17167",2,32.92
"14067",1,32.93
"12488",2,32.96
"16103",21,33.00
"18237",4,33.00
"15379",7,33.01
"12940",1,33.08
"17416",21,33.14
"14291",22,33.14
"15298",22,33.14
"14262",7,33.15
"17563",1,33.20
"17220",20,33.20
"15694",22,33.26
"12939",19,33.27
"14462",11,33.28
"17406",12,33.34
"18245",19,33.37
"16393",22,33.46
"12793",2,33.48
"15251",20,33.50
"17396",12,33.50
"17724",2,33.54
"16351",12,33.56
"12949",21,33.61
"16290",3,33.67
"15529",11,33.81
"13880",16,33.81
"12765",5,33.83
"17690",19,33.90
"13784",13,33.91
"18050",1,33.94
"14125",2,33.94
"14057",21,33.95
"12630",1,34.00
"14359",2,34.09
"16710",21,34.10
"17402",21,34.22
"16722",21,34.23
"17589",17,34.24
"14141",3,34.27
"17651",15,34.33
"14401",21,34.33
"15214",7,34.44
"14852",17,34.47
"14410",10,34.50
"14961",21,34.52
"14239",20,34.55
"17525",2,34.56
"14390",12,34.58
"12584",8,34.60
"15278",3,34.60
"12610",3,34.61
"15618",3,34.64
"17001",18,34.66
"14634",3,34.68
"16342",3,34.73
"17644",19,34.75
"13426",21,34.75
"15249",17,34.82
"13822",1,34.85
"13178",20,34.85
"17404",20,34.86
"12804",1,34.92
"17477",1,34.93
"12364",3,34.93
"17285",1,34.98
"13374",1,34.98
"16644",1,34.99
"15533",2,35.00
"17822",4,35.02
"14503",5,35.03
"13983",20,35.04
"16322",1,35.05
"14944",18,35.06
"12712",20,35.09
"15544",19,35.32
"15023",19,35.32
"15270",20,35.34
"16725",12,35.34
"14283",3,35.37
"13117",17,35.41
"15568",2,35.43
"13842",17,35.46
"13442",2,35.48
"17287",20,35.50
"15114",11,35.54
"12823",17,35.58
"13857",5,35.59
"14221",16,35.62
"13159",3,35.66
"13200",3,35.68
"13475",3,35.68
"13629",18,35.71
"17049",18,35.72
"16316",12,35.75
"16817",12,35.76
"17503",1,35.92
"15972",4,35.99
"13506",4,36.01
"15701",3,36.03
"13314",2,36.04
"15033",9,36.11
"17132",1,36.11
"15373",16,36.13
"12877",19,36.16
"16180",12,36.18
"16444",16,36.19
"16265",11,36.19
"15854",20,36.25
"16954",19,36.30
"14713",20,36.34
"13695",15,36.41
"12754",2,36.47
"14867",15,36.59
"15606",16,36.63
"13317",18,36.67
"12483",18,36.67
"17554",4,36.69
"16801",3,36.69
"13031",4,36.76
"17491",16,36.82
"16306",6,36.85
"12428",7,36.85
"15344",2,36.92
"17668",1,36.94
"16675",1,36.96
"14937",2,36.96
"13725",7,36.99
"16550",17,37.00
"15632",7,37.01
"12600",19,37.05
"17799",19,37.05
"17800",8,37.12
"12872",11,37.24
"17340",17,37.28
"14071",7,37.29
"14607",19,37.31
"15661",7,37.32
"18168",15,37.34
"14030",19,37.42
"12444",4,37.49
"16670",19,37.51
"14099",19,37.53
"17692",11,37.56
"17634",8,37.63
"12680",3,37.63
"15622",16,37.64
"16696",3,37.65
"13567",3,37.67
"12629",1,37.69
"12553",11,37.74
"14159",19,37.74
"17873",17,37.83
"12626",8,37.90
"14868",11,37.91
"13327",18,37.93
"17809",19,37.94
"16546",4,37.95
"13769",19,37.95
"17777",2,37.95
"13456",5,37.95
"13759",1,37.96
"12683",19,38.00
"18205",1,38.06
"18030",1,38.11
"13214",6,38.14
"16467",6,38.17
"12500",17,38.24
"13575",4,38.24
"16652",15,38.26
"16156",19,38.36
"14659",8,38.37
"13486",2,38.41
"12417",19,38.43
"17524",2,38.46
"14387",2,38.46
"16706",2,38.46
"13232",6,38.48
"14615",4,38.50
"15059",18,38.50
"12472",18,38.51
"17288",10,38.51
"14048",2,38.52
"17884",19,38.52
"14558",2,38.55
"13993",18,38.55
"14260",2,38.57
"15796",16,38.58
"12490",19,38.59
"14883",5,38.60
"18232",3,38.60
"16966",6,38.66
"14352",3,38.68
"17663",16,38.74
"16926",4,38.76
"17890",1,38.84
"17338",16,38.87
"14426",16,38.87
"13952",13,38.92
"14358",1,38.93
"15399",2,38.94
"12731",16,39.01
"13933",1,39.02
"13492",2,39.09
"15378",1,39.11
"14587",8,39.12
"17126",8,39.13
"15876",1,39.15
"16877",5,39.18
"14948",5,39.22
"17203",9,39.22
"14004",10,39.22
"14730",7,39.30
"17612",17,39.36
"14045",15,39.41
"17460",15,39.47
"15173",6,39.49
"13266",18,39.51
"16155",4,39.51
"16609",6,39.52
"17419",17,39.53
"16858",9,39.55
"14505",18,39.61
"18144",18,39.77
"16199",6,39.79
"14210",15,39.81
"14211",17,39.82
"16016",10,39.90
"14907",15,39.93
"17218",17,39.94
"16767",14,39.98
"14399",7,40.00
"17091",18,40.04
"14876",1,40.05
"15267",4,40.06
"14422",18,40.11
"14732",18,40.12
"17164",6,40.13
"15687",8,40.22
"17954",18,40.28
"12889",3,40.36
"13141",16,40.37
"17157",18,40.44
"14414",7,40.44
"15222",10,40.48
"17931",13,40.55
"12708",17,40.70
"15932",7,40.73
"13816",1,40.75
"14341",17,40.77
"13791",1,40.80
"13709",17,40.82
"18239",5,40.82
"13162",15,40.87
"13044",10,40.90
"13051",1,40.92
"13928",3,40.92
"13394",18,40.94
"13432",1,40.94
"13059",9,40.99
"12605",2,41.00
"14250",2,41.02
"12888",1,41.06
"18167",2,41.09
"14482",11,41.09
"12642",2,41.12
"16975",2,41.13
"17425",1,41.16
"12684",5,41.17
"17512",17,41.22
"12524",16,41.25
"15829",1,41.27
"12755",10,41.30
"13659",11,41.38
"17723",6,41.39
"17639",5,41.43
"13593",13,41.45
"15681",13,41.47
"16314",2,41.50
"15974",6,41.52
"13407",2,41.53
"14292",15,41.54
"16556",16,41.63
"15309",3,41.64
"12395",14,41.66
"18037",14,41.71
"15003",5,41.82
"15058",15,41.87
"13250",1,41.90
"12383",4,41.93
"16531",10,41.93
"13831",17,41.94
"17265",1,41.95
"14734",3,41.96
"14486",1,41.97
"14751",1,41.98
"16974",1,41.98
"17090",12,41.99
"16431",2,42.00
"16428",2,42.00
"15580",7,42.00
"15971",17,42.01
"16331",5,42.02
"15671",6,42.02
"16477",10,42.10
"15205",1,42.15
"16957",1,42.19
"13014",10,42.20
"14407",4,42.27
"17769",16,42.31
"13940",3,42.32
"13305",15,42.33
"17825",3,42.33
"14275",5,42.37
"17739",17,42.41
"15953",17,42.42
"16258",14,42.43
"15482",17,42.46
"13533",2,42.48
"17580",4,42.48
"15514",17,42.52
"16234",2,42.58
"18077",17,42.59
"14744",13,42.61
"16034",5,42.63
"12464",7,42.71
"17861",17,42.72
"13590",17,42.76
"13743",6,42.80
"14850",6,42.82
"13827",2,42.94
"16503",10,42.99
"12601",5,42.99
"15108",2,42.99
"16102",2,43.01
"14629",1,43.03
"12572",1,43.04
"13964",1,43.05
"18092",17,43.12
"12439",1,43.15
"12705",12,43.18
"14151",1,43.20
"12935",14,43.22
"15034",13,43.23
"12637",11,43.27
"15750",17,43.28
"15860",16,43.31
"12432",3,43.31
"16008",14,43.36
"16633",5,43.39
"16983",10,43.40
"13561",10,43.40
"14573",12,43.40
"16456",12,43.43
"16027",14,43.49
"16466",14,43.49
"14693",6,43.53
"15523",15,43.54
"13065",4,43.55
"13871",16,43.56
"17209",2,43.60
"16743",13,43.61
"13920",3,43.62
"16359",15,43.62
"12651",3,43.63
"14692",11,43.64
"12663",1,43.80
"15150",12,43.84
"18005",1,43.88
"16674",1,43.90
"14245",1,43.92
"16091",1,43.98
"17160",16,44.01
"12632",1,44.02
"14091",1,44.07
"14530",15,44.13
"14525",16,44.18
"17469",16,44.18
"15521",15,44.21
"12895",1,44.22
"14901",11,44.30
"16218",12,44.31
"17314",16,44.50
"16794",14,44.51
"12352",8,44.52
"15021",11,44.53
"15771",2,44.54
"13186",2,44.55
"14828",12,44.66
"17442",14,44.69
"16225",14,44.70
"13524",4,44.75
"13693",8,44.79
"13183",14,44.85
"12646",1,44.89
"17967",1,44.92
"12481",13,44.98
"14519",1,45.03
"14769",16,45.07
"13856",10,45.08
"13901",14,45.09
"12794",1,45.12
"15304",8,45.12
"15628",16,45.12
"14461",12,45.18
"14388",15,45.20
"14370",5,45.22
"16905",16,45.23
"16806",3,45.27
"15134",9,45.32
"15755",16,45.33
"15643",2,45.36
"14465",10,45.49
"17293",16,45.50
"15607",8,45.50
"15591",2,45.50
"14691",4,45.53
"14740",10,45.53
"12591",2,45.58
"14882",13,45.61
"18219",16,45.62
"13021",16,45.64
"14101",12,45.66
"12599",12,45.68
"16686",15,45.73
"16009",3,45.74
"16682",4,45.76
"14312",10,45.78
"13443",5,45.79
"16918",15,45.80
"16059",11,45.81
"15220",5,45.82
"17646",11,45.83
"15038",8,45.86
"14019",2,45.89
"15763",1,45.90
"13681",3,45.94
"12947",5,45.95
"14227",14,45.95
"15088",1,45.96
"13039",3,46.00
"12567",14,46.00
"15492",1,46.04
"13720",3,46.05
"17229",1,46.05
"14556",2,46.07
"15785",15,46.12
"16266",13,46.14
"16313",1,46.17
"13152",6,46.19
"14532",10,46.21
"17629",9,46.21
"15660",14,46.22
"13728",15,46.25
"17968",3,46.30
"15638",5,46.38
"13041",3,46.38
"17470",10,46.39
"13862",8,46.39
"12963",11,46.45
"17204",8,46.52
"16421",2,46.53
"17457",13,46.61
"15624",3,46.64
"15081",11,46.66
"15351",9,46.67
"13630",6,46.68
"17453",1,46.69
"16249",4,46.71
"13201",3,46.72
"12928",11,46.74
"15518",14,46.79
"15998",15,46.80
"12594",13,46.84
"14963",11,46.91
"16217",1,46.92
"16060",2,46.93
"12526",2,46.95
"16750",4,46.96
"13384",10,46.99
"14069",1,46.99
"14064",14,47.00
"17114",7,47.00
"17814",1,47.01
"12678",14,47.06
"14177",12,47.09
"16202",8,47.12
"12943",1,47.12
"18183",1,47.22
"13507",3,47.35
"12891",10,47.39
"16327",15,47.40
"14081",9,47.43
"17365",14,47.43
"17602",13,47.45
"13634",14,47.50
"17146",12,47.51
"16544",3,47.64
"13870",14,47.65
"16370",3,47.66
"17473",1,47.70
"16255",14,47.72
"15727",14,47.72
"14745",11,47.73
"17507",1,47.74
"17726",6,47.82
"15906",9,47.89
"14430",2,47.91
"13225",15,47.95
"18025",5,47.96
"17484",1,47.98
"13450",12,48.06
"15708",8,48.12
"14701",14,48.14
"16242",13,48.15
"16437",1,48.18
"14032",15,48.21
"17714",4,48.25
"17610",4,48.25
"13648",7,48.27
"14209",14,48.29
"12643",10,48.29
"16996",8,48.40
"14515",11,48.45
"12836",14,48.50
"15749",2,48.51
"12520",4,48.54
"14113",15,48.55
"18081",2,48.60
"15602",15,48.61
"17145",3,48.62
"16005",9,48.67
"13457",1,48.83
"15258",1,48.93
"15429",1,48.95
"16827",4,48.95
"14267",2,48.97
"17412",15,48.99
"16098",13,49.00
"15502",11,49.01
"17737",1,49.02
"15815",4,49.04
"17539",2,49.06
"13718",1,49.06
"15910",14,49.07
"14363",1,49.10
"13883",13,49.15
"12951",14,49.28
"15443",13,49.30
"16128",10,49.38
"15346",2,49.42
"14541",13,49.46
"15885",12,49.51
"15323",2,49.51
"13393",3,49.55
"17892",2,49.58
"16871",5,49.67
"16709",13,49.68
"17410",4,49.75
"17921",9,49.77
"15456",9,49.78
"12910",12,49.84
"15596",8,49.87
"17994",10,49.90
"17758",11,49.91
"14936",11,49.99
"16129",2,50.04
"14049",12,50.07
"17380",2,50.11
"13960",1,50.12
"13941",14,50.12
"16912",14,50.14
"14334",11,50.18
"15182",10,50.21
"16735",13,50.24
"13485",10,50.30
"17838",12,50.34
"15203",14,50.40
"14329",14,50.43
"17897",8,50.48
"12766",8,50.50
"16791",14,50.50
"16293",14,50.50
"15122",10,50.51
"13057",2,50.57
"16126",14,50.58
"13287",2,50.60
"14500",2,50.64
"13958",7,50.70
"13246",10,50.71
"17191",14,50.72
"17905",12,50.75
"17655",8,50.76
"13804",8,50.76
"16365",14,50.78
"17930",12,50.83
"12815",1,50.87
"16350",8,50.87
"16999",1,50.92
"17738",12,50.93
"14182",3,50.95
"16869",3,50.99
"12676",9,51.00
"13032",8,51.01
"16802",1,51.03
"13970",1,51.06
"13747",1,51.06
"13291",10,51.07
"13971",13,51.08
"13213",10,51.19
"15732",9,51.24
"16153",10,51.29
"16668",12,51.33
"13555",12,51.33
"16862",3,51.34
"16115",11,51.36
"14047",13,51.39
"13884",9,51.43
"13875",13,51.46
"12782",10,51.48
"15996",6,51.50
"17519",14,51.52
"14005",4,51.52
"17552",11,51.57
"14821",6,51.63
"18094",12,51.66
"12423",9,51.67
"13615",7,51.67
"13549",7,51.70
"16395",13,51.77
"17422",10,51.81
"17465",6,51.82
"17228",12,51.83
"17578",6,51.88
"15315",1,51.90
"15079",10,51.91
"14191",14,51.92
"13478",4,51.97
"13613",4,51.99
"12982",7,51.99
"14316",4,52.01
"17736",2,52.02
"15411",3,52.04
"17334",2,52.06
"16770",8,52.11
"17913",13,52.15
"18236",11,52.16
"17137",5,52.22
"16004",4,52.23
"15752",8,52.25
"18261",1,52.25
"14418",2,52.38
"17673",12,52.41
"15987",7,52.44
"12710",2,52.46
"16206",12,52.48
"13118",8,52.48
"13874",6,52.50
"13929",10,52.53
"15890",4,52.54
"16226",4,52.54
"14841",13,52.61
"14112",12,52.66
"14625",10,52.71
"15679",3,52.78
"17940",13,52.85
"15370",7,52.85
"12433",9,52.89
"16890",2,52.89
"17995",2,52.91
"13543",1,52.96
"17337",3,52.97
"15789",5,53.03
"16240",1,53.03
"18178",10,53.08
"13610",13,53.16
"15152",13,53.22
"13505",3,53.33
"12562",8,53.40
"16943",2,53.46
"12502",4,53.51
"17097",8,53.52
"13126",12,53.57
"15036",2,53.57
"14496",6,53.64
"13700",12,53.67
"16391",3,53.68
"12407",4,53.72
"12779",13,53.78
"12853",10,53.80
"14976",5,53.84
"14794",9,53.86
"15433",1,53.86
"14016",10,53.89
"17368",13,53.92
"17863",11,53.92
"15365",12,53.97
"12517",3,53.98
"16704",1,53.99
"17828",3,54.00
"17096",10,54.00
"15586",2,54.02
"16561",1,54.08
"14970",11,54.09
"16045",7,54.14
"13649",5,54.16
"17522",4,54.21
"14309",10,54.21
"16515",9,54.23
"14224",8,54.25
"17054",4,54.25
"15696",12,54.25
"14186",4,54.27
"17548",3,54.27
"17567",8,54.28
"13092",11,54.28
"18064",10,54.31
"13995",13,54.31
"14766",10,54.32
"17426",12,54.35
"17952",3,54.36
"13037",11,54.36
"17867",13,54.39
"14228",2,54.44
"14437",4,54.47
"14561",2,54.48
"17069",13,54.48
"13209",12,54.50
"16717",13,54.53
"15777",6,54.54
"13003",2,54.55
"15949",1,54.65
"16992",12,54.66
"17071",12,54.68
"15594",4,54.74
"16719",13,54.76
"16748",13,54.76
"17284",6,54.82
"14898",13,54.84
"15625",8,54.85
"15331",2,54.90
"15321",11,54.91
"16669",1,54.93
"15522",1,54.96
"17527",3,54.98
"13824",11,54.99
"13015",10,54.99
"16655",12,54.99
"13379",2,55.03
"15103",1,55.04
"15600",3,55.04
"13265",4,55.05
"16653",1,55.05
"12593",2,55.07
"15535",5,55.17
"13293",5,55.21
"14676",11,55.29
"12811",3,55.31
"16041",2,55.42
"17713",3,55.43
"13340",11,55.45
"14232",4,55.48
"14114",6,55.49
"15938",8,55.52
"15571",13,55.53
"17700",13,55.54
"15617",2,55.56
"13719",10,55.60
"16455",10,55.61
"13811",1,55.63
"13368",3,55.66
"17454",9,55.66
"16899",7,55.70
"15140",7,55.72
"17133",11,55.73
"15764",7,55.74
"13288",4,55.77
"16979",8,55.86
"13563",1,55.89
"13758",13,55.93
"15031",13,55.93
"18202",2,55.97
"17788",1,55.98
"16489",1,55.98
"14188",5,55.99
"14001",8,55.99
"16915",10,56.01
"13202",6,56.04
"15590",4,56.05
"17024",2,56.09
"15812",11,56.09
"15743",3,56.10
"16332",10,56.10
"17119",1,56.15
"14289",5,56.19
"13136",12,56.23
"16221",8,56.24
"13890",13,56.31
"18257",11,56.36
"12674",3,56.38
"13750",10,56.39
"16067",2,56.39
"14230",2,56.40
"14498",9,56.43
"15259",3,56.65
"16348",7,56.87
"17609",10,56.88
"13123",1,56.90
"12422",11,56.90
"15172",4,57.00
"17213",12,57.02
"15641",11,57.09
"14404",12,57.16
"13722",9,57.22
"16209",8,57.25
"15410",9,57.25
"17236",11,57.27
"13662",10,57.29
"17705",10,57.32
"15199",9,57.36
"15574",5,57.38
"14451",11,57.38
"12347",7,57.44
"15839",2,57.44
"13538",11,57.47
"16488",2,57.54
"17924",7,57.55
"12381",2,57.56
"14978",9,57.57
"16736",4,57.69
"15422",6,57.86
"13459",1,57.87
"15296",11,57.90
"13922",2,57.92
"18142",1,58.03
"13002",2,58.07
"12867",12,58.08
"13272",1,58.08
"14466",12,58.08
"15483",9,58.10
"15532",9,58.22
"16394",4,58.24
"13012",10,58.30
"17211",12,58.33
"12924",11,58.37
"17596",12,58.42
"13735",12,58.49
"13975",11,58.55
"13557",12,58.58
"14533",10,58.60
"14201",9,58.67
"17003",3,58.69
"15716",10,58.70
"16048",3,58.71
"15241",10,58.78
"14487",6,58.82
"16539",9,58.86
"12797",1,58.92
"15312",11,58.92
"17937",6,58.98
"13665",2,58.99
"15834",6,59.00
"13951",2,59.03
"14973",2,59.07
"17685",11,59.08
"16094",10,59.09
"14464",1,59.11
"17550",8,59.12
"17308",1,59.16
"16699",6,59.17
"12975",5,59.39
"15916",12,59.41
"13527",11,59.45
"12573",4,59.48
"15858",12,59.50
"15862",12,59.51
"17819",11,59.53
"17849",7,59.56
"18009",7,59.58
"14696",7,59.58
"12726",10,59.59
"17633",6,59.66
"16172",7,59.70
"14449",7,59.71
"17063",12,59.76
"16600",12,59.76
"17214",5,59.78
"15674",11,59.81
"15864",6,59.82
"15179",12,59.83
"17281",5,59.84
"12957",12,59.91
"15965",12,59.93
"12719",1,59.95
"13234",1,59.96
"14770",7,59.97
"17188",12,59.98
"16841",11,60.00
"15420",5,60.02
"13517",2,60.06
"17988",12,60.07
"13782",12,60.08
"14710",12,60.16
"13139",7,60.17
"16434",11,60.18
"13451",10,60.20
"13239",4,60.22
"14994",4,60.24
"14844",9,60.32
"16873",11,60.36
"17409",9,60.44
"16085",11,60.45
"15722",10,60.49
"14720",2,60.50
"18204",2,60.53
"13198",7,60.58
"14127",5,60.59
"15361",3,60.62
"17754",12,60.65
"12528",5,60.65
"15569",9,60.66
"16661",3,60.66
"17449",12,60.68
"15861",11,60.71
"14440",12,60.76
"15430",1,60.82
"14854",10,60.83
"15086",1,60.94
"17662",1,60.99
"16463",3,60.99
"15811",6,60.99
"17779",2,61.04
"15132",4,61.05
"12913",12,61.17
"17042",4,61.22
"14686",4,61.25
"14553",8,61.26
"15100",6,61.31
"17227",11,61.35
"17720",9,61.36
"16235",7,61.42
"15817",2,61.45
"16464",2,61.46
"15473",7,61.46
"12457",6,61.47
"15248",2,61.47
"17585",6,61.48
"16042",7,61.61
"17740",5,61.63
"16692",3,61.71
"14214",4,61.73
"16475",3,61.74
"14572",10,61.80
"16075",1,61.82
"13435",8,61.86
"14918",8,61.88
"13783",3,61.94
"14719",4,61.98
"13726",1,61.99
"14419",6,62.00
"14409",8,62.01
"15398",1,62.08
"17323",11,62.11
"12838",9,62.12
"15973",1,62.13
"14138",1,62.13
"16907",8,62.13
"13636",4,62.21
"15903",11,62.26
"18069",10,62.30
"16131",11,62.37
"13138",6,62.37
"15116",3,62.38
"17268",10,62.39
"14146",11,62.43
"16762",2,62.48
"17092",10,62.51
"17742",10,62.51
"17135",9,62.56
"16250",2,62.59
"16949",5,62.59
"16347",10,62.60
"14383",2,62.62
"16325",11,62.62
"15756",3,62.66
"12463",3,62.68
"12791",4,62.69
"15240",11,62.71
"16658",4,62.72
"16409",11,62.73
"16588",3,62.73
"13108",1,62.73
"17691",3,62.74
"17851",5,62.78
"17744",6,62.85
"12721",7,62.86
"15648",1,62.87
"17630",1,62.91
"15106",4,62.96
"17386",6,62.98
"18147",1,62.98
"13301",3,62.98
"15614",3,62.99
"17351",11,63.00
"16452",1,63.01
"15519",1,63.03
"13499",4,63.03
"13489",3,63.04
"17180",10,63.09
"13869",9,63.11
"17682",10,63.13
"13350",1,63.13
"13711",8,63.21
"18211",4,63.21
"15646",4,63.22
"14623",9,63.32
"16043",7,63.44
"15268",2,63.48
"18210",6,63.51
"13058",2,63.51
"17796",6,63.51
"16875",10,63.62
"14273",3,63.67
"16565",3,63.70
"13838",9,63.77
"16510",5,63.81
"17669",9,63.84
"18248",1,63.88
"15952",3,63.98
"17324",11,63.98
"15283",2,63.98
"13931",10,64.10
"16726",6,64.16
"13984",11,64.18
"13381",11,64.26
"13110",11,64.27
"14913",7,64.28
"17044",11,64.28
"14903",4,64.29
"16637",3,64.37
"16986",10,64.39
"14593",11,64.45
"17007",6,64.48
"14915",10,64.51
"18230",8,64.52
"17508",7,64.55
"13477",10,64.60
"15819",9,64.68
"12749",8,64.72
"13717",7,64.74
"12976",7,64.82
"15728",1,64.83
"17515",8,64.88
"15095",9,64.90
"13998",2,64.94
"14834",6,64.95
"13595",2,64.96
"13248",1,64.98
"13617",7,64.99
"14078",8,64.99
"13313",11,65.00
"15967",11,65.01
"14803",2,65.01
"12711",1,65.02
"16130",3,65.02
"16112",3,65.04
"15627",1,65.10
"17050",9,65.11
"13433",3,65.11
"14154",7,65.16
"14988",6,65.16
"13448",11,65.18
"17388",10,65.19
"17526",11,65.25
"13115",9,65.33
"12775",6,65.35
"12826",11,65.36
"17929",11,65.38
"15207",2,65.42
"14467",11,65.45
"15946",2,65.53
"15382",11,65.53
"13953",11,65.56
"13908",3,65.66
"17686",8,65.78
"12693",6,65.86
"15245",7,65.88
"13799",8,65.98
"15027",9,65.98
"12832",1,65.99
"14591",3,66.00
"16143",11,66.02
"12714",11,66.02
"16946",4,66.03
"16880",7,66.13
"13134",5,66.18
"14609",9,66.24
"15712",11,66.28
"16176",3,66.32
"17138",6,66.32
"13520",10,66.40
"15845",10,66.48
"13956",4,66.51
"17530",11,66.55
"15550",11,66.55
"12408",7,66.57
"16200",11,66.63
"15572",9,66.65
"13680",11,66.73
"17109",7,66.88
"15400",7,66.89
"13316",9,66.91
"13042",2,66.96
"13752",6,67.19
"15367",10,67.20
"17262",10,67.21
"16571",9,67.23
"18135",9,67.25
"16625",4,67.26
"16654",7,67.30
"13707",4,67.31
"16500",8,67.36
"14034",2,67.52
"13376",2,67.57
"14246",2,67.57
"15032",7,67.57
"15434",10,67.59
"16208",9,67.65
"14741",6,67.66
"14673",6,67.70
"16470",10,67.70
"17889",6,67.71
"13430",1,67.75
"14829",6,67.85
"14107",10,67.89
"17618",10,67.90
"14058",1,67.92
"15855",5,67.94
"12753",5,67.99
"14235",8,68.01
"12619",8,68.01
"16671",2,68.05
"17466",1,68.17
"15239",1,68.18
"14247",4,68.25
"17676",9,68.35
"13397",9,68.45
"14748",9,68.45
"16832",4,68.53
"15329",10,68.61
"15912",8,68.88
"18036",10,68.91
"14441",10,68.99
"13481",10,68.99
"15779",1,69.03
"12473",2,69.03
"13954",1,69.08
"15288",9,69.12
"12575",1,69.16
"16984",8,69.24
"12700",3,69.26
"16566",4,69.31
"16636",3,69.32
"13362",6,69.33
"12402",5,69.41
"13654",10,69.42
"14824",9,69.67
"17252",1,69.71
"16950",9,69.77
"17722",4,69.81
"16189",1,69.85
"12862",1,69.85
"16473",3,69.90
"17083",8,69.90
"14183",1,69.96
"15723",3,69.98
"16298",6,69.98
"14229",6,69.99
"13577",10,70.00
"12623",6,70.01
"17028",2,70.02
"12494",8,70.10
"12576",7,70.12
"14584",7,70.17
"17420",5,70.21
"14147",8,70.27
"12697",2,70.36
"16122",5,70.40
"16336",3,70.40
"17398",2,70.43
"14493",9,70.48
"14651",8,70.52
"14507",10,70.58
"14626",10,70.58
"13916",3,70.67
"17560",8,70.73
"13074",3,70.74
"13019",5,70.79
"16356",5,70.80
"15426",8,70.88
"15673",8,70.88
"16756",6,70.96
"14077",5,70.97
"14377",1,71.00
"17615",5,71.01
"17704",1,71.01
"12598",9,71.01
"16182",8,71.02
"12624",1,71.10
"17490",8,71.11
"16840",1,71.13
"15392",6,71.15
"14817",6,71.18
"12393",5,71.22
"12654",4,71.22
"17239",3,71.32
"16390",2,71.39
"17150",5,71.41
"15394",10,71.47
"15467",2,71.49
"18097",10,71.50
"14307",9,71.54
"17107",9,71.55
"12727",9,71.56
"17802",9,71.56
"17774",8,71.61
"14450",6,71.66
"14083",10,71.71
"13510",10,71.71
"18095",4,71.74
"12664",10,71.83
"16279",8,71.88
"18145",10,71.90
"13174",10,71.90
"13611",9,71.92
"17392",2,71.93
"17382",7,72.01
"18244",1,72.03
"13033",1,72.20
"14408",10,72.20
"14129",8,72.23
"14540",10,72.29
"15950",9,72.33
"15745",3,72.34
"13642",3,72.34
"13295",3,72.36
"13173",10,72.51
"14723",10,72.52
"17966",9,72.54
"17572",9,72.59
"16120",5,72.59
"17019",10,72.61
"15002",8,72.62
"17516",5,72.63
"17963",3,72.65
"16728",3,72.68
"16231",3,72.71
"13077",10,72.73
"17302",4,72.74
"16809",8,72.75
"16618",4,72.77
"14546",10,72.80
"18161",5,72.81
"18106",5,72.81
"12530",8,72.86
"14021",6,72.86
"14548",8,72.87
"12778",8,72.88
"18235",2,72.89
"13741",2,72.91
"17787",3,72.97
"14684",5,72.98
"15380",10,72.99
"14035",8,72.99
"15985",6,73.00
"14257",8,73.01
"13150",2,73.08
"14044",9,73.10
"12820",10,73.11
"17593",10,73.18
"14472",8,73.24
"17869",6,73.35
"16891",10,73.39
"17272",3,73.40
"16987",10,73.41
"13158",4,73.45
"14765",2,73.50
"13771",8,73.51
"17667",8,73.52
"15587",6,73.53
"14640",9,73.54
"18221",5,73.59
"14653",10,73.61
"13052",6,73.68
"16998",4,73.70
"15447",4,73.72
"13786",5,73.79
"13523",5,73.80
"14499",6,73.84
"14567",1,73.86
"16972",1,73.99
"16307",2,74.00
"13157",8,74.01
"13249",8,74.01
"13650",9,74.02
"12696",1,74.03
"17702",5,74.03
"15080",1,74.08
"16572",2,74.09
"12451",7,74.12
"14535",8,74.13
"17638",1,74.19
"16889",5,74.20
"15306",8,74.35
"14837",8,74.38
"15669",3,74.43
"15887",2,74.43
"12525",2,74.54
"17405",2,74.56
"15227",8,74.64
"16650",6,74.64
"17979",3,74.67
"14050",1,74.84
"15421",9,74.86
"14872",2,74.96
"12679",3,75.00
"18093",7,75.03
"16087",4,75.04
"17088",3,75.06
"12477",8,75.10
"15372",7,75.17
"12359",9,75.22
"17429",4,75.26
"15237",3,75.26
"13873",7,75.27
"16062",7,75.28
"16621",3,75.33
"16086",9,75.33
"17235",7,75.42
"14861",9,75.45
"15754",8,75.51
"16150",9,75.54
"14896",7,75.56
"14704",8,75.60
"14111",3,75.70
"15882",7,75.83
"17980",3,75.96
"13888",6,75.99
"15105",8,76.02
"16969",2,76.02
"16057",9,76.10
"14639",8,76.14
"17343",5,76.17
"17289",8,76.25
"13592",3,76.28
"14447",5,76.36
"12744",7,76.42
"14616",4,76.50
"17974",5,76.53
"16389",3,76.65
"12817",2,76.66
"17127",4,76.69
"14460",8,76.73
"12429",7,76.74
"14322",3,76.76
"17179",5,76.85
"13855",3,76.90
"13805",1,76.97
"16676",5,76.99
"17152",3,77.00
"15062",7,77.01
"15440",2,77.02
"14504",3,77.02
"13865",3,77.02
"13309",5,77.04
"13129",1,77.08
"15662",1,77.12
"14321",6,77.14
"15976",5,77.19
"16872",5,77.19
"17362",6,77.19
"15028",5,77.20
"15795",7,77.28
"13497",5,77.39
"14959",3,77.41
"17375",3,77.42
"16771",9,77.45
"15238",2,77.47
"13809",2,77.53
"14758",6,77.67
"15164",8,77.74
"15493",8,77.75
"13643",9,77.79
"17393",1,77.80
"12633",6,77.83
"12656",7,77.89
"14350",2,77.97
"15980",6,77.97
"15658",7,78.02
"12728",4,78.04
"17348",8,78.12
"14916",7,78.13
"14620",1,78.14
"17745",1,78.14
"17707",7,78.16
"16175",6,78.18
"14205",8,78.24
"13950",3,78.38
"12691",5,78.44
"17015",2,78.45
"16416",8,78.50
"16003",9,78.51
"13623",9,78.55
"17708",3,78.64
"15299",8,78.64
"13107",8,78.65
"17075",9,78.67
"14931",3,78.68
"16977",3,78.70
"18251",8,78.77
"13723",5,78.82
"15824",1,78.92
"13930",1,78.95
"16387",4,78.99
"17045",4,79.02
"17058",2,79.02
"14790",9,79.09
"13203",9,79.21
"18158",1,79.30
"17753",3,79.35
"16419",7,79.42
"13240",7,79.43
"14428",4,79.46
"16174",6,79.49
"12450",4,79.52
"17098",2,79.54
"16400",8,79.62
"13259",8,79.63
"15656",3,79.66
"15325",7,79.70
"18146",1,79.81
"12480",6,79.84
"17862",3,79.93
"16707",3,79.99
"14335",1,80.02
"13676",1,80.03
"15459",1,80.04
"13320",5,80.06
"12609",8,80.14
"15279",4,80.26
"17345",9,80.33
"13211",9,80.33
"13748",8,80.34
"14813",3,80.34
"18272",8,80.37
"12356",5,80.39
"12998",2,80.42
"16939",2,80.48
"15353",6,80.50
"13495",9,80.55
"18171",8,80.62
"12484",8,80.74
"12970",9,80.89
"15680",9,80.90
"14029",1,80.91
"12816",1,80.97
"14442",6,80.99
"12388",7,81.00
"12455",8,81.02
"14608",9,81.02
"16362",5,81.03
"16167",4,81.05
"12409",6,81.13
"13982",8,81.14
"14175",7,81.15
"17648",4,81.18
"13104",8,81.24
"16239",5,81.31
"15145",3,81.36
"17027",8,81.38
"15253",7,81.46
"14443",4,81.46
"14570",2,81.46
"16938",8,81.48
"15920",7,81.58
"14206",2,81.60
"17059",8,81.61
"16657",3,81.66
"16487",1,81.83
"15889",7,81.85
"14855",6,81.86
"12571",1,81.91
"15030",7,81.96
"14820",8,82.01
"12414",3,82.03
"17621",5,82.06
"15841",8,82.14
"13236",1,82.16
"15605",8,82.25
"16906",6,82.32
"15262",2,82.42
"16224",4,82.55
"14731",2,82.56
"14226",5,82.58
"12972",3,82.59
"12960",3,82.61
"13079",5,82.62
"16007",6,82.65
"14669",6,82.66
"14905",7,82.70
"14136",4,82.78
"13658",8,82.86
"16449",1,82.92
"16815",1,82.95
"14563",1,82.97
"15439",3,82.98
"12597",3,82.99
"13085",7,83.03
"13795",3,83.07
"17635",2,83.09
"16132",1,83.14
"14514",8,83.14
"13509",6,83.15
"15809",6,83.18
"17144",1,83.21
"12668",8,83.22
"16233",8,83.27
"18170",8,83.38
"13048",8,83.38
"17360",5,83.41
"13851",7,83.43
"17996",2,83.48
"16859",6,83.50
"12613",8,83.51
"14657",5,83.54
"17817",5,83.60
"15224",4,83.74
"15255",8,83.77
"13632",7,83.86
"17080",6,83.98
"17637",1,83.98
"14949",3,84.00
"16104",8,84.00
"17175",3,84.01
"15623",7,84.02
"12649",7,84.13
"13539",6,84.15
"14315",7,84.28
"12997",7,84.31
"17683",2,84.35
"17147",8,84.39
"14870",5,84.41
"15208",5,84.44
"16232",6,84.49
"13431",7,84.58
"18150",2,84.63
"15747",8,84.76
"16774",7,84.83
"18062",5,84.85
"13647",7,84.85
"17699",1,84.91
"16951",2,84.94
"15810",7,84.95
"16816",3,84.96
"13945",1,85.00
"16261",5,85.01
"17795",1,85.02
"16823",6,85.04
"13698",1,85.12
"17400",7,85.14
"14798",7,85.16
"15800",6,85.17
"14161",6,85.17
"14597",5,85.20
"16177",7,85.28
"14621",8,85.29
"13415",3,85.30
"16205",6,85.32
"14649",8,85.50
"16768",8,85.62
"15551",6,85.65
"14198",8,85.66
"14297",3,85.67
"13898",1,85.78
"15104",1,85.93
"14223",2,85.95
"18265",1,85.95
"17689",1,85.98
"12978",4,86.02
"16797",4,86.06
"15151",1,86.18
"14738",8,86.24
"17812",6,86.32
"16948",6,86.33
"13959",5,86.40
"14195",5,86.54
"15759",6,86.54
"16980",2,86.55
"13988",7,86.57
"14336",3,86.60
"18177",8,86.60
"15228",5,86.63
"16072",3,86.97
"16960",7,86.99
"13637",2,87.01
"15780",2,87.01
"13280",6,87.03
"17529",1,87.22
"14225",3,87.27
"15201",6,87.33
"13277",6,87.34
"13819",5,87.35
"14631",5,87.37
"16798",2,87.49
"18035",4,87.49
"13713",2,87.49
"17358",4,87.50
"12399",6,87.53
"13562",7,87.54
"14469",3,87.71
"12909",7,87.72
"12745",1,87.73
"14600",1,87.74
"15425",3,87.74
"17193",8,87.76
"12375",1,87.84
"16612",8,87.96
"14583",7,87.98
"15174",1,87.98
"15497",8,87.98
"17908",4,87.99
"13296",5,87.99
"15682",1,88.04
"16765",1,88.08
"18287",6,88.15
"15936",1,88.21
"15167",4,88.23
"16835",5,88.24
"13900",5,88.25
"17591",7,88.27
"14842",3,88.29
"16081",7,88.29
"16214",3,88.30
"17200",3,88.33
"17374",2,88.33
"12724",6,88.35
"13410",8,88.38
"15206",3,88.40
"12840",6,88.46
"15117",7,88.54
"15704",5,88.59
"15549",7,88.59
"15402",5,88.60
"14835",1,88.61
"14665",6,88.65
"17141",3,88.67
"18039",3,88.69
"13772",7,88.70
"17165",5,88.86
"16105",4,88.97
"13421",7,89.00
"14231",3,89.02
"13297",6,89.15
"16203",5,89.19
"17829",4,89.22
"14454",4,89.26
"18242",7,89.31
"15051",8,89.39
"14006",6,89.50
"17588",6,89.51
"14618",6,89.52
"15717",4,89.53
"16271",7,89.57
"14343",3,89.62
"13360",3,89.69
"17432",8,89.74
"12615",7,89.86
"14934",4,89.98
"17101",6,89.99
"17671",4,90.00
"14215",8,90.01
"17322",4,90.03
"12937",8,90.12
"12948",8,90.15
"14342",5,90.20
"15221",3,90.37
"16679",2,90.40
"16611",5,90.60
"15407",3,90.65
"13026",8,90.65
"16493",6,90.65
"16040",6,90.69
"12645",7,90.73
"12348",4,90.73
"15266",4,90.76
"14293",8,90.77
"14512",6,90.83
"15142",5,90.83
"16757",1,90.87
"12993",7,90.89
"15579",4,90.98
"12916",6,90.99
"16718",4,91.00
"15506",5,91.00
"17456",1,91.00
"17300",1,91.00
"16188",4,91.01
"15376",2,91.03
"13224",1,91.03
"17482",1,91.06
"16933",8,91.11
"17932",2,91.12
"14242",1,91.12
"13848",7,91.12
"17987",4,91.28
"12377",3,91.34
"14264",5,91.37
"17006",7,91.42
"15730",4,91.48
"14585",4,91.52
"12380",7,91.57
"13155",5,91.65
"13149",3,91.66
"14167",7,91.70
"16711",8,91.77
"13815",7,91.88
"14871",8,91.88
"14439",4,91.98
"16283",7,91.99
"15026",4,92.00
"13472",1,92.00
"16520",5,92.17
"17029",6,92.17
"13479",3,92.26
"15110",5,92.36
"17597",4,92.46
"15381",4,92.47
"15128",4,92.47
"13357",4,92.49
"17002",6,92.65
"13242",6,92.66
"17616",3,92.66
"15016",4,92.74
"17604",5,92.81
"12384",1,92.89
"13133",2,92.90
"13834",1,92.90
"16092",5,92.95
"12412",5,92.97
"13167",4,92.99
"13223",5,93.00
"16634",5,93.02
"12930",1,93.08
"15561",7,93.14
"15065",4,93.26
"17856",3,93.31
"13145",6,93.34
"17955",5,93.36
"18179",7,93.43
"13867",2,93.47
"13310",4,93.50
"14513",5,93.55
"14276",6,93.64
"14163",4,93.73
"17781",1,93.84
"13414",5,93.96
"17299",5,93.97
"16555",5,94.01
"14145",6,94.02
"15684",2,94.05
"13190",2,94.07
"13540",2,94.10
"17356",4,94.24
"14346",4,94.24
"12802",4,94.25
"14522",7,94.28
"15215",6,94.34
"15798",2,94.44
"14565",4,94.49
"16418",4,94.50
"12857",5,94.56
"13005",3,94.64
"16037",4,94.72
"13473",7,94.81
"16681",6,94.81
"12535",1,94.83
"12620",2,94.96
"14715",7,95.00
"17277",1,95.01
"14287",2,95.04
"16049",5,95.20
"18071",5,95.41
"15835",3,95.41
"16229",5,95.44
"13655",5,95.44
"17463",6,95.47
"15729",2,95.48
"17048",6,95.49
"14595",7,95.56
"18125",3,95.63
"13187",3,95.69
"13140",4,95.71
"16632",1,95.79
"15489",7,95.81
"14857",6,95.82
"12813",2,95.85
"17341",4,95.94
"16083",3,95.98
"15073",7,96.01
"15366",6,96.03
"14891",3,96.08
"18134",1,96.09
"15690",1,96.18
"16807",5,96.18
"15452",5,96.38
"15757",5,96.39
"14446",4,96.49
"17765",3,96.67
"17342",3,96.69
"13208",7,96.73
"17582",4,96.76
"15608",4,96.78
"13627",6,96.84
"13189",1,96.89
"17438",4,96.93
"12410",2,96.94
"15139",1,96.95
"14682",5,96.98
"18136",4,97.00
"16940",7,97.00
"13703",1,97.00
"16038",2,97.02
"13020",1,97.03
"14506",6,97.03
"16146",3,97.05
"16440",5,97.20
"13258",4,97.22
"14152",6,97.33
"16259",2,97.45
"16554",7,97.46
"16341",6,97.49
"18149",6,97.50
"12759",7,97.60
"17190",6,97.65
"12805",3,97.71
"16593",7,97.73
"16190",7,97.88
"15582",2,97.92
"12421",5,97.96
"12990",6,98.01
"14655",6,98.01
"13909",1,98.02
"17143",1,98.08
"13164",1,98.08
"13939",6,98.17
"15133",4,98.23
"16358",4,98.29
"15652",4,98.47
"14332",4,98.49
"14248",2,98.51
"16955",5,98.59
"13124",3,98.62
"12510",6,98.81
"16369",6,98.83
"13144",1,98.88
"12907",1,98.90
"13692",4,98.98
"13872",2,99.12
"13813",7,99.15
"14233",6,99.16
"17990",5,99.17
"16398",1,99.23
"16099",6,99.35
"18085",3,99.38
"17935",6,99.49
"16868",2,99.54
"18220",5,99.58
"15724",2,99.59
"14930",5,99.59
"15261",3,99.71
"17043",7,99.72
"12397",1,99.81
"16383",6,99.83
"12577",7,100.11
"16496",5,100.17
"13727",7,100.26
"17797",7,100.28
"16787",3,100.33
"15043",5,100.39
"18096",5,100.39
"12831",2,100.44
"15339",6,100.49
"13329",7,100.54
"12933",7,100.71
"16560",7,100.71
"15990",6,100.86
"17625",7,100.87
"12557",7,100.89
"16842",2,100.91
"16303",6,100.98
"12556",1,100.98
"13196",6,101.01
"14805",6,101.03
"15048",3,101.04
"16163",5,101.04
"17094",1,101.10
"13861",1,101.11
"16576",1,101.12
"15326",4,101.23
"17521",4,101.25
"17259",5,101.41
"14285",7,101.43
"14104",4,101.47
"17373",6,101.51
"14277",7,101.57
"15983",7,101.60
"14403",5,101.79
"16320",5,101.82
"16585",1,101.88
"12689",1,101.94
"15416",6,101.98
"13891",2,102.00
"16628",6,102.00
"16119",7,102.16
"18151",5,102.21
"15064",3,102.31
"14897",7,102.39
"16755",6,102.66
"13770",3,102.67
"14216",4,102.75
"13705",6,102.80
"12370",6,102.87
"14290",7,102.87
"13546",4,102.97
"12652",1,102.99
"16201",4,103.04
"14987",7,103.11
"16968",1,103.17
"17290",7,103.28
"13835",6,103.38
"15793",7,103.41
"15907",2,103.49
"12758",6,103.64
"16329",3,103.68
"17033",3,103.69
"14699",3,103.71
"17864",4,103.74
"12981",1,103.91
"13585",2,103.95
"14199",3,104.02
"17020",1,104.03
"12449",4,104.04
"18018",3,104.09
"15424",2,104.41
"17282",4,104.52
"14962",3,104.59
"12926",3,104.69
"13581",1,104.92
"16860",2,104.92
"17916",1,104.93
"16402",1,104.95
"13344",2,104.99
"16462",2,105.03
"13038",2,105.06
"12456",2,105.11
"16551",6,105.12
"17950",6,105.32
"15901",5,105.40
"13614",5,105.41
"13797",2,105.46
"16792",4,105.51
"14880",2,105.53
"16702",3,105.63
"12905",1,105.83
"15879",3,105.95
"15045",1,105.99
"12669",1,105.99
"13837",1,106.00
"13304",3,106.03
"16138",2,106.05
"12962",1,106.10
"14236",4,106.20
"13531",5,106.21
"13921",3,106.39
"12808",4,106.50
"12725",2,106.54
"14695",2,106.57
"13452",2,106.59
"17545",5,106.83
"12829",2,106.92
"15650",1,106.95
"13243",4,107.00
"17292",1,107.10
"14220",3,107.33
"12863",5,107.40
"14327",5,107.40
"16330",6,107.50
"13131",6,107.52
"13512",3,107.62
"15675",3,107.66
"17640",5,108.00
"16727",3,108.04
"18155",2,108.06
"14353",2,108.07
"14517",1,108.11
"17883",6,108.15
"18016",6,108.15
"17843",1,108.19
"12854",6,108.33
"18247",2,108.37
"17709",4,108.47
"14656",4,108.52
"14256",4,108.53
"13825",1,108.86
"18277",4,109.05
"17854",5,109.24
"14942",3,109.34
"12670",6,109.37
"13686",2,109.40
"14624",5,109.43
"12866",2,109.55
"12695",6,109.67
"13892",5,109.81
"14768",1,109.98
"16023",2,110.06
"13591",6,110.14
"14947",5,110.44
"13955",2,110.49
"14551",6,110.51
"13979",6,110.52
"13389",2,110.54
"16253",6,110.78
"12701",5,110.78
"12533",1,110.96
"17505",4,110.96
"15436",2,110.98
"15180",2,110.99
"12677",1,111.02
"16321",6,111.03
"13466",4,111.03
"14037",5,111.22
"17350",6,111.33
"14644",6,111.45
"17926",4,111.51
"18079",4,111.53
"17886",5,111.59
"13461",5,111.74
"13024",1,111.80
"18252",6,111.81
"17496",3,111.93
"13684",3,111.94
"12413",3,111.94
"12527",4,111.96
"13821",5,111.97
"12849",5,112.00
"14658",1,112.00
"13464",5,112.00
"14396",6,112.01
"16861",4,112.22
"13049",3,112.33
"14475",3,112.35
"13330",5,112.42
"17728",4,112.44
"12372",2,112.49
"15542",2,112.53
"15191",2,112.56
"13382",4,112.75
"16993",1,112.93
"12582",3,112.98
"12897",3,113.00
"17349",4,113.00
"14909",2,113.02
"16557",1,113.03
"16660",6,113.03
"14708",4,113.23
"14700",4,113.27
"16183",3,113.34
"16529",3,113.39
"13965",2,113.40
"16934",5,113.40
"18263",2,113.44
"12908",4,113.50
"15050",4,113.79
"17321",5,113.81
"14826",1,113.83
"15840",1,113.89
"16050",2,113.91
"17679",6,113.93
"17031",5,113.96
"14759",2,114.02
"14922",1,114.06
"12369",2,114.11
"14477",6,114.14
"15799",3,114.31
"13764",5,114.39
"13515",5,114.40
"16308",6,114.47
"15314",2,114.48
"13238",5,114.60
"15057",4,114.75
"17041",5,114.77
"14818",5,114.79
"17540",5,115.02
"15806",2,115.11
"14771",1,115.13
"13863",3,115.29
"17623",6,115.48
"14061",2,115.49
"16053",5,115.60
"16623",3,115.61
"12539",6,115.67
"13677",1,115.75
"17046",4,115.76
"13064",5,115.82
"16357",3,115.96
"17026",2,115.98
"15894",1,115.99
"15401",1,116.12
"16317",4,116.28
"17483",3,116.34
"15101",5,116.36
"15414",2,116.42
"14075",4,116.45
"14681",5,116.46
"16521",2,116.50
"13476",4,116.52
"16245",2,116.52
"18017",3,116.68
"17212",2,116.72
"18280",1,116.75
"15665",4,116.75
"13663",4,116.81
"16624",1,116.93
"17095",6,117.00
"12585",1,117.03
"15462",3,117.04
"13055",3,117.09
"12942",2,117.11
"15814",5,117.35
"17320",5,117.38
"13936",2,117.38
"13573",5,117.39
"15774",5,117.59
"15449",2,117.59
"13823",6,117.64
"15620",3,117.68
"13425",4,117.78
"14958",5,117.79
"17734",5,117.79
"17731",5,117.82
"18259",6,117.86
"14662",6,117.97
"15485",6,117.98
"17005",1,118.00
"14990",1,118.02
"13395",2,118.04
"17672",5,118.21
"13192",5,118.25
"13462",4,118.27
"12977",3,118.34
"13453",2,118.42
"18002",3,118.66
"14286",6,118.68
"14478",3,118.70
"13889",5,118.76
"14610",1,118.79
"18268",5,118.87
"18282",1,118.92
"14599",1,118.95
"14162",1,118.96
"14605",3,119.00
"14068",3,119.08
"13221",1,119.15
"17311",5,119.21
"14577",6,119.34
"18194",5,119.58
"17155",6,119.84
"17860",3,119.94
"13762",4,119.97
"13226",1,120.03
"17801",2,120.06
"12825",1,120.15
"15363",1,120.16
"13285",5,120.19
"14320",4,120.23
"12917",5,120.42
"13957",2,120.49
"14105",4,120.51
"12360",5,120.65
"14053",3,120.71
"16292",4,120.74
"13679",2,120.90
"13544",5,121.00
"17115",6,121.02
"17326",1,121.06
"15272",5,121.19
"14166",1,121.19
"13761",5,121.22
"13736",6,121.36
"17631",6,121.47
"17768",6,121.51
"17951",3,121.63
"18188",5,121.64
"14202",2,121.64
"12454",3,121.66
"16892",6,121.66
"18154",4,121.83
"18271",1,121.92
"13292",4,121.95
"17978",3,122.01
"14690",3,122.05
"17871",4,122.22
"12635",3,122.34
"13696",2,122.41
"15917",4,122.46
"16300",2,122.53
"15786",4,122.54
"15488",4,122.72
"15276",3,122.73
"16469",4,122.74
"15530",4,122.76
"13616",1,122.92
"16089",1,122.92
"14862",1,122.95
"16080",3,122.95
"16927",2,122.98
"17571",4,123.03
"13029",4,123.20
"17827",5,123.22
"17256",4,123.25
"16885",3,123.34
"17746",3,123.36
"17237",3,123.38
"16012",4,123.52
"16804",2,123.52
"15092",2,123.53
"13333",2,123.58
"12468",4,123.77
"13787",5,123.82
"16825",4,123.99
"14323",1,124.00
"13740",4,124.23
"17034",4,124.27
"13220",4,124.28
"15945",3,124.33
"16833",5,124.39
"15055",2,124.40
"13729",2,124.41
"13989",4,124.47
"12870",2,124.48
"16430",5,124.82
"16647",3,124.94
"13948",3,124.97
"13846",3,125.03
"14306",5,125.20
"16882",2,125.35
"16511",5,125.39
"12541",2,125.52
"17760",5,125.59
"16364",1,125.87
"13529",1,125.89
"16639",3,125.93
"17354",3,125.96
"17004",3,125.98
"14729",2,125.98
"16471",3,125.99
"12438",1,126.00
"16445",3,126.00
"17081",5,126.00
"13500",3,126.03
"14398",1,126.08
"16589",3,126.33
"16690",3,126.33
"13168",4,126.48
"12389",2,126.53
"17222",5,126.59
"16848",3,126.63
"15525",3,126.70
"17122",3,126.74
"13626",1,126.75
"14421",5,126.82
"16254",2,126.95
"15146",1,126.96
"16096",3,126.97
"16121",4,127.02
"14011",1,127.08
"13371",1,127.09
"12631",5,127.19
"15223",4,127.25
"15389",4,127.29
"17703",3,127.66
"18022",4,127.74
"18127",3,128.00
"15711",1,128.00
"12391",5,128.22
"14481",4,128.23
"14013",4,128.30
"12625",3,128.31
"14431",3,128.33
"12424",3,128.62
"14754",5,129.21
"17047",5,129.24
"13282",3,129.35
"15584",5,129.39
"13474",2,129.48
"14508",4,129.57
"14712",3,129.64
"16134",4,129.75
"12716",1,129.81
"17847",1,129.88
"13619",1,129.89
"15969",4,129.98
"14253",1,129.99
"16287",4,129.99
"13405",4,130.02
"13299",2,130.03
"16374",4,130.52
"16619",3,130.61
"16916",3,130.66
"16552",1,130.89
"14355",2,130.94
"15257",1,130.95
"17440",3,130.96
"17666",4,130.97
"13972",1,131.01
"13166",1,131.03
"17923",2,131.03
"13820",2,131.03
"13946",5,131.22
"14389",4,131.25
"18190",4,131.28
"18173",4,131.51
"12435",5,131.56
"14000",4,131.57
"15563",5,131.61
"12361",3,131.66
"13444",1,131.94
"18074",1,131.97
"17763",3,132.00
"16354",4,132.01
"17643",1,132.06
"13516",3,132.06
"14009",2,132.08
"12994",2,132.15
"12589",5,132.18
"15067",4,132.22
"14737",3,132.32
"15676",2,132.55
"14555",5,132.84
"12363",1,132.87
"16749",1,132.96
"15831",2,132.97
"13417",5,132.97
"13502",4,133.00
"15014",1,133.02
"13675",1,133.03
"16730",2,133.50
"18215",4,133.53
"14463",3,133.72
"17446",1,133.83
"16309",1,134.16
"15842",1,134.21
"17064",2,134.38
"14024",2,134.51
"12787",3,134.58
"13373",5,134.59
"16147",4,134.72
"13760",4,134.78
"17492",2,135.04
"14489",3,135.07
"17298",4,135.08
"15212",1,135.13
"17584",5,135.27
"17255",3,135.28
"13439",2,135.49
"14859",4,135.51
"14984",5,135.61
"15714",4,135.99
"14727",2,136.03
"14501",1,136.05
"16411",3,136.31
"14130",3,136.33
"16495",2,136.43
"14953",3,136.70
"16788",4,136.77
"16563",5,136.94
"16947",3,136.98
"18078",3,136.98
"13569",3,137.00
"12798",3,137.05
"18276",5,137.15
"17695",4,137.26
"14967",5,137.37
"16898",4,137.54
"17816",5,137.57
"12560",1,137.92
"15870",3,137.92
"17876",2,137.96
"16777",4,138.01
"17082",5,138.23
"15695",3,138.30
"16124",3,138.39
"15053",2,138.50
"18193",2,138.51
"12875",4,138.53
"17414",5,138.56
"12458",3,138.73
"17018",5,138.81
"13171",2,138.92
"12956",3,139.29
"14643",4,139.53
"17076",5,139.85
"15651",4,139.95
"13465",1,139.99
"16441",4,140.00
"17023",2,140.01
"15192",4,140.02
"15781",2,140.12
"16148",1,140.16
"15782",3,140.27
"13427",5,140.59
"15406",3,140.67
"12578",3,140.70
"15111",4,140.79
"15384",3,140.98
"14566",3,141.01
"14707",1,141.02
"13501",2,141.12
"13606",2,141.13
"17601",1,141.15
"14471",1,141.20
"13455",5,141.22
"15850",5,141.41
"17759",4,141.55
"13895",5,141.63
"14904",3,141.67
"17555",4,141.71
"13917",1,141.88
"14966",5,141.99
"14549",3,142.00
"15797",4,142.04
"12810",1,142.04
"16616",1,142.12
"16382",1,142.15
"16567",1,142.18
"12592",3,142.35
"13334",4,142.53
"16385",4,142.75
"17371",5,142.81
"13754",2,142.92
"14839",2,142.93
"16691",1,143.01
"14869",5,143.01
"13541",1,143.02
"13849",4,143.24
"13080",3,143.36
"13894",2,143.43
"16372",4,143.48
"14912",4,143.50
"17830",2,143.55
"15197",5,143.58
"13656",3,143.63
"15577",4,143.76
"15252",4,143.78
"13589",5,143.81
"14168",1,143.93
"14173",5,143.99
"17242",4,144.05
"15734",3,144.28
"17051",3,144.66
"13276",4,144.74
"18001",5,145.00
"14998",3,145.02
"18048",2,145.04
"14326",2,145.06
"17025",4,145.20
"16584",4,145.28
"13434",4,145.30
"13361",1,145.30
"14853",4,145.33
"14379",3,145.35
"13156",2,145.49
"14126",3,145.62
"17472",3,145.69
"13402",3,145.73
"13311",1,145.94
"15822",5,146.00
"16392",2,146.02
"13122",1,146.07
"16286",1,146.20
"12616",2,146.58
"15484",5,146.60
"12915",3,146.89
"16620",5,146.98
"16693",4,146.98
"17105",1,147.05
"17310",1,147.18
"13503",4,147.50
"14628",4,148.00
"15289",4,148.02
"17984",4,148.29
"17142",3,148.37
"12434",2,148.48
"18057",2,148.59
"14672",3,148.65
"14038",4,148.80
"17430",3,148.97
"13101",3,148.98
"13980",4,148.99
"16772",2,149.05
"16021",1,149.15
"15198",4,149.30
"15791",4,149.51
"18218",3,149.63
"13753",3,149.70
"17534",4,149.71
"13566",4,149.75
"15944",3,149.97
"17221",4,149.98
"12865",3,150.03
"12507",3,150.11
"16895",4,150.26
"16888",2,150.49
"16784",4,150.49
"17376",3,150.69
"16532",4,150.76
"15847",4,150.81
"15126",1,150.81
"12379",3,150.96
"13598",4,151.03
"12547",2,151.47
"14425",2,151.48
"13652",4,151.66
"16159",3,151.68
"12733",3,151.71
"14181",1,151.83
"12886",1,151.95
"12465",1,152.12
"17158",4,152.49
"17327",1,152.94
"18275",1,152.97
"14296",1,152.99
"18049",1,153.04
"13175",1,153.04
"16780",2,153.43
"14302",2,153.50
"17642",4,153.68
"12394",1,153.75
"12987",4,153.77
"17489",1,153.89
"13976",3,153.95
"13545",1,153.98
"15807",4,153.99
"17741",1,153.99
"13778",3,154.03
"12904",1,154.05
"17807",2,154.55
"14538",4,154.70
"16952",4,154.74
"14026",1,154.85
"16031",1,154.95
"14611",1,154.96
"16412",4,154.99
"16227",2,155.00
"16769",3,155.03
"16838",3,155.30
"17159",4,155.96
"15921",3,156.00
"14372",1,156.01
"12542",1,156.12
"18060",1,156.34
"15123",4,156.54
"14157",4,156.69
"17361",4,156.76
"14775",2,156.98
"15008",1,157.08
"16054",3,157.26
"16595",4,157.51
"14550",3,157.67
"17189",4,157.83
"17917",2,158.53
"15246",2,158.57
"15958",3,158.70
"15364",1,158.84
"15071",3,158.99
"16110",3,159.02
"16795",2,159.02
"17266",4,159.54
"15137",1,159.75
"14985",1,159.78
"14479",3,159.93
"16014",4,159.99
"15636",3,160.00
"15741",1,160.18
"15691",3,160.32
"17553",3,160.34
"13919",3,160.40
"17898",3,160.63
"14279",1,160.67
"12346",2,160.94
"16244",1,160.94
"17184",1,161.00
"15418",1,161.09
"13579",4,161.20
"14960",1,162.97
"16472",1,163.09
"14413",2,163.48
"16101",3,163.63
"17035",3,163.68
"16017",4,164.01
"16485",4,164.04
"14097",1,164.15
"16864",1,164.18
"14193",2,164.44
"18160",2,164.49
"17853",2,164.51
"15018",2,164.54
"15451",1,164.98
"16518",3,165.02
"14115",1,165.04
"17166",1,165.06
"17413",1,165.06
"17353",3,165.06
"13602",3,165.33
"14139",3,165.39
"14122",2,165.52
"16256",2,165.54
"18217",3,165.63
"15865",4,165.74
"18101",4,165.75
"16852",1,165.90
"13151",2,166.04
"15181",4,166.20
"15022",4,166.46
"16384",3,166.96
"15441",2,167.02
"13601",3,167.03
"14885",2,167.04
"14875",2,167.04
"17649",2,167.06
"14265",3,167.65
"17134",2,167.82
"15637",4,167.90
"13154",2,168.15
"16414",4,168.24
"13262",2,168.56
"13666",4,168.80
"12406",4,168.81
"12874",1,169.11
"13487",4,169.27
"14722",2,169.53
"14272",3,169.61
"17194",1,169.95
"12492",2,170.01
"14725",3,170.02
"15852",2,170.02
"17244",4,170.04
"16344",3,170.05
"18066",2,170.08
"14452",3,170.32
"15186",4,170.55
"17999",2,170.56
"15468",2,170.59
"15826",3,170.65
"14020",3,170.92
"15461",1,170.99
"18043",2,171.00
"14921",1,171.02
"15543",1,171.17
"17764",4,171.46
"15878",1,171.99
"15149",3,172.00
"12665",2,172.36
"17418",2,172.49
"12418",3,172.62
"16367",2,173.00
"17594",3,173.11
"15626",2,173.35
"13034",2,173.44
"17423",2,173.52
"15512",3,173.62
"17556",1,173.74
"17198",2,173.91
"15163",1,173.91
"12516",3,173.93
"14304",2,174.02
"16193",1,174.06
"15863",4,174.28
"15573",4,174.47
"15869",2,174.51
"17421",2,174.53
"15076",2,174.88
"14679",2,174.89
"16211",2,174.93
"15446",2,174.96
"12427",2,174.96
"16808",1,175.02
"15210",2,175.03
"15956",1,175.08
"12694",2,175.36
"17408",2,175.48
"15070",2,175.95
"17878",2,175.95
"17773",1,175.98
"16006",1,176.05
"14080",4,176.21
"14920",2,176.40
"16714",2,176.55
"16643",1,176.94
"15494",4,176.94
"15393",4,176.99
"18034",2,177.00
"14981",1,177.11
"17934",2,177.48
"12871",2,177.59
"17771",3,177.64
"12876",3,177.65
"16884",3,177.66
"16036",3,177.67
"13217",3,177.70
"18181",4,177.75
"14375",2,177.98
"13792",2,178.07
"16836",3,178.29
"13669",2,178.38
"17226",2,178.44
"15872",3,178.63
"15287",4,178.78
"13035",2,178.86
"18196",3,179.02
"17998",2,179.05
"15886",3,179.32
"16139",4,179.45
"16386",2,179.52
"15900",3,179.68
"18112",3,179.70
"13070",3,179.99
"16569",4,180.00
"17852",4,180.00
"17329",4,180.48
"17084",2,180.51
"16913",2,180.52
"17325",2,180.53
"14148",1,180.91
"17251",2,181.01
"12373",2,181.02
"17411",4,181.02
"17804",2,181.03
"16284",2,181.06
"15074",2,181.06
"14778",1,181.15
"15094",1,181.17
"16442",4,181.26
"15157",4,181.47
"13803",2,181.56
"14784",2,181.58
"13338",3,181.95
"16716",2,181.98
"13067",2,182.00
"12604",1,182.08
"12648",3,182.24
"13253",3,182.30
"16108",3,182.30
"17468",2,182.46
"12358",4,182.53
"17436",4,182.75
"17880",2,182.88
"12958",1,183.00
"14301",3,183.03
"12991",2,183.04
"17991",2,183.07
"13878",3,183.31
"15269",2,183.43
"13165",2,183.46
"12785",2,183.50
"14271",1,183.82
"16805",3,183.95
"17749",2,184.02
"13365",1,184.03
"13807",2,184.06
"13605",1,184.06
"12545",1,184.07
"17962",3,184.32
"13584",2,184.59
"16399",2,185.02
"17658",1,185.86
"13763",2,185.95
"17542",2,185.99
"14339",1,186.09
"18084",2,186.12
"15951",2,186.30
"13161",1,187.05
"15562",2,187.39
"13548",2,187.52
"14338",2,187.58
"18141",1,187.84
"16140",2,188.00
"12844",3,188.02
"12644",3,188.30
"16824",2,189.01
"12653",2,189.02
"16863",2,189.11
"17286",2,189.48
"16282",2,189.50
"13278",3,190.00
"17941",3,190.57
"14412",2,190.96
"17772",2,190.99
"12596",1,190.99
"13657",1,191.00
"16424",1,191.09
"17579",3,191.31
"18203",3,191.33
"17608",3,191.33
"13308",3,191.34
"17495",2,191.51
"15068",3,191.69
"17246",1,191.79
"12504",3,192.74
"12880",1,192.95
"14761",2,192.95
"16903",2,193.02
"15713",3,193.39
"16586",2,193.46
"13045",2,193.54
"13283",3,193.60
"14427",3,193.73
"15469",2,194.13
"18011",1,194.17
"15957",2,194.50
"12639",2,194.58
"15504",3,194.68
"12371",3,195.23
"16343",2,195.57
"15265",3,195.63
"12898",1,195.81
"17518",1,195.96
"13565",2,195.97
"18273",3,196.01
"13363",2,196.03
"14240",2,196.52
"15303",2,196.59
"14924",2,196.93
"17397",2,197.02
"13744",1,197.05
"18270",2,197.07
"14491",1,197.13
"14420",3,197.41
"16614",2,197.92
"12673",2,198.07
"17254",2,198.47
"13207",3,198.98
"13484",2,199.10
"16278",2,199.53
"16024",2,199.54
"15280",2,199.56
"12873",2,199.61
"15664",3,199.64
"13780",2,199.87
"16778",1,199.94
"13008",2,199.96
"13587",3,199.99
"17664",3,200.59
"14716",2,200.61
"14569",3,200.71
"16117",2,201.00
"16136",3,201.28
"14133",3,201.33
"15154",2,201.47
"13300",2,202.44
"13514",3,202.92
"14997",3,203.02
"13859",1,203.03
"14890",2,203.06
"15645",2,203.48
"16468",2,203.52
"17513",2,203.53
"16071",3,203.62
"13918",1,203.76
"16990",1,203.87
"14238",2,204.08
"12353",1,204.21
"13406",1,204.30
"12703",3,204.41
"15748",2,204.42
"14756",2,204.63
"17201",3,204.66
"16039",1,204.81
"15784",1,204.83
"16642",2,205.44
"17123",2,205.48
"16573",1,205.75
"16315",1,205.92
"12800",1,206.13
"13000",3,206.25
"13233",3,206.66
"15143",1,206.92
"13962",2,206.96
"15677",2,207.07
"15247",2,207.47
"17339",2,207.51
"16519",3,207.69
"14847",2,207.97
"16961",2,207.98
"14473",1,208.05
"15948",2,208.07
"15803",3,208.31
"17330",3,208.33
"14470",2,209.46
"15599",2,209.53
"15124",3,209.66
"16246",1,209.98
"16608",1,209.99
"13083",2,210.53
"17694",2,210.57
"16545",1,211.00
"13404",1,211.15
"16149",2,212.41
"13046",2,212.91
"15564",1,213.00
"13800",2,213.55
"16568",1,213.84
"16856",2,213.91
"17531",2,214.13
"13672",2,214.55
"16723",3,214.66
"16276",2,215.45
"18191",1,215.77
"16667",1,216.10
"13992",2,216.46
"16368",2,216.54
"15254",2,216.60
"14926",1,216.88
"16212",3,216.97
"15466",3,217.02
"17603",3,217.06
"14237",1,217.14
"13814",2,217.49
"14819",3,217.97
"17163",3,217.98
"12790",1,218.05
"15792",1,218.94
"12717",2,219.50
"17783",2,220.07
"17497",1,220.26
"14552",2,220.48
"15918",2,220.50
"14714",3,221.02
"12781",1,221.08
"16340",2,222.03
"12842",3,222.43
"16275",2,222.46
"17110",2,222.49
"14687",2,222.53
"17733",1,222.93
"14544",2,222.98
"15888",2,223.01
"16854",1,223.08
"13635",3,223.68
"17462",1,223.87
"18080",1,223.91
"17384",2,224.00
"14877",1,224.03
"14484",3,224.04
"15992",2,224.98
"17478",1,225.03
"14670",2,226.00
"18040",1,226.25
"16310",1,227.96
"16810",1,228.00
"13582",1,228.00
"13294",2,228.42
"18053",2,228.43
"16830",3,229.33
"14295",3,230.04
"17464",2,230.50
"12763",1,230.93
"16018",3,231.00
"18262",2,231.15
"13252",1,231.23
"15184",3,231.36
"16829",1,231.69
"17786",1,231.93
"13023",2,232.14
"14636",1,232.26
"18006",3,233.06
"13937",1,233.17
"16732",3,233.29
"13525",1,233.85
"16461",2,234.46
"12809",2,234.93
"15678",2,234.93
"16366",3,234.97
"17624",3,234.98
"17960",2,235.04
"12586",3,235.38
"13781",2,235.42
"15639",2,235.53
"15428",3,235.65
"14480",3,235.67
"15077",1,235.75
"14108",3,235.90
"12920",3,235.99
"13388",2,236.05
"13307",2,236.08
"17176",2,237.93
"16596",3,237.96
"17561",3,237.99
"14423",2,238.07
"15121",1,238.09
"14043",1,238.10
"14645",2,238.95
"15403",1,238.98
"17557",3,239.37
"16109",2,239.97
"16677",1,240.95
"14400",2,241.08
"18108",2,241.52
"14995",1,241.93
"18063",1,242.90
"14023",1,242.92
"14865",3,243.67
"17680",2,243.93
"18123",2,244.53
"14219",2,244.54
"15109",2,244.95
"13833",1,244.97
"14204",3,245.00
"16524",1,245.01
"14128",2,245.46
"16680",2,245.67
"12770",1,245.91
"13109",2,245.94
"17901",2,246.14
"18286",1,247.05
"13275",1,248.92
"15689",2,248.99
"13377",1,249.09
"13169",2,249.42
"14014",2,249.59
"13967",1,250.94
"13255",2,251.50
"13428",2,252.02
"17536",2,252.53
"14972",1,252.94
"16450",2,253.42
"12440",1,255.05
"17205",2,255.44
"12923",2,255.53
"17785",2,256.01
"15454",1,256.05
"13398",1,256.15
"13904",1,257.10
"17250",1,257.81
"13899",1,258.17
"16932",2,259.00
"14807",1,259.05
"15670",1,259.80
"17169",2,260.45
"14022",1,261.21
"15012",2,261.51
"16447",2,262.47
"17270",1,262.87
"17928",2,262.97
"13480",1,262.97
"16178",1,263.05
"13773",1,263.06
"16166",1,263.06
"14902",2,263.96
"13513",2,264.40
"12672",1,265.97
"15084",1,266.05
"18227",1,266.82
"15478",2,267.41
"17258",1,268.87
"13103",2,268.89
"17181",2,269.07
"16921",2,269.52
"14840",1,271.85
"17499",1,271.97
"16448",1,272.98
"14142",1,273.06
"16648",2,273.88
"17537",1,273.89
"16185",2,273.97
"15471",2,274.04
"18189",2,274.06
"15041",1,274.13
"13010",1,274.15
"12792",1,278.03
"17711",1,279.01
"12588",2,279.06
"15480",2,279.99
"13106",1,280.08
"12374",2,281.53
"12497",2,281.56
"15978",2,283.51
"14324",1,283.93
"12462",1,284.77
"12349",2,285.43
"13194",1,285.88
"14365",1,287.01
"17309",2,288.99
"14520",1,289.02
"15097",2,289.49
"17547",1,289.80
"15362",1,290.06
"13396",1,290.14
"13710",2,290.40
"15994",2,290.51
"17866",2,291.40
"16601",2,291.45
"15423",2,291.51
"18246",2,293.03
"16574",2,293.54
"15196",1,293.98
"12925",2,294.01
"17674",1,294.14
"16978",2,294.42
"14788",2,294.48
"16846",2,294.54
"13135",1,294.73
"15970",1,295.03
"12739",1,295.14
"14619",1,295.71
"17182",1,295.78
"17070",1,296.04
"16781",1,297.02
"17433",1,297.03
"15630",2,299.52
"17187",1,299.92
"16583",1,299.99
"15244",2,300.47
"17335",1,300.96
"14564",1,300.98
"13877",2,301.60
"17647",2,302.02
"15091",2,303.52
"14851",2,303.55
"15884",1,303.90
"14893",2,304.07
"14495",2,304.58
"15211",1,304.89
"15659",2,304.91
"16281",2,305.03
"15709",1,305.67
"14986",1,307.98
"14055",2,308.50
"15766",2,309.02
"13068",1,309.28
"17011",2,310.58
"14284",2,311.42
"14838",1,313.25
"13897",2,313.51
"12789",2,314.03
"14940",1,315.79
"16415",2,316.02
"15545",1,316.83
"15135",1,317.24
"16406",2,317.50
"15385",2,318.54
"15988",2,318.54
"16413",1,318.97
"12944",1,319.02
"16135",1,321.12
"13600",1,321.92
"14647",1,322.01
"14935",1,322.12
"13817",1,322.25
"16451",2,323.88
"17172",2,323.95
"17278",1,323.97
"14150",1,324.00
"13706",1,324.00
"14314",1,324.11
"13733",1,324.87
"14311",1,324.99
"15445",1,326.00
"14894",2,326.07
"16141",1,328.96
"18058",2,328.98
"12580",1,329.94
"18056",1,330.08
"18278",1,330.99
"15566",1,331.89
"17776",1,336.89
"16773",2,337.99
"13359",1,339.77
"17678",1,339.92
"13441",1,339.96
"17964",1,340.88
"17476",1,341.93
"13651",1,342.10
"14119",1,342.82
"16527",1,343.12
"15169",1,344.08
"17233",2,344.54
"13416",2,346.41
"13551",1,346.99
"16542",1,347.84
"16720",2,347.97
"15919",1,349.00
"13496",1,349.03
"12538",1,349.18
"17919",1,350.13
"16377",1,350.21
"18212",1,351.06
"15986",1,351.22
"16887",2,351.51
"16602",1,352.28
"13403",2,352.90
"14494",2,352.92
"12355",1,353.08
"16204",2,353.92
"14448",1,354.85
"16776",1,355.04
"12357",1,355.25
"16917",1,355.85
"15158",1,356.00
"15683",1,356.04
"14212",1,356.04
"12475",1,356.06
"13375",1,356.09
"13030",1,357.00
"18156",1,357.00
"13721",1,358.84
"16936",1,359.97
"16739",1,359.99
"17274",1,360.05
"15243",1,360.86
"17248",1,361.07
"15989",1,361.84
"15448",1,361.88
"16198",1,362.04
"13639",1,362.15
"13607",1,362.19
"14762",1,362.70
"13927",1,362.83
"12890",1,363.14
"15503",1,363.97
"14806",1,363.99
"14382",1,363.99
"14975",1,364.00
"13712",1,364.05
"15540",1,364.11
"13519",1,364.28
"14497",1,364.29
"12847",1,365.02
"13177",1,365.97
"14594",1,365.98
"15634",1,366.04
"17458",1,366.05
"14087",2,366.44
"16491",1,366.78
"18255",1,366.86
"17480",1,366.96
"12974",1,367.91
"12945",1,367.96
"15341",1,368.71
"12864",1,369.82
"12425",1,370.14
"17977",1,370.96
"14052",1,371.04
"13302",1,371.23
"14675",1,372.03
"17171",1,372.19
"15368",1,372.95
"14753",1,373.16
"12514",1,374.18
"16988",1,374.28
"15598",1,374.28
"15458",1,376.72
"17111",1,378.03
"15437",1,378.10
"15277",1,378.75
"17789",1,380.00
"16433",1,380.07
"16535",1,380.10
"12851",1,380.89
"13689",1,381.12
"16323",1,381.21
"13245",1,381.90
"13745",1,383.98
"17038",1,384.91
"17219",1,385.00
"17217",1,385.16
"16078",1,385.85
"15775",1,386.23
"15405",1,386.95
"14908",1,388.85
"14929",1,389.21
"15322",1,390.85
"14957",1,391.30
"18110",1,391.93
"17715",1,392.01
"17767",1,394.93
"13699",1,395.16
"13482",1,395.27
"17510",1,395.99
"12837",1,396.04
"15042",1,396.10
"18281",1,397.00
"12821",1,397.03
"12445",1,398.26
"13508",1,399.00
"14381",1,399.04
"17022",1,401.28
"15006",1,402.09
"16222",1,402.96
"13832",1,403.04
"15773",1,403.89
"15552",1,405.94
"15857",1,411.82
"17718",1,412.23
"17040",1,412.80
"16526",1,412.81
"15256",1,413.00
"12519",1,413.05
"17403",1,414.12
"15837",1,420.95
"14873",1,423.13
"14968",1,428.02
"12378",1,432.85
"13594",1,433.00
"16345",1,438.95
"16834",1,446.80
"17383",1,449.11
"15127",1,454.02
"14436",1,454.95
"14483",1,455.01
"14208",1,456.98
"15264",1,466.01
"12426",1,468.16
"15396",1,471.08
"12403",1,471.97
"15219",1,472.23
"16715",1,484.24
"17245",1,484.79
"18042",1,488.04
"15374",1,495.91
"14459",1,496.01
"13739",1,509.13
"12953",1,512.82
"14241",1,512.86
"14793",1,513.91
"12784",1,513.99
"15432",1,518.08
"13583",1,523.87
"16737",1,524.13
"14598",1,525.01
"15720",1,525.96
"14581",1,527.87
"15216",1,531.08
"13974",1,532.87
"14474",1,533.05
"15025",1,535.08
"17805",1,536.88
"16763",1,539.85
"15597",1,540.01
"17514",1,541.07
"14039",1,542.15
"16454",1,547.04
"14537",1,565.88
"15603",1,569.75
"16847",1,575.00
"15524",1,582.12
"17660",1,595.90
"16641",1,596.02
"18174",1,596.19
"16666",1,601.95
"17301",1,603.02
"12638",1,606.11
"17958",1,611.86
"14171",1,632.12
"17359",1,636.99
"12531",1,671.87
"17344",1,682.02
"14799",1,686.21
"16127",1,687.07
"14954",1,690.91
"13091",1,701.13
"15115",1,714.15
