"customer_id","distinct_families_purchased"
"14911",2348
"12748",2138
"17841",1923
"14156",1368
"14298",1255
"14606",1160
"14096",1073
"14646",941
"14505",841
"13089",834
"16549",808
"14769",805
"15311",799
"13694",757
"13081",697
"17920",678
"17611",666
"15998",655
"14159",654
"17511",641
"15555",634
"13230",620
"15547",610
"13137",606
"16984",603
"16033",594
"17589",583
"18069",577
"13174",572
"15498",571
"14030",568
"14535",567
"14527",566
"14456",560
"17338",554
"16782",551
"14049",550
"13069",549
"15005",548
"17448",547
"17965",546
"14667",540
"13451",539
"15039",530
"16938",525
"16686",522
"16710",522
"17811",521
"15581",521
"16713",514
"14044",511
"15867",509
"17346",501
"17364",488
"13050",487
"12415",486
"14461",486
"13869",483
"13263",480
"15150",477
"16241",471
"17231",471
"17377",469
"15023",468
"17238",465
"13969",463
"17961",459
"14796",458
"16904",456
"13564",455
"17954",451
"18041",450
"14085",449
"15984",449
"16931",449
"17799",449
"12681",444
"15529",442
"16161",440
"14701",440
"13148",440
"17139",440
"14895",436
"14415",435
"14081",435
"14426",433
"15570",429
"15719",429
"17602",429
"15571",429
"14194",426
"15861",425
"16923",423
"18118",422
"13975",418
"14088",417
"14534",417
"14593",413
"15034",411
"17428",411
"15727",409
"17337",408
"15281",407
"16072",405
"15768",404
"17576",404
"17625",403
"12714",403
"13004",402
"16395",399
"17706",399
"16655",397
"15862",397
"13018",396
"15443",396
"17220",394
"17372",391
"12957",391
"14546",390
"16705",389
"15532",387
"13668",387
"15910",386
"17085",384
"15159",384
"17735",383
"17758",382
"17365",382
"16746",380
"15750",379
"13772",378
"12472",376
"17865",374
"13097",374
"17581",373
"16791",371
"15856",369
"17107",368
"13206",368
"17315",367
"15271",366
"16558",366
"13488",365
"16049",364
"18102",363
"12474",362
"16283",362
"12567",359
"14649",357
"14502",357
"17757",355
"13735",354
"12476",353
"12867",352
"16360",352
"15786",349
"17530",347
"15752",344
"16242",342
"14329",342
"16110",342
"18283",342
"12540",342
"13044",341
"16200",340
"17675",340
"13319",340
"15021",339
"15358",339
"12949",338
"14583",337
"13979",337
"12621",336
"15808",336
"12451",336
"14016",335
"17677",335
"16940",335
"14146",332
"17019",331
"17400",330
"16595",330
"17716",330
"14525",330
"13680",330
"15044",328
"15834",327
"16960",326
"17769",326
"18245",326
"15805",325
"16788",325
"14702",325
"15993",323
"14800",323
"15296",322
"15622",322
"16891",322
"17348",321
"14961",321
"15426",320
"16007",320
"17059",320
"13418",320
"12682",320
"17243",318
"14056",318
"16409",318
"14040",318
"14572",317
"14669",316
"13408",315
"17861",314
"12484",314
"14704",313
"17340",312
"13838",312
"14277",312
"14730",312
"13448",311
"15033",310
"15382",310
"17416",309
"12921",308
"14395",308
"13736",308
"16393",308
"15601",307
"16843",306
"16910",306
"13521",306
"17049",306
"12705",305
"14710",304
"14422",304
"17609",303
"18055",301
"13610",301
"16005",300
"12359",300
"15640",299
"18022",298
"12841",297
"16712",297
"16795",296
"14963",295
"16133",295
"15967",293
"15494",293
"15059",292
"12637",290
"17593",290
"13709",289
"15249",289
"13334",289
"14410",289
"17813",288
"17884",288
"17126",287
"17585",286
"14449",286
"18226",286
"16797",285
"13001",285
"15356",284
"13373",284
"13764",283
"18116",282
"13209",282
"13458",282
"13013",282
"17571",282
"18096",281
"15615",281
"12477",280
"16470",279
"13468",278
"12378",278
"17284",277
"14648",277
"14849",276
"17686",276
"13141",276
"12970",276
"17774",274
"15513",274
"16340",274
"14493",273
"12433",273
"16918",273
"15755",272
"16771",272
"16556",271
"12836",271
"14723",270
"16717",270
"15353",269
"14498",269
"16374",269
"12539",269
"17974",268
"16327",268
"17449",268
"16550",268
"15493",267
"13357",267
"14031",267
"12437",266
"13901",266
"12417",265
"13715",265
"15858",265
"17931",265
"14684",265
"14367",264
"13527",264
"17191",263
"13031",263
"14530",262
"17287",262
"14653",261
"16700",261
"16779",260
"14071",260
"15194",260
"13198",260
"15850",260
"14936",260
"12720",260
"13555",259
"12749",259
"17802",259
"17092",259
"17084",259
"18225",258
"16372",258
"17596",258
"12536",258
"14286",258
"15572",257
"14099",257
"13571",257
"15874",257
"15167",257
"15976",256
"13654",256
"13015",255
"16121",254
"15674",254
"12668",254
"13268",253
"13566",253
"13634",253
"12577",252
"12357",252
"12471",252
"16258",251
"16670",251
"12766",251
"13615",251
"16170",250
"14446",250
"16873",250
"15272",249
"15898",249
"16520",248
"16391",248
"16019",246
"13590",246
"17426",246
"18145",245
"15518",245
"16814",244
"14524",243
"14057",243
"15889",243
"12428",243
"14506",243
"14766",243
"13394",242
"15321",240
"15164",240
"15641",240
"14291",240
"17218",239
"16085",239
"15436",238
"12481",238
"12744",238
"13269",237
"16794",237
"17975",237
"16279",237
"15046",237
"14432",237
"17700",237
"17321",237
"13983",237
"15003",236
"16497",235
"17504",235
"14227",234
"16474",234
"15860",234
"12431",233
"14562",233
"14451",233
"17068",233
"17690",232
"14154",232
"17550",232
"14175",232
"17288",232
"14952",231
"16813",230
"12683",230
"12757",230
"17091",230
"12626",229
"14243",229
"18122",229
"14553",229
"16511",228
"16945",228
"17827",228
"12391",227
"13952",227
"13599",227
"16326",227
"15301",227
"16081",226
"15031",226
"15427",226
"13614",225
"16725",225
"16255",225
"12838",225
"17921",224
"15502",224
"16115",224
"13246",223
"12933",222
"12517",222
"14903",221
"16442",221
"15058",221
"16898",220
"16059",220
"14994",219
"16729",219
"17463",219
"13659",219
"16456",218
"17797",218
"17913",218
"13259",218
"16919",218
"12647",218
"14711",218
"15950",218
"16383",218
"17138",217
"15179",217
"13755",217
"12633",217
"16709",216
"15051",216
"17994",216
"16592",215
"15955",215
"18257",215
"13317",215
"13988",215
"14755",215
"13471",214
"14651",214
"16755",214
"15002",213
"15527",213
"14713",213
"16253",212
"13124",212
"16014",212
"17432",212
"13139",212
"13102",212
"17555",211
"17160",211
"13842",211
"14382",211
"12613",211
"16065",211
"14680",211
"16444",211
"16992",210
"18036",210
"12911",210
"12872",209
"13544",209
"15152",209
"16607",209
"16145",208
"17613",208
"13758",208
"17211",208
"18231",207
"16767",207
"18260",207
"15367",207
"17870",207
"16466",206
"13276",206
"16728",206
"16012",205
"16461",205
"15916",205
"17612",205
"15542",204
"15483",204
"16521",204
"15466",204
"14930",204
"18196",204
"17984",203
"14639",203
"16764",203
"17897",202
"16347",202
"14307",202
"18168",201
"17419",201
"13214",201
"17634",201
"16440",201
"16426",200
"17545",200
"16400",200
"17894",200
"18109",199
"12759",199
"13742",199
"14532",199
"14662",199
"16732",198
"18178",198
"14499",198
"16770",198
"12362",198
"15800",198
"16156",197
"14189",197
"15965",197
"16805",197
"13802",196
"14112",196
"17314",196
"14396",196
"13883",196
"13093",196
"13136",196
"17069",196
"17341",195
"12615",195
"13931",195
"13815",195
"15351",195
"14161",194
"17728",194
"13593",194
"14675",194
"12678",194
"14540",194
"15298",193
"16367",193
"14735",193
"16553",193
"14105",193
"17651",192
"13623",192
"13384",192
"16744",192
"17508",192
"12926",192
"12455",191
"15144",191
"15676",191
"14514",191
"16719",191
"17203",191
"17228",190
"16316",190
"15480",190
"14688",190
"12490",190
"17618",190
"14953",189
"14178",189
"14547",189
"15811",189
"14841",189
"15531",188
"14390",188
"15701",188
"17289",188
"18223",188
"13719",188
"15444",187
"14224",187
"16933",187
"15764",187
"12511",187
"13077",187
"12700",187
"17368",186
"15574",186
"15416",186
"18065",186
"14825",185
"16320",185
"13849",185
"17442",184
"13782",184
"13340",184
"15251",183
"13047",183
"16300",183
"12597",183
"15260",183
"16265",183
"17050",183
"16515",182
"14388",182
"13178",182
"17360",182
"14341",182
"17528",182
"14869",181
"15228",181
"15038",181
"15521",181
"14482",181
"13362",181
"16206",181
"18034",181
"13771",181
"14623",181
"13285",181
"13871",181
"16225",181
"12854",180
"14130",180
"12709",180
"16841",180
"17097",180
"17851",180
"13208",180
"17290",179
"14573",179
"15265",179
"17673",179
"18075",179
"12758",179
"17696",179
"14507",179
"17790",178
"14626",178
"17180",178
"14462",178
"14944",178
"15819",178
"15484",178
"17015",177
"14898",177
"16916",177
"16684",177
"14529",177
"14343",177
"13971",176
"16016",176
"13881",176
"15716",176
"17672",176
"13523",176
"16523",176
"13213",175
"16501",175
"16906",175
"16104",175
"15673",175
"15573",175
"16348",175
"12721",174
"16208",174
"15068",174
"17472",174
"16011",174
"13505",174
"16221",173
"13115",173
"15379",173
"16477",173
"13567",173
"13037",172
"16057",172
"13126",172
"15907",172
"17259",172
"12523",171
"12656",171
"18172",171
"13157",171
"16818",171
"15563",171
"17908",171
"13510",171
"15506",171
"14686",171
"13911",171
"12409",171
"14808",171
"14719",171
"14740",170
"13958",170
"13443",170
"13999",170
"16335",170
"14204",169
"14837",169
"16735",169
"17730",169
"17754",169
"16186",169
"15067",168
"15013",168
"14110",168
"13611",168
"14857",167
"14854",167
"17738",167
"14913",167
"17043",167
"13327",167
"15453",167
"12480",167
"16293",167
"17282",167
"14092",167
"14249",166
"16053",166
"17032",166
"15514",166
"13162",166
"15804",166
"16469",166
"16180",166
"13421",165
"14472",165
"13021",165
"12370",165
"17345",165
"17081",165
"14625",165
"14083",164
"13110",164
"15544",164
"17145",164
"12688",164
"15421",164
"14978",164
"14087",164
"14375",164
"14855",164
"15024",164
"14221",163
"16271",163
"14988",163
"16905",163
"16894",162
"13548",162
"15854",162
"15757",162
"17812",161
"15879",161
"17469",161
"15584",161
"13113",161
"13426",161
"14215",161
"13090",161
"14257",161
"13632",161
"15696",160
"14587",160
"13552",160
"17561",160
"17255",160
"17590",160
"14732",160
"15644",160
"14299",160
"13534",159
"12627",159
"17096",159
"14125",159
"15276",159
"16125",159
"13243",159
"13481",159
"17412",159
"14640",159
"16153",158
"17323",158
"13658",158
"17722",158
"15339",158
"14321",158
"15872",158
"13875",157
"16942",157
"13700",157
"12662",157
"15452",157
"16889",157
"16503",157
"13052",156
"15325",156
"13042",156
"16875",156
"15787",156
"15006",156
"18125",156
"16657",155
"15012",155
"15665",155
"16303",155
"16187",155
"13098",155
"13203",155
"15065",155
"13554",155
"15756",155
"16128",155
"13240",155
"13291",154
"17858",154
"12360",154
"15235",154
"15464",154
"14670",154
"14878",154
"14844",154
"13798",154
"17190",154
"16332",154
"12839",154
"17863",154
"12856",154
"13870",154
"14211",153
"12524",153
"18204",153
"12865",153
"17883",153
"17406",153
"15680",153
"13895",152
"15122",152
"17146",152
"16701",152
"13381",152
"15550",152
"16883",152
"15720",152
"15114",151
"15823",151
"16727",151
"15004",151
"14907",150
"12635",150
"16609",150
"13266",150
"17659",150
"13601",150
"16823",149
"13173",149
"17644",149
"12380",149
"16101",149
"14401",149
"13280",149
"13821",149
"16987",149
"16571",149
"15525",149
"13880",148
"15911",148
"13804",148
"15981",148
"13267",148
"17663",148
"16464",148
"14544",148
"14312",147
"16726",147
"15154",147
"14852",147
"16800",147
"16983",147
"17796",147
"13059",147
"14698",147
"13305",147
"16903",147
"14556",146
"15015",146
"12578",146
"15123",146
"14770",146
"16693",146
"14121",146
"16003",146
"13055",145
"13995",145
"13985",145
"15009",145
"17450",145
"15203",145
"16416",145
"16745",145
"17822",144
"12877",144
"13503",144
"13032",144
"14656",144
"12501",143
"15906",143
"17201",143
"15580",143
"17516",143
"13507",143
"16229",143
"17063",143
"13437",143
"15125",143
"13232",143
"14554",143
"17422",142
"14334",142
"14659",142
"18272",141
"13644",141
"16015",141
"12782",141
"17075",141
"14467",141
"13078",141
"16210",141
"15407",140
"13196",140
"17888",140
"17838",140
"12395",140
"14896",140
"15987",140
"13107",140
"16205",140
"16150",140
"13576",140
"15901",140
"14971",139
"17777",139
"12583",139
"14508",139
"15157",139
"14191",139
"17293",139
"17230",139
"13014",138
"13707",138
"12625",138
"13569",138
"16445",138
"15799",138
"12982",137
"16560",137
"17519",137
"14657",137
"16411",137
"17073",137
"16370",137
"17071",137
"17886",137
"16722",137
"15974",136
"17667",136
"14591",136
"15255",136
"15579",136
"18077",136
"12349",136
"12444",136
"16784",136
"15996",136
"15628",136
"14210",136
"13722",136
"14177",136
"14817",135
"13635",135
"13491",135
"14344",135
"17141",135
"12779",135
"14733",135
"15796",135
"15089",135
"16669",134
"18039",134
"14565",134
"16126",134
"15218",134
"18009",134
"14179",133
"17768",133
"15549",133
"17371",133
"18181",133
"13756",133
"13596",133
"13192",133
"12473",133
"14629",133
"14868",132
"16839",132
"16062",132
"17604",132
"16222",132
"15708",132
"17188",132
"14696",132
"16406",132
"14135",131
"14062",131
"16775",131
"15240",131
"17397",131
"17962",131
"14621",130
"13588",130
"14592",130
"12731",130
"14209",130
"13485",129
"13439",129
"16912",129
"14064",129
"17629",129
"14134",129
"14748",128
"17623",128
"12753",128
"15025",128
"14442",128
"14842",128
"12422",128
"12820",128
"14850",128
"16880",128
"15983",128
"13963",127
"13464",127
"16720",127
"17539",127
"13561",127
"16928",127
"16871",127
"12835",127
"13650",127
"13422",127
"12609",127
"17608",127
"15288",127
"18044",127
"13151",127
"14004",127
"14904",126
"14479",126
"15707",126
"15917",126
"16240",126
"12963",126
"16434",126
"17950",126
"17997",126
"12598",126
"15817",126
"15394",126
"13662",126
"16168",126
"16131",126
"17213",126
"17567",126
"15105",126
"12708",126
"16895",125
"15845",125
"14487",125
"15365",125
"16460",125
"14899",125
"14729",125
"12631",125
"16638",125
"17311",124
"16032",124
"17444",124
"16985",124
"12727",124
"16934",124
"12687",124
"16798",124
"17404",124
"16652",123
"12712",123
"12937",123
"15827",123
"13184",123
"17764",123
"16837",123
"13949",123
"13982",123
"15061",123
"12377",123
"17254",123
"17236",123
"12429",122
"18106",122
"16386",122
"14404",122
"14465",122
"17905",122
"15704",122
"13212",122
"14474",122
"17860",122
"12531",122
"15870",122
"13888",122
"13365",122
"13425",122
"16351",122
"12449",122
"17999",122
"17350",122
"17987",122
"14170",121
"13168",121
"14871",121
"15306",121
"13558",121
"14739",121
"17646",121
"16418",121
"12849",121
"14048",121
"12468",121
"16777",121
"15877",120
"17358",120
"17017",120
"14810",120
"13994",120
"17027",120
"13517",120
"17829",120
"16108",120
"14584",120
"13048",120
"12423",120
"14469",120
"15957",120
"17685",120
"17137",120
"14590",120
"14309",120
"16718",120
"14217",120
"15791",120
"13769",120
"12784",120
"16892",119
"16496",119
"15241",119
"14387",119
"12843",119
"18001",119
"14966",119
"14552",119
"16407",119
"12347",119
"16435",119
"14292",119
"15569",119
"14443",119
"15471",118
"16922",118
"16010",118
"13117",118
"13956",118
"16428",118
"14180",118
"15687",118
"12890",118
"16885",118
"14290",117
"16485",117
"17652",117
"14419",117
"16743",117
"13627",117
"16358",117
"13761",117
"17109",117
"14346",117
"12909",117
"15865",116
"15079",116
"18210",116
"16936",116
"12371",116
"12978",116
"12685",116
"12520",116
"12862",116
"14399",116
"18287",116
"12701",116
"16021",115
"12589",115
"13557",115
"15456",115
"18016",115
"13344",115
"16392",115
"16261",115
"14052",115
"17979",115
"13959",115
"16415",115
"17702",114
"15620",114
"16369",114
"16570",114
"17648",114
"17047",114
"17867",114
"17159",114
"13152",114
"14418",114
"15312",114
"15078",114
"16633",114
"13316",114
"17113",114
"13831",114
"17082",114
"17744",113
"12576",113
"17988",113
"12935",113
"13431",113
"13428",113
"17759",113
"13862",113
"17566",113
"16147",113
"15551",113
"16932",113
"13595",112
"12733",112
"18057",112
"17817",112
"14934",112
"14916",112
"17221",112
"18242",112
"13652",112
"15022",112
"16191",112
"15291",112
"16354",112
"12623",111
"13159",111
"12406",111
"13851",111
"15530",111
"16533",111
"16045",111
"12853",111
"14503",111
"15511",111
"15747",111
"15754",111
"15142",111
"16869",111
"12562",111
"15988",111
"14481",111
"15050",110
"15220",110
"12743",110
"14104",110
"17322",110
"18252",110
"14700",110
"17725",110
"14234",110
"13338",110
"15073",110
"12876",110
"13704",110
"12645",110
"15332",110
"17324",110
"13446",110
"17719",109
"13474",109
"15990",109
"14595",109
"16877",109
"15503",109
"17241",109
"12397",109
"16525",109
"17854",109
"13767",109
"16531",109
"17366",109
"15214",109
"15111",109
"14428",108
"17610",108
"15026",108
"16103",108
"16736",108
"13993",108
"15995",108
"16950",108
"13477",108
"17204",108
"14954",108
"13297",108
"13478",108
"13717",108
"13607",107
"15373",107
"12965",107
"16224",107
"14685",107
"14515",107
"18079",107
"16817",107
"15632",107
"16422",107
"13823",107
"12840",107
"14754",107
"15036",107
"16907",107
"14998",106
"13884",106
"14549",106
"17001",106
"16284",106
"17470",106
"14459",106
"16723",106
"18043",106
"15425",106
"15491",106
"12675",106
"16809",106
"16807",106
"16768",106
"16401",106
"15625",106
"17814",106
"15795",106
"12951",106
"16676",106
"14417",105
"15172",105
"16776",105
"16054",105
"14245",105
"12976",105
"17597",105
"16275",105
"16554",105
"14235",105
"15406",105
"14564",105
"17301",105
"13134",105
"15290",105
"12553",105
"14452",104
"16499",104
"15710",104
"17269",104
"14360",104
"17402",104
"15978",104
"13131",104
"17051",104
"18180",104
"16455",104
"13655",103
"15919",103
"16202",103
"14901",103
"16376",103
"14634",103
"14709",103
"15723",103
"14813",103
"16317",103
"16143",103
"17244",103
"13538",103
"17848",103
"14078",103
"17265",103
"15915",103
"16325",102
"16706",102
"12573",102
"16600",102
"17512",102
"14577",102
"12356",102
"15789",102
"17461",102
"12644",102
"14439",102
"16330",102
"13118",102
"16341",102
"17491",102
"16612",102
"15972",102
"13908",102
"14152",101
"12432",101
"12456",101
"14692",101
"15140",101
"17006",101
"15252",101
"14756",101
"14607",100
"17603",100
"14107",100
"14060",100
"15253",100
"17969",100
"14441",100
"18179",100
"15900",100
"12408",100
"17070",100
"15730",100
"12607",100
"18235",100
"12802",100
"14132",100
"16619",99
"14256",99
"16094",99
"17837",99
"15953",99
"12556",99
"16036",99
"15093",99
"13313",99
"16223",99
"14543",99
"15980",99
"15826",99
"15392",99
"14381",99
"15376",99
"17434",99
"18241",99
"17968",99
"15054",99
"18156",98
"16324",98
"13320",98
"17189",98
"13647",98
"12502",98
"16899",98
"13082",98
"13890",98
"13577",98
"13649",97
"16787",97
"14327",97
"13224",97
"15785",97
"13665",97
"14715",97
"15329",97
"16365",96
"15222",96
"13677",96
"15248",96
"12971",96
"12847",96
"14093",95
"15062",95
"13435",95
"12669",95
"16345",95
"17088",95
"17454",95
"14897",94
"14541",94
"13309",94
"13211",94
"13648",94
"17889",94
"14305",94
"17772",94
"13857",94
"14239",94
"17095",94
"17963",94
"17147",94
"14038",94
"17299",94
"13012",94
"14893",94
"15041",94
"18188",94
"14250",94
"16608",93
"13642",93
"15608",93
"16399",93
"16714",93
"17460",93
"16040",93
"17591",93
"14454",93
"13760",93
"13725",93
"15326",93
"17266",93
"17490",93
"16017",93
"15994",93
"13546",93
"17864",93
"13891",93
"15465",93
"15736",93
"15237",93
"14665",92
"13878",92
"13294",92
"16887",92
"15880",92
"14413",92
"18151",92
"17582",92
"16385",92
"17465",92
"13156",92
"16510",92
"17362",92
"17164",92
"12975",92
"14759",92
"17850",92
"13432",92
"14037",92
"15016",91
"17614",91
"17624",91
"17044",91
"17041",91
"16812",91
"16129",91
"12928",91
"13536",91
"15652",91
"17222",91
"16678",91
"16980",91
"12649",91
"14047",91
"17787",91
"13850",91
"14127",91
"15095",90
"17515",90
"15920",90
"13542",90
"15607",90
"15106",90
"13501",90
"14414",90
"17135",90
"17732",90
"12724",90
"16031",90
"13924",90
"14068",90
"14555",90
"17783",90
"14758",90
"12560",90
"17003",89
"14226",89
"14672",89
"12418",89
"15679",89
"17286",89
"15189",89
"15146",89
"16674",89
"16105",89
"16190",89
"15932",89
"14875",88
"17692",88
"12948",88
"12369",88
"17862",88
"17977",88
"12530",88
"14563",88
"12826",88
"14920",88
"13780",88
"12569",88
"14379",88
"14258",88
"16042",88
"13140",88
"12620",87
"17048",87
"14585",87
"15261",87
"15370",87
"13591",87
"16833",87
"15117",87
"16023",87
"17198",87
"12725",87
"14262",87
"16790",87
"16379",87
"18219",87
"17459",86
"13239",86
"12435",86
"16361",86
"14818",86
"14282",86
"16626",86
"17649",86
"12844",86
"14673",86
"15227",86
"13822",86
"13467",86
"16574",86
"15129",86
"17320",86
"16792",86
"15722",86
"15366",86
"15446",85
"15812",85
"12582",85
"13939",85
"14420",85
"16491",85
"15215",85
"17584",85
"12510",85
"16201",85
"13476",85
"15623",85
"16774",85
"17642",85
"18098",85
"12868",85
"17807",85
"13663",85
"13337",85
"13379",85
"14986",85
"13583",85
"17750",85
"16859",85
"14136",85
"15128",84
"14805",84
"13407",84
"15807",84
"12940",84
"17579",84
"17114",84
"15505",84
"16214",84
"14021",84
"15700",84
"17115",84
"13738",84
"17682",84
"14716",84
"18239",84
"15048",84
"15411",84
"16134",84
"14794",84
"16611",84
"12610",84
"18097",84
"15774",84
"16290",84
"16412",84
"17633",83
"12500",83
"13692",83
"17451",83
"15594",83
"16628",83
"13827",83
"12870",83
"12947",83
"15712",83
"17669",83
"17932",83
"16539",83
"17676",83
"12398",83
"15535",83
"17964",83
"17028",83
"14605",83
"14293",83
"13574",83
"15384",83
"17505",83
"18101",83
"15814",83
"12438",83
"14598",83
"16458",83
"15810",82
"15434",82
"17196",82
"15596",82
"17823",82
"12518",82
"16244",82
"17952",82
"17966",82
"13955",82
"12586",82
"17354",82
"12425",81
"12955",81
"17252",81
"17852",81
"18198",81
"14247",81
"17878",81
"16120",81
"16799",81
"18276",81
"13813",81
"16529",81
"18049",81
"17804",81
"17458",81
"16954",81
"17720",81
"18025",81
"15885",81
"17248",81
"12916",81
"16204",81
"14968",81
"12388",81
"16172",81
"12412",80
"15989",80
"15422",80
"14315",80
"17062",80
"16625",80
"14034",80
"17162",80
"16702",80
"13900",80
"15751",80
"16245",80
"15721",80
"16979",80
"14725",80
"13846",80
"12383",80
"15658",80
"14504",80
"13740",80
"18236",80
"15605",80
"12739",80
"14824",80
"13667",80
"13330",80
"17731",80
"15410",80
"12747",79
"17507",79
"14232",79
"17326",79
"16329",79
"14051",79
"17105",79
"15468",79
"16618",79
"16893",79
"12494",79
"18189",79
"13553",79
"14597",79
"17433",78
"16098",78
"16177",78
"13637",78
"16359",78
"14682",78
"14205",78
"17890",78
"14032",78
"16246",78
"16384",78
"16235",78
"17143",78
"13786",78
"17142",78
"13656",78
"17405",77
"15390",77
"13562",77
"15508",77
"13395",77
"13363",77
"13310",77
"15599",77
"15633",77
"17529",77
"15060",77
"17429",77
"14985",77
"14965",77
"16066",77
"18136",77
"14829",77
"17332",77
"16218",77
"16495",77
"14447",77
"14676",77
"14550",77
"13500",77
"15545",76
"17131",76
"15113",76
"15472",76
"15322",76
"18251",76
"12585",76
"17086",76
"17046",76
"13520",76
"14336",76
"15485",76
"13154",76
"17329",76
"15912",76
"14921",76
"12424",76
"15606",76
"13030",76
"14599",76
"13711",76
"15429",76
"16921",76
"17274",76
"12594",76
"14918",76
"17853",76
"16504",76
"12837",75
"15678",75
"16546",75
"14113",75
"13278",75
"16620",75
"16639",75
"12886",75
"13728",75
"17214",75
"13455",75
"17917",75
"15055",75
"16353",75
"15489",75
"16398",75
"12374",75
"17237",75
"12653",75
"13920",75
"14664",75
"16024",75
"13371",75
"12778",75
"16848",75
"17655",75
"16006",75
"14160",75
"14157",75
"13155",75
"13693",75
"17037",75
"16769",74
"17734",74
"17534",74
"13598",74
"13382",74
"14186",74
"16900",74
"14533",74
"15000",74
"18047",74
"16463",74
"17157",74
"17158",74
"13149",74
"16259",74
"12514",74
"16858",74
"16493",74
"15182",74
"16730",74
"17165",73
"12910",73
"15660",73
"17544",73
"14409",73
"12783",73
"18008",73
"12710",73
"15626",73
"14466",73
"13752",73
"16780",73
"14276",73
"14014",73
"17509",73
"18060",73
"13271",73
"17375",73
"17179",72
"16127",72
"17042",72
"12985",72
"14695",72
"16188",72
"16634",72
"17914",72
"14490",72
"14114",72
"12426",72
"13803",72
"17705",72
"16366",72
"16266",72
"12809",72
"16951",72
"15590",72
"17660",72
"13916",72
"15863",72
"14828",72
"17552",72
"13579",72
"15081",72
"17379",71
"14265",71
"16076",71
"12851",71
"17052",71
"14080",71
"16650",71
"15855",71
"16212",71
"17518",71
"14745",71
"14412",71
"14431",71
"16952",71
"13797",71
"16750",71
"15245",71
"15630",71
"17779",71
"17776",71
"15533",71
"17765",71
"16350",71
"13584",70
"16173",70
"17264",70
"15614",70
"17349",70
"17679",70
"18229",70
"15279",70
"14736",70
"13253",70
"13800",70
"15064",70
"17272",70
"17356",70
"17387",70
"15402",70
"13684",70
"18171",70
"13643",70
"14400",70
"13573",70
"13387",69
"14421",69
"12670",69
"17411",69
"13377",69
"12381",69
"16307",69
"14655",69
"14009",69
"13233",69
"17481",69
"17580",69
"13186",69
"12857",69
"14433",69
"16169",69
"16801",69
"15828",69
"14304",69
"12972",69
"12439",69
"13329",68
"16231",68
"17664",68
"17302",68
"16854",68
"17936",68
"15798",68
"16387",68
"17714",68
"15482",68
"12942",68
"16958",68
"14722",68
"17514",68
"13415",68
"13023",68
"13158",68
"17595",68
"17601",68
"15027",68
"16368",68
"13486",68
"13388",68
"12352",68
"16111",68
"18221",68
"14225",68
"13787",68
"17869",68
"12694",68
"14492",68
"17619",68
"12988",68
"15076",68
"16924",68
"14320",67
"16991",67
"15921",67
"17526",67
"12364",67
"17594",67
"14035",67
"16551",67
"16806",67
"16009",67
"17656",67
"14551",67
"16362",67
"16295",67
"13713",67
"16249",67
"15476",67
"14776",67
"13539",67
"16653",66
"15968",66
"12469",66
"14407",66
"15210",66
"17631",66
"12885",66
"15334",66
"18193",66
"16637",66
"13727",66
"14970",66
"14690",66
"13808",66
"13935",66
"14561",66
"13301",66
"17727",66
"12399",66
"15349",65
"15738",65
"13532",65
"15028",65
"16946",65
"17277",65
"15646",65
"12458",65
"14510",65
"13265",65
"12855",65
"17819",65
"14548",65
"15561",65
"16441",65
"16022",65
"17100",65
"14231",65
"14575",65
"16535",65
"16815",65
"18117",65
"14216",65
"12676",65
"12997",65
"14856",65
"15104",65
"13176",64
"12483",64
"16707",64
"16056",64
"14790",64
"17521",64
"13855",64
"15173",64
"12673",64
"12952",64
"15184",64
"16756",64
"17002",64
"14631",64
"17150",64
"18078",64
"13308",64
"12590",64
"14938",64
"14838",64
"16654",64
"16086",64
"16588",64
"14867",64
"12385",64
"15501",64
"16438",64
"12611",64
"17020",64
"14831",63
"14295",63
"12463",63
"13201",63
"18286",63
"17392",63
"12526",63
"13183",63
"14714",63
"15677",63
"17945",63
"18177",63
"14455",63
"15500",63
"15074",63
"14915",63
"17703",63
"14020",63
"17499",63
"15831",63
"16830",63
"13515",63
"15418",63
"15303",63
"15948",63
"17014",63
"15933",63
"15289",63
"15270",63
"14861",62
"12457",62
"12591",62
"12726",62
"17873",62
"17780",62
"13375",62
"17771",62
"13462",62
"13753",62
"14206",62
"14408",62
"14489",62
"17169",62
"17167",62
"17132",62
"17007",62
"16978",62
"15602",62
"16644",62
"16124",62
"12393",62
"16527",62
"16274",62
"16117",61
"14628",61
"18082",61
"15952",61
"13397",61
"12932",61
"16636",61
"15639",61
"14821",61
"15136",61
"17344",61
"14214",61
"15559",61
"16584",61
"17054",61
"16037",61
"16884",61
"12762",61
"15019",61
"16264",61
"12693",61
"13475",61
"15801",61
"15254",61
"12434",61
"17621",61
"14570",61
"12987",61
"13820",61
"14496",61
"16254",61
"17753",61
"16092",60
"17635",60
"13167",60
"13199",60
"12605",60
"16451",60
"16518",60
"13854",60
"17038",60
"14364",60
"16394",60
"15841",60
"15187",60
"16986",60
"15737",60
"13799",60
"12986",60
"16004",60
"16926",60
"15149",60
"17978",60
"17871",60
"18132",60
"17251",60
"17389",60
"15666",60
"16071",60
"12742",60
"12751",60
"14272",60
"15057",60
"16381",60
"14140",60
"15398",60
"17456",59
"16555",59
"12534",59
"12684",59
"14909",59
"17343",59
"18143",59
"14264",59
"12630",59
"14560",59
"15743",59
"17967",59
"16336",59
"15523",59
"18170",59
"16685",59
"13835",59
"14478",59
"12920",59
"12904",59
"13919",59
"13221",59
"15097",59
"15069",59
"13989",59
"14001",59
"14025",59
"16008",59
"12716",59
"18112",59
"16804",58
"15838",58
"17760",58
"14663",58
"17568",58
"17996",58
"14619",58
"16414",58
"16419",58
"12704",58
"17639",58
"12804",58
"12533",58
"13473",58
"14171",58
"17935",58
"14075",58
"16083",58
"13671",58
"16175",58
"17227",58
"14116",58
"12546",58
"16163",58
"12717",58
"17537",58
"14440",58
"13897",58
"16629",58
"15169",58
"16232",58
"12396",58
"13860",58
"12354",58
"17298",57
"14839",57
"17801",57
"13450",57
"13304",57
"13360",57
"13495",57
"13533",57
"13204",57
"13636",57
"15763",57
"12998",57
"16447",57
"17993",57
"13775",57
"16949",57
"17578",57
"12446",57
"17554",57
"12866",57
"15959",57
"13980",57
"14738",57
"18161",57
"13991",57
"12508",57
"12379",57
"17223",57
"17410",57
"18130",57
"14246",57
"17373",57
"13064",56
"17194",56
"16314",56
"16296",56
"14775",56
"14355",56
"12550",56
"14823",56
"14284",56
"14198",56
"16096",56
"16043",56
"16601",56
"18048",56
"15903",56
"12936",56
"15839",56
"15821",56
"17998",56
"13824",56
"12993",56
"13000",56
"15745",56
"17949",56
"13109",56
"13646",56
"18263",56
"17708",56
"15645",56
"15577",56
"13417",56
"18202",55
"15338",55
"13402",55
"15886",55
"13705",55
"13429",55
"12689",55
"15792",55
"15151",55
"16935",55
"17061",55
"16593",55
"14013",55
"16835",55
"16203",55
"13781",55
"14512",55
"15457",55
"16306",55
"12924",55
"15600",55
"18006",55
"18160",55
"13447",55
"15437",55
"14834",55
"14744",55
"13516",55
"17522",55
"13225",55
"16402",55
"17233",55
"13202",55
"17809",55
"14948",55
"17739",55
"13166",55
"15091",55
"15497",55
"13299",55
"12906",55
"18110",54
"12525",54
"14326",54
"13314",54
"14847",54
"12639",54
"13459",54
"15451",54
"17834",54
"13506",54
"14581",54
"16413",54
"16343",54
"15695",54
"17786",54
"17250",54
"15243",54
"17101",54
"14890",54
"14891",54
"13814",54
"15832",54
"13873",54
"14470",54
"15145",54
"14643",54
"17756",54
"17531",54
"13936",54
"12806",54
"17090",54
"16013",54
"16029",54
"12711",54
"13333",54
"14877",53
"12475",53
"12703",53
"14600",53
"12775",53
"12772",53
"17295",53
"15694",53
"17843",53
"16772",53
"14005",53
"16269",53
"12803",53
"15992",53
"13292",53
"13295",53
"14335",53
"13863",53
"17064",53
"13882",53
"16563",53
"13889",53
"13339",53
"14511",53
"14788",53
"13744",53
"18094",53
"12407",53
"17671",53
"16270",53
"15264",52
"12619",52
"14801",52
"16130",52
"18127",52
"17161",52
"14958",52
"12723",52
"17303",52
"14006",52
"17496",52
"13984",52
"17207",52
"15088",52
"18071",52
"13937",52
"18035",52
"12905",52
"12913",52
"17542",52
"13902",52
"15837",52
"18005",52
"16961",52
"12977",52
"13832",52
"12994",52
"12405",52
"12358",52
"15732",52
"17247",52
"13122",52
"17694",52
"13191",52
"13545",52
"15651",52
"16765",52
"17713",52
"15420",52
"13234",52
"13497",52
"15478",52
"12572",52
"16197",52
"13359",51
"14480",51
"15460",51
"16838",51
"14261",51
"17058",51
"16292",51
"13723",51
"13235",51
"16334",51
"15553",51
"16594",51
"13867",51
"16209",51
"13872",51
"18149",51
"16762",51
"15664",51
"16176",51
"15671",51
"18064",51
"18123",51
"16972",51
"15192",51
"14350",51
"15176",51
"17749",51
"13336",51
"15156",51
"16699",51
"15782",51
"17742",51
"16067",51
"15809",51
"12674",51
"16688",51
"16431",51
"16480",51
"12979",51
"17226",51
"14691",50
"12462",50
"13121",50
"15259",50
"18144",50
"16140",50
"14128",50
"13293",50
"14067",50
"13092",50
"18277",50
"14819",50
"15958",50
"16915",50
"17976",50
"14815",50
"17726",50
"15101",50
"12752",50
"15891",50
"15440",50
"14644",50
"17480",50
"14859",50
"14260",50
"17839",50
"17381",50
"17383",50
"12652",50
"17361",50
"13354",50
"16748",50
"16278",50
"15985",50
"17885",50
"14223",50
"15706",50
"15132",49
"17276",49
"16667",49
"16661",49
"14902",49
"13389",49
"12722",49
"15543",49
"13296",49
"15448",49
"14050",49
"17832",49
"15439",49
"18126",49
"12801",49
"16536",49
"15053",49
"13602",49
"16742",49
"17437",49
"13613",49
"14383",49
"12754",49
"13630",49
"14820",49
"13639",49
"17034",49
"13085",49
"15309",49
"14922",49
"17438",49
"14365",49
"13945",49
"13691",49
"14679",49
"16929",49
"15108",49
"13440",49
"17793",49
"17992",49
"16937",49
"13763",49
"16642",49
"15238",49
"17800",49
"12989",49
"15211",49
"12960",48
"17297",48
"13444",48
"14169",48
"13750",48
"17810",48
"18187",48
"13617",48
"17898",48
"13605",48
"15681",48
"14873",48
"17004",48
"15239",48
"14108",48
"16643",48
"14139",48
"13589",48
"14082",48
"12528",48
"17562",48
"12923",48
"16947",48
"14297",48
"18031",48
"16243",48
"13946",48
"13065",48
"13066",48
"17828",48
"14734",48
"16364",48
"15314",48
"17640",48
"16167",48
"16825",48
"15713",48
"13430",48
"15918",47
"17057",47
"16018",47
"18215",47
"16471",47
"15977",47
"13976",47
"17023",47
"12486",47
"14201",47
"14450",47
"15134",47
"15882",47
"18002",47
"14484",47
"12580",47
"18140",47
"13770",47
"15280",47
"16704",47
"13026",47
"13708",47
"15295",47
"16139",47
"13046",47
"13673",47
"13101",47
"16141",47
"13612",47
"17882",47
"14568",47
"13187",47
"13563",47
"17785",47
"14594",47
"12600",47
"14862",47
"15449",47
"13262",47
"16233",47
"13275",47
"13466",47
"14332",47
"17210",47
"12925",46
"15415",46
"16494",46
"14671",46
"18011",46
"18007",46
"17116",46
"16658",46
"16524",46
"17482",46
"17421",46
"12599",46
"15878",46
"15656",46
"13393",46
"18259",46
"17615",46
"16749",46
"17695",46
"12640",46
"13287",46
"14389",46
"16355",46
"14984",46
"13745",46
"17106",46
"14741",46
"15803",46
"16773",46
"17409",46
"14995",46
"13019",46
"12728",46
"14285",46
"15835",46
"16930",46
"16846",46
"14947",46
"16802",45
"13565",45
"12811",45
"12765",45
"16842",45
"14880",45
"13414",45
"13987",45
"14905",45
"14002",45
"15246",45
"16262",45
"12808",45
"16448",45
"17527",45
"14771",45
"13479",45
"16155",45
"16677",45
"15180",45
"13220",45
"14645",45
"15773",45
"13819",45
"12516",45
"12764",45
"17912",45
"12507",45
"12945",45
"13695",45
"12541",45
"16917",45
"18015",45
"17403",45
"12465",45
"15822",45
"15310",45
"14976",45
"15441",45
"13874",45
"14488",45
"17235",45
"12638",45
"17271",45
"12991",45
"15372",45
"13086",45
"14240",45
"14131",45
"12828",45
"12695",44
"12488",44
"15714",44
"14485",44
"17393",44
"13626",44
"15982",44
"18090",44
"16228",44
"14699",44
"18192",44
"15197",44
"14458",44
"17773",44
"13368",44
"13286",44
"14359",44
"16465",44
"12953",44
"18162",44
"16631",44
"17477",44
"17835",44
"15274",44
"12967",44
"16099",44
"16624",44
"16136",44
"14753",44
"16623",44
"17045",44
"12730",44
"16268",44
"16408",44
"14022",44
"15939",44
"17653",44
"15951",44
"12842",44
"15399",44
"14923",44
"16763",44
"16868",44
"14398",44
"17792",44
"15133",43
"17420",43
"13833",43
"15141",43
"12671",43
"15244",43
"18045",43
"12584",43
"17258",43
"12421",43
"12874",43
"15109",43
"18062",43
"18265",43
"15522",43
"14427",43
"14538",43
"16902",43
"17806",43
"18087",43
"16734",43
"17903",43
"13165",43
"17880",43
"16863",43
"13195",43
"14870",43
"14306",43
"16357",43
"17112",43
"17840",43
"18093",43
"13245",43
"13376",43
"14338",43
"13300",43
"14076",43
"12453",43
"12958",43
"14352",43
"17155",43
"17845",42
"13547",42
"14647",42
"12402",42
"15201",42
"17144",42
"13456",42
"15883",42
"18128",42
"13356",42
"14233",42
"14596",42
"14065",42
"12543",42
"13341",42
"18018",42
"13777",42
"17261",42
"16836",42
"18230",42
"17175",42
"13282",42
"17219",42
"12794",42
"16020",42
"15611",42
"12956",42
"13396",42
"12915",42
"13898",42
"12805",42
"15576",42
"13974",42
"15866",42
"17798",42
"13531",42
"16034",42
"13549",42
"13034",42
"17425",42
"15066",42
"14077",42
"14158",41
"16118",41
"17388",41
"13575",41
"14182",41
"13568",41
"12822",41
"16344",41
"16502",41
"12696",41
"14181",41
"15961",41
"15742",41
"17183",41
"13200",41
"18092",41
"15001",41
"14142",41
"13720",41
"13941",41
"14324",41
"17357",41
"15275",41
"12389",41
"13005",41
"15617",41
"12482",41
"12785",41
"15539",41
"16089",41
"17016",41
"18108",41
"17816",41
"12505",41
"18051",41
"17540",41
"16975",41
"15467",41
"17431",41
"14229",41
"15507",41
"16382",41
"14167",41
"15331",41
"16075",41
"14094",41
"14912",41
"17795",41
"15829",41
"16969",41
"14248",41
"17111",41
"13138",41
"15071",41
"12537",41
"17683",41
"15190",40
"13241",40
"16002",40
"15813",40
"14070",40
"13606",40
"14138",40
"17980",40
"14779",40
"13721",40
"18237",40
"16888",40
"12497",40
"16508",40
"14497",40
"18085",40
"14129",40
"13045",40
"17385",40
"16449",40
"16731",40
"14222",40
"14618",40
"12413",40
"14151",40
"13748",40
"17478",40
"17270",40
"17418",40
"18262",40
"12646",40
"12592",40
"14026",40
"17351",40
"16759",40
"14526",40
"14979",40
"17039",40
"16572",40
"14693",40
"14193",40
"17242",40
"15433",40
"16573",40
"18212",40
"14615",40
"15369",40
"12767",40
"12903",40
"13424",39
"14475",39
"14727",39
"17325",39
"14357",39
"17156",39
"14219",39
"14163",39
"17423",39
"13940",39
"13726",39
"16882",39
"13550",39
"15428",39
"16834",39
"15504",39
"13370",39
"15582",39
"17820",39
"13175",39
"17930",39
"15830",39
"15847",39
"12917",39
"12883",39
"16589",39
"16078",39
"12699",39
"16102",39
"12679",39
"12629",39
"16185",39
"12617",39
"18203",39
"16472",39
"16309",39
"18248",39
"12792",38
"17724",38
"13016",38
"13730",38
"14624",38
"17551",38
"15481",38
"13480",38
"13724",38
"15629",38
"14097",38
"14228",38
"17172",38
"15469",38
"13706",38
"17818",38
"15636",38
"16971",38
"15962",38
"14894",38
"15362",38
"14851",38
"13492",38
"17587",38
"13825",38
"15037",38
"15092",38
"16193",38
"13040",38
"14793",38
"17466",38
"18104",38
"14866",38
"16861",38
"12542",38
"17495",38
"15266",38
"14765",38
"13413",38
"17564",38
"13679",38
"17990",38
"14036",38
"14883",38
"15618",38
"13484",38
"13091",38
"12642",38
"15762",37
"13537",37
"17960",37
"13687",37
"17300",37
"13681",37
"16721",37
"18107",37
"17229",37
"16648",37
"15892",37
"18074",37
"16436",37
"16754",37
"16084",37
"13660",37
"17919",37
"14724",37
"13619",37
"13929",37
"13171",37
"17691",37
"14996",37
"16100",37
"13951",37
"15116",37
"17099",37
"14807",37
"16507",37
"12931",37
"14611",37
"16119",37
"17524",37
"16216",37
"14362",37
"14830",37
"12961",37
"18066",37
"16602",37
"13840",37
"14019",37
"14959",37
"12521",37
"16939",37
"14251",37
"15032",37
"16142",37
"12735",37
"13020",37
"17376",37
"18211",37
"18095",37
"15631",37
"15637",37
"14982",37
"13398",37
"15414",37
"16847",37
"17176",37
"13039",37
"17709",37
"18141",36
"18083",36
"12878",36
"17359",36
"16614",36
"14301",36
"14236",36
"13518",36
"17209",36
"14519",36
"18264",36
"14126",36
"14166",36
"16450",36
"12697",36
"17911",36
"16897",36
"13641",36
"17123",36
"15320",36
"12492",36
"13324",36
"13703",36
"18214",36
"17173",36
"13028",36
"14372",36
"13729",36
"13731",36
"17991",36
"14370",36
"12545",36
"17560",36
"17503",36
"12813",36
"15583",36
"13921",36
"13927",35
"16421",35
"18139",35
"15115",35
"12478",35
"12713",35
"14283",35
"15597",35
"16479",35
"17267",35
"16135",35
"15393",35
"18088",35
"17637",35
"17934",35
"15315",35
"12549",35
"16541",35
"12790",35
"15346",35
"16538",35
"18067",35
"16785",35
"16641",35
"18183",35
"12373",35
"12410",35
"14102",35
"15430",35
"16138",35
"12869",35
"13944",35
"13543",35
"14271",35
"17119",35
"16311",35
"13350",35
"13427",35
"13385",35
"16534",35
"15908",35
"14731",35
"17316",34
"15137",34
"15454",34
"14208",34
"15790",34
"12513",34
"14929",34
"17363",34
"16468",34
"18268",34
"16052",34
"16753",34
"17110",34
"16810",34
"15519",34
"14720",34
"15848",34
"14778",34
"17891",34
"13859",34
"17335",34
"15205",34
"16781",34
"13123",34
"12657",34
"14188",34
"14425",34
"15335",34
"12461",34
"14471",34
"16747",34
"15748",34
"14742",34
"16860",34
"14997",34
"12815",34
"17285",34
"15894",34
"18154",34
"15408",34
"14043",34
"13741",34
"17125",34
"17374",34
"15352",34
"12919",34
"15634",34
"16603",34
"14812",34
"13236",34
"13179",34
"16824",34
"18190",33
"17185",33
"18163",33
"14990",33
"17447",33
"15734",33
"15318",33
"15655",33
"17826",33
"18217",33
"17958",33
"15650",33
"13699",33
"17473",33
"14687",33
"14133",33
"15784",33
"16146",33
"16389",33
"12648",33
"14567",33
"16433",33
"15269",33
"16068",33
"12624",33
"13264",33
"16562",33
"13441",33
"17767",33
"18173",33
"14937",33
"16116",33
"14356",33
"16666",33
"15103",33
"12707",33
"16211",33
"13950",33
"13997",33
"12575",33
"13892",33
"13465",33
"12873",33
"14289",33
"16739",33
"17904",33
"15815",32
"13812",32
"13355",32
"14176",32
"12858",32
"16876",32
"15174",32
"17021",32
"15492",32
"13778",32
"12667",32
"15725",32
"16070",32
"12485",32
"15107",32
"15258",32
"13572",32
"16996",32
"14069",32
"16298",32
"15462",32
"12793",32
"17733",32
"15888",32
"15598",32
"15499",32
"13513",32
"14522",32
"14323",32
"13712",32
"13581",32
"12719",32
"15675",32
"17031",32
"12628",32
"14172",32
"15715",32
"14516",32
"15363",32
"17464",32
"14872",32
"16183",32
"12372",32
"18004",32
"13856",32
"13442",32
"15043",32
"17367",32
"16862",32
"15196",32
"16955",32
"13405",32
"14011",32
"14024",32
"17746",32
"12755",32
"17492",32
"17588",32
"12680",32
"13057",31
"14940",31
"14882",31
"12666",31
"13499",31
"14539",31
"13560",31
"16874",31
"17874",31
"15669",31
"12450",31
"13594",31
"18232",31
"13608",31
"13622",31
"14445",31
"17178",31
"14437",31
"15556",31
"16282",31
"17309",31
"14750",31
"12512",31
"18207",31
"12519",31
"16968",31
"17342",31
"12538",31
"15852",31
"18013",31
"14349",31
"13453",31
"16230",31
"18033",31
"15138",31
"12571",31
"18037",31
"12880",31
"13934",31
"16616",31
"12390",31
"15084",31
"17033",31
"15969",31
"12616",31
"14008",31
"17370",31
"12632",31
"16576",31
"17386",31
"16198",30
"17398",30
"16513",30
"17520",30
"12901",30
"16149",30
"13922",30
"15904",30
"17012",30
"13918",30
"17541",30
"13412",30
"15585",30
"13909",30
"14571",30
"15161",30
"13998",30
"12654",30
"15183",30
"17565",30
"12800",30
"17232",30
"14023",30
"12983",30
"18205",30
"13810",30
"13768",30
"16695",30
"13732",30
"13008",30
"17643",30
"18100",30
"13698",30
"17957",30
"17751",30
"12769",30
"16026",30
"17296",30
"17918",30
"13116",30
"13487",30
"16526",30
"13616",30
"13161",30
"14460",30
"18234",30
"17430",30
"16095",30
"15643",30
"13512",30
"17195",30
"14569",30
"16567",30
"17076",30
"15450",30
"12651",30
"14955",30
"12658",30
"17134",30
"16613",30
"17025",30
"14311",30
"12588",30
"14173",30
"15124",30
"14627",29
"18053",29
"13461",29
"18258",29
"15323",29
"15435",29
"14924",29
"15080",29
"17197",29
"15018",29
"17666",29
"15014",29
"18176",29
"17457",29
"16561",29
"15540",29
"12479",29
"15702",29
"15475",29
"15347",29
"18150",29
"14917",29
"18200",29
"15869",29
"15163",29
"15934",29
"14803",29
"12944",29
"17212",29
"15853",29
"17782",29
"17770",29
"15364",29
"15191",29
"13258",29
"15200",29
"13585",29
"13836",29
"16250",29
"18061",29
"16001",29
"14270",29
"15386",29
"15562",29
"15405",29
"17124",29
"17712",29
"16152",29
"12420",29
"15424",29
"15777",29
"12787",29
"17476",29
"15512",29
"12355",29
"17103",29
"14602",29
"15297",29
"17177",29
"14055",29
"18119",29
"14973",29
"18014",28
"16816",28
"15586",28
"15589",28
"16870",28
"13189",28
"16740",28
"17899",28
"16911",28
"17938",28
"15300",28
"17972",28
"13733",28
"17995",28
"15217",28
"17569",28
"15198",28
"15186",28
"13868",28
"16668",28
"13885",28
"18021",28
"17558",28
"17557",28
"18280",28
"15147",28
"16352",28
"13914",28
"16647",28
"13925",28
"15121",28
"18056",28
"15947",28
"17510",28
"13996",28
"12810",28
"17489",28
"16025",28
"18114",28
"18121",28
"16080",28
"14164",28
"14932",28
"14931",28
"16113",28
"17396",28
"16122",28
"16159",28
"16174",28
"12579",28
"17333",28
"16488",28
"16487",28
"14762",28
"14737",28
"17181",28
"16322",28
"17193",28
"16331",28
"18247",28
"13358",28
"17083",27
"14957",27
"16569",27
"16158",27
"14141",27
"12740",27
"16164",27
"16048",27
"16586",27
"14992",27
"16039",27
"14652",27
"12798",27
"15052",27
"15075",27
"16519",27
"17035",27
"17127",27
"15938",27
"14814",27
"12893",27
"12898",27
"14811",27
"15127",27
"17011",27
"16380",27
"15143",27
"17355",27
"12922",27
"14331",27
"16227",27
"18201",27
"14342",27
"17563",27
"14654",27
"12535",27
"15846",27
"15208",27
"13737",27
"15278",27
"15282",27
"16356",27
"13714",27
"16708",27
"13035",27
"16715",27
"13686",27
"13685",27
"17205",27
"15552",27
"17926",27
"13108",27
"17678",27
"17915",27
"17892",27
"13603",27
"14636",27
"14708",27
"13587",27
"14658",27
"17704",27
"15517",27
"15568",27
"14531",27
"17249",27
"13244",27
"13502",27
"13361",27
"17833",27
"15541",27
"15613",27
"13496",27
"14230",27
"14202",27
"17000",26
"15165",26
"14237",26
"16662",26
"14798",26
"12941",26
"18243",26
"13540",26
"14780",26
"13865",26
"15840",26
"17217",26
"12964",26
"13226",26
"15223",26
"13779",26
"16256",26
"17745",26
"13526",26
"17989",26
"16811",26
"18137",26
"16820",26
"15417",26
"13024",26
"17717",26
"16844",26
"15771",26
"12499",26
"13509",26
"15624",26
"16473",26
"14220",26
"14879",26
"17928",26
"13103",26
"17924",26
"14983",26
"14853",26
"13629",26
"18111",26
"17687",26
"16590",26
"12777",26
"18284",26
"15035",26
"16184",26
"18134",26
"15070",26
"12816",26
"16109",26
"17808",26
"14296",26
"15963",26
"12832",26
"12845",26
"15102",26
"17018",26
"18046",26
"14319",26
"15447",26
"17080",26
"13170",26
"13255",26
"16646",26
"15881",26
"13570",26
"15661",26
"17268",26
"16069",25
"14149",25
"13322",25
"14910",25
"15688",25
"15509",25
"12729",25
"14509",25
"13410",25
"14267",25
"13879",25
"14784",25
"16635",25
"15177",25
"12394",25
"13251",25
"15438",25
"12427",25
"14174",25
"14935",25
"17200",25
"15711",25
"16547",25
"17163",25
"15683",25
"12824",25
"12384",25
"13785",25
"15709",25
"12999",25
"16829",25
"15126",25
"16030",25
"15528",25
"17523",25
"17462",25
"12447",25
"12889",25
"17789",25
"15030",25
"15946",25
"15780",25
"16484",25
"17171",25
"18157",25
"12797",25
"16304",25
"14620",25
"16711",25
"16373",25
"15765",25
"17970",25
"15944",25
"16310",25
"18091",25
"15986",25
"16281",25
"15746",25
"17502",25
"18216",25
"16285",25
"15682",25
"13248",25
"13073",25
"16914",25
"13074",25
"13670",25
"14162",25
"17078",25
"13600",25
"16803",24
"12348",24
"12491",24
"12527",24
"12554",24
"12596",24
"12761",24
"12781",24
"12833",24
"13038",24
"13067",24
"13386",24
"13675",24
"13696",24
"13759",24
"13807",24
"13894",24
"13904",24
"13954",24
"14063",24
"14100",24
"14123",24
"14147",24
"14183",24
"14184",24
"14302",24
"14317",24
"14579",24
"14660",24
"14678",24
"14706",24
"14721",24
"14885",24
"14975",24
"15155",24
"15216",24
"15224",24
"15232",24
"15292",24
"15342",24
"15537",24
"15592",24
"15842",24
"15960",24
"15975",24
"16038",24
"16137",24
"16239",24
"16500",24
"16680",24
"16751",24
"16783",24
"16977",24
"17055",24
"17245",24
"17313",24
"17486",24
"17573",24
"17630",24
"17701",24
"17736",24
"17803",24
"17825",24
"17849",24
"17875",24
"17902",24
"17910",24
"17951",24
"18038",24
"18158",24
"18164",24
"18167",24
"14578",23
"16577",23
"13877",23
"16063",23
"13853",23
"18003",23
"12506",23
"12601",23
"13762",23
"16475",23
"16277",23
"14712",23
"13792",23
"13801",23
"13809",23
"13816",23
"16901",23
"17859",23
"15627",23
"15648",23
"17407",23
"12907",23
"15277",23
"12353",23
"16943",23
"15558",23
"17944",23
"15225",23
"13311",23
"12863",23
"15350",23
"15188",23
"15548",23
"14430",23
"16272",23
"18073",23
"13965",23
"17983",23
"13962",23
"13177",23
"12346",23
"15769",23
"13352",23
"17483",23
"13948",23
"13400",23
"15110",23
"15806",23
"15090",23
"13933",23
"15824",23
"13454",23
"17275",23
"15020",23
"14150",23
"13472",23
"16404",23
"13143",23
"15380",23
"12974",23
"15887",23
"17729",23
"17263",23
"13508",23
"16226",23
"18228",23
"14294",23
"14960",23
"14058",23
"15945",23
"14537",23
"12363",23
"12691",23
"14545",23
"15966",23
"18135",23
"18218",23
"16596",23
"16476",23
"18159",23
"15175",22
"17307",22
"13981",22
"13142",22
"17901",22
"15496",22
"16826",22
"13075",22
"14429",22
"13964",22
"14453",22
"13928",22
"12454",22
"12459",22
"17548",22
"16178",22
"16540",22
"13796",22
"13795",22
"18194",22
"14703",22
"17607",22
"13790",22
"16378",22
"13774",22
"17154",22
"14115",22
"14310",22
"17654",22
"17133",22
"15979",22
"17122",22
"13624",22
"17711",22
"17718",22
"14980",22
"15905",22
"13504",22
"16656",22
"15859",22
"16672",22
"15047",22
"13433",22
"16681",22
"15099",22
"13372",22
"15153",22
"16305",22
"14165",22
"16982",22
"15726",22
"15213",22
"18050",22
"15230",22
"15262",22
"16758",22
"17836",22
"13238",22
"15287",22
"14000",22
"13237",22
"12411",22
"16920",22
"12943",22
"13210",22
"13193",22
"12996",22
"12895",21
"14098",21
"12672",21
"15344",21
"13625",21
"16621",21
"16425",21
"14303",21
"13041",21
"18027",21
"17547",21
"14369",21
"16492",21
"16252",21
"18024",21
"15857",21
"16675",21
"12939",21
"12445",21
"16808",21
"17766",21
"15120",21
"15130",21
"16999",21
"13957",21
"14200",21
"15766",21
"13966",21
"16315",21
"13332",21
"16967",21
"12365",21
"13315",21
"15490",21
"15219",21
"15337",21
"14273",21
"15221",21
"12894",21
"13281",21
"16035",21
"14339",21
"17208",21
"14630",21
"18278",21
"18250",21
"14683",21
"17187",21
"12529",21
"15268",21
"17441",21
"14358",21
"17168",21
"13861",21
"14761",21
"16060",21
"13734",21
"12351",21
"15343",21
"13249",21
"12419",20
"14403",20
"15017",20
"13923",20
"12825",20
"15148",20
"15077",20
"15381",20
"15781",20
"12946",20
"12559",20
"17636",20
"17334",20
"12443",20
"16988",20
"16845",20
"16182",20
"14448",20
"17680",20
"15689",20
"16236",20
"14041",20
"15345",20
"15185",20
"14197",20
"17866",20
"16160",20
"12564",20
"12452",20
"16276",20
"14888",20
"18199",20
"13604",20
"17857",20
"14928",20
"13586",20
"16046",20
"16251",20
"12448",20
"15341",20
"16965",20
"15387",20
"15930",20
"16627",20
"18124",20
"13844",20
"13125",20
"17710",20
"16632",20
"14015",20
"16297",20
"17072",20
"15923",20
"14967",20
"14972",20
"13716",20
"17577",20
"15010",20
"15638",20
"12498",20
"12745",20
"14981",20
"17256",20
"16074",20
"12760",20
"14101",19
"13621",19
"17688",19
"16207",19
"15954",19
"17104",19
"16615",19
"14927",19
"12715",19
"13274",19
"17697",19
"14950",19
"17937",19
"14951",19
"18222",19
"16850",19
"12470",19
"13519",19
"13817",19
"18271",19
"14042",19
"14991",19
"13482",19
"12770",19
"16660",19
"12780",19
"15670",19
"12788",19
"13449",19
"12930",19
"16673",19
"15308",19
"13083",19
"14681",19
"17029",19
"17761",19
"18244",19
"16318",19
"17192",19
"16263",19
"17525",19
"16483",19
"13049",19
"12819",19
"18261",19
"13252",19
"16855",19
"16697",19
"13181",19
"13197",19
"17453",19
"13367",19
"16044",19
"16050",19
"18206",19
"13345",19
"14254",19
"15193",19
"14622",19
"15735",19
"16832",19
"15207",19
"13088",19
"13773",19
"15474",19
"14791",19
"17622",19
"14757",19
"14010",19
"13283",19
"14316",19
"15495",19
"18155",19
"14799",19
"16027",19
"12650",19
"17665",19
"13002",19
"16948",19
"14840",19
"12634",19
"17674",19
"15293",19
"15690",19
"13899",19
"16289",19
"17239",18
"14325",18
"14268",18
"14212",18
"12493",18
"16079",18
"12566",18
"12595",18
"12614",18
"16583",18
"16423",18
"12718",18
"15902",18
"16649",18
"18105",18
"15864",18
"18099",18
"16683",18
"12827",18
"15776",18
"12834",18
"15718",18
"15699",18
"12892",18
"18040",18
"18029",18
"16796",18
"17971",18
"15520",18
"13056",18
"17953",18
"17946",18
"13135",18
"15385",18
"17868",18
"16909",18
"16913",18
"17842",18
"16925",18
"13247",18
"12368",18
"13343",18
"16430",18
"14989",18
"13530",18
"17094",18
"14886",18
"17120",18
"13666",18
"14809",18
"14767",18
"17626",18
"14749",18
"14747",18
"17617",18
"13789",18
"14633",18
"13843",18
"14614",18
"13847",18
"13887",18
"13893",18
"14528",18
"13961",18
"17513",18
"17501",18
"14397",18
"17479",18
"17471",18
"14072",18
"14353",18
"14348",18
"15011",17
"18185",17
"17294",17
"17748",17
"17689",17
"15724",17
"13434",17
"18270",17
"14881",17
"18220",17
"16724",17
"14536",17
"14783",17
"17253",17
"13328",17
"16482",17
"14521",17
"13411",17
"15820",17
"14517",17
"15964",17
"12852",17
"16260",17
"12460",17
"15135",17
"18072",17
"17278",17
"17981",17
"12544",17
"14494",17
"14491",17
"16819",17
"15604",17
"16993",17
"18208",17
"16864",17
"12829",17
"18153",17
"14476",17
"15160",17
"16851",17
"13837",17
"17855",17
"13661",17
"17699",17
"15413",17
"16766",17
"16528",17
"12912",17
"18275",17
"17318",17
"17488",17
"13242",17
"14153",17
"16760",17
"16166",17
"12414",17
"13250",17
"16437",17
"14697",17
"17830",17
"16339",17
"12899",17
"14974",17
"18120",17
"16559",17
"17066",17
"14586",17
"15685",17
"15897",17
"12746",17
"12552",17
"12361",17
"16552",17
"13498",17
"12440",17
"18281",17
"15956",17
"17306",17
"16517",17
"16090",17
"16064",17
"15875",17
"18267",17
"15778",16
"13657",16
"12561",16
"16287",16
"17140",16
"14797",16
"17498",16
"13766",16
"16286",16
"13765",16
"16585",16
"16280",16
"15319",16
"13754",16
"12608",16
"14777",16
"12350",16
"16778",16
"13114",16
"14003",16
"14269",16
"15432",16
"17955",16
"13169",16
"13990",16
"18255",16
"14263",16
"16481",16
"16956",16
"16313",16
"18052",16
"15717",16
"18059",16
"14203",16
"12859",16
"15770",16
"17784",16
"15772",16
"13932",16
"16107",16
"15396",16
"16247",16
"13190",16
"13374",16
"13917",16
"14518",16
"17022",16
"17762",16
"16793",16
"14557",16
"16195",16
"12786",16
"15400",16
"12763",16
"13896",16
"15404",16
"16390",16
"14588",16
"13886",16
"16522",16
"16328",16
"16856",16
"13524",16
"15936",16
"14949",16
"14045",16
"14288",16
"15333",16
"17693",16
"13597",16
"14638",16
"14376",16
"16123",16
"16606",16
"15970",16
"16543",16
"13592",15
"17040",15
"16962",15
"12807",15
"14635",15
"12791",15
"16346",15
"13460",15
"12655",15
"12690",15
"13289",15
"16091",15
"16957",15
"13828",15
"13972",15
"16321",15
"12750",15
"18213",15
"15516",15
"15236",15
"17895",15
"15609",15
"14333",15
"13273",15
"12741",15
"13514",15
"12532",15
"13080",15
"17973",15
"13272",15
"14694",15
"17658",15
"16112",15
"14806",15
"13087",15
"14148",15
"17417",15
"13060",15
"13529",15
"12734",15
"13146",15
"12962",15
"14726",15
"15536",15
"13104",15
"13053",15
"15654",15
"13930",15
"17872",15
"13351",15
"15294",15
"13349",15
"15181",15
"17684",15
"15302",15
"15794",15
"13106",15
"16498",15
"12698",15
"17985",15
"12831",15
"14513",15
"16453",15
"14274",15
"12817",15
"17893",15
"13834",15
"16865",15
"18191",15
"16682",15
"12860",15
"15199",15
"15087",15
"15336",15
"17283",15
"17435",15
"13419",15
"15557",15
"15825",15
"12812",15
"14199",15
"16478",15
"14244",15
"17292",14
"15377",14
"13153",14
"15554",14
"18010",14
"16908",14
"14392",14
"15659",14
"18266",14
"15234",14
"15231",14
"15697",14
"13318",14
"14391",14
"13348",14
"15783",14
"15788",14
"17005",14
"18081",14
"15119",14
"16679",14
"12771",14
"14017",14
"15924",14
"14962",14
"15931",14
"16467",14
"14275",14
"14908",14
"15942",14
"12436",14
"13628",14
"17484",14
"17668",14
"17662",14
"17153",14
"16579",14
"12604",14
"14029",14
"16566",14
"12581",14
"17475",14
"16082",14
"14728",14
"17184",14
"14674",14
"12515",14
"14612",14
"14118",14
"17572",14
"14608",14
"14604",14
"17234",14
"12495",14
"12489",14
"16215",14
"17536",14
"13943",14
"18238",14
"17415",14
"17384",14
"14411",14
"13978",14
"17382",14
"17506",14
"14192",14
"15487",14
"13127",14
"15401",14
"16640",13
"16645",13
"13618",13
"17216",13
"17605",13
"14330",13
"12830",13
"12848",13
"17907",13
"17982",13
"14361",13
"13326",13
"15578",13
"14238",13
"15209",13
"17053",13
"14089",13
"14677",13
"17556",13
"14242",13
"16890",13
"12871",13
"13307",13
"12795",13
"15360",13
"14091",13
"14558",13
"14416",13
"14892",13
"12887",13
"15072",13
"13043",13
"15616",13
"14919",13
"17815",13
"13284",13
"16509",13
"17093",13
"14073",13
"18012",13
"18042",13
"13416",13
"13029",13
"17824",13
"15458",13
"15247",13
"14666",13
"16542",13
"14774",13
"15667",13
"13710",13
"16217",13
"12900",13
"16234",13
"17257",13
"16452",13
"14385",13
"12593",13
"13678",13
"13676",13
"15423",13
"16757",13
"16587",13
"17543",13
"16761",13
"14018",13
"13025",13
"14964",13
"13390",13
"12818",13
"12821",13
"13369",13
"15139",13
"14969",13
"14278",13
"17128",13
"15914",13
"14483",13
"13651",13
"17535",13
"16599",12
"14689",12
"17121",12
"16388",12
"13111",12
"17681",12
"14876",12
"17600",12
"16132",12
"12547",12
"15949",12
"15943",12
"18129",12
"16157",12
"12692",12
"16622",12
"17087",12
"14942",12
"15927",12
"17856",12
"15925",12
"12950",12
"12981",12
"14061",12
"16872",12
"17559",12
"13494",12
"15007",12
"13436",12
"13905",12
"17036",12
"18282",12
"13423",12
"16299",12
"12375",12
"16690",12
"17262",12
"15793",12
"16896",12
"15162",12
"17273",12
"17781",12
"16490",12
"14468",12
"15166",12
"13331",12
"13325",12
"18058",12
"17390",12
"14241",12
"12882",12
"14423",12
"17906",12
"17877",12
"15391",12
"16273",12
"13986",12
"15692",12
"15691",12
"13071",12
"17939",12
"15445",12
"13063",12
"14079",12
"12602",12
"17647",12
"13697",12
"15662",12
"13674",12
"18026",12
"17136",12
"13672",12
"13784",12
"14122",12
"12660",12
"15307",12
"13669",12
"12665",12
"12557",12
"12677",12
"15844",11
"16338",11
"16302",11
"16181",11
"16179",11
"16557",11
"15971",11
"15935",11
"15928",11
"15922",11
"15895",11
"15884",11
"15876",11
"15818",11
"15816",11
"16689",11
"15797",11
"15741",11
"16733",11
"16741",11
"15647",11
"16822",11
"15257",11
"15158",11
"17010",11
"15100",11
"15096",11
"17030",11
"15045",11
"14945",11
"14863",11
"14860",11
"14858",11
"14804",11
"14787",11
"17166",11
"14718",11
"17215",11
"14574",11
"14523",11
"14444",11
"17312",11
"14377",11
"14253",11
"17401",11
"14168",11
"14119",11
"13977",11
"13973",11
"17517",11
"13960",11
"13926",11
"13858",11
"13830",11
"18274",11
"17670",11
"17721",11
"17763",11
"13404",11
"13182",11
"13133",11
"13079",11
"13062",11
"13033",11
"13007",11
"18020",11
"12927",11
"18054",11
"12799",11
"12732",11
"12702",11
"12661",11
"12643",11
"18285",11
"12558",11
"12442",11
"12416",11
"12400",11
"16371",11
"15359",10
"18186",10
"18182",10
"12574",10
"18166",10
"18165",10
"12367",10
"14322",10
"12618",10
"14012",10
"12622",10
"16591",10
"14137",10
"18152",10
"18146",10
"16342",10
"13992",10
"18254",10
"16598",10
"16604",10
"12738",10
"18256",10
"15890",10
"17413",10
"14195",10
"14252",10
"15836",10
"16691",10
"14436",10
"15759",10
"15733",10
"15729",10
"14218",10
"16337",10
"12902",10
"16424",10
"12954",10
"12966",10
"13010",10
"15560",10
"15488",10
"13061",10
"13070",10
"13903",10
"16312",10
"17933",10
"17927",10
"15412",10
"17916",10
"13119",10
"16866",10
"15388",10
"17887",10
"12430",10
"12441",10
"16403",10
"14610",10
"13194",10
"15327",10
"13219",10
"13229",10
"14314",10
"13277",10
"13826",10
"17805",10
"13321",10
"17791",10
"13806",10
"17598",10
"13364",10
"17778",10
"12376",10
"17009",10
"14668",10
"13399",10
"18224",10
"15086",10
"15029",10
"13483",10
"13489",10
"13541",10
"13582",10
"17098",10
"12496",10
"14848",10
"17627",10
"12386",10
"17118",10
"14846",10
"16192",10
"14826",10
"14773",10
"14111",10
"13683",10
"12504",10
"12522",10
"14046",10
"16375",10
"16097",10
"14039",10
"12563",10
"17707",9
"12387",9
"13578",9
"18089",9
"13129",9
"15263",9
"14889",9
"14438",9
"16349",9
"17117",9
"14354",9
"15775",9
"16397",9
"13751",9
"15758",9
"13746",9
"14772",9
"18070",9
"13653",9
"15740",9
"14717",9
"13805",9
"14822",9
"17148",9
"15728",9
"14109",9
"13701",9
"13690",9
"17339",9
"16189",9
"13852",9
"15361",9
"14318",9
"15684",9
"16148",9
"16457",9
"12551",9
"18197",9
"12897",9
"16752",9
"15663",9
"13279",9
"12914",9
"12565",9
"17538",9
"16333",9
"18169",9
"14993",9
"14501",9
"12938",9
"15229",9
"14378",9
"16581",9
"14999",9
"15348",9
"15085",9
"14287",9
"12641",9
"13845",9
"15204",9
"12467",9
"16000",9
"16827",9
"13076",9
"18142",9
"17947",9
"15042",9
"17940",9
"17305",9
"13227",9
"16840",9
"13457",9
"15283",9
"16439",9
"16852",9
"13403",9
"12768",9
"18103",9
"16665",9
"15779",8
"17436",8
"17439",8
"17455",8
"14363",8
"14059",8
"17468",8
"14368",8
"17487",8
"17493",8
"17317",8
"14402",8
"14406",8
"13970",8
"13968",8
"17279",8
"14566",8
"17224",8
"17574",8
"14632",8
"17586",8
"17202",8
"17199",8
"13794",8
"17170",8
"13757",8
"13743",8
"13718",8
"17152",8
"17650",8
"13638",8
"17108",8
"14884",8
"17698",8
"13556",8
"17067",8
"17056",8
"13490",8
"17737",8
"13420",8
"13392",8
"16966",8
"15226",8
"13261",8
"13260",8
"15267",8
"15299",8
"15304",8
"17847",8
"18279",8
"13223",8
"15324",8
"15328",8
"15330",8
"16886",8
"17881",8
"15374",8
"16857",8
"16849",8
"17922",8
"15419",8
"16396",8
"15524",8
"15534",8
"15565",8
"15566",8
"12959",8
"12929",8
"15621",8
"15649",8
"18030",8
"15731",8
"15739",8
"18076",8
"16687",8
"16427",8
"15851",8
"16664",8
"18138",8
"12663",8
"18148",8
"16432",8
"12612",8
"16578",8
"16051",8
"16055",8
"16077",8
"16114",8
"18209",8
"16194",8
"16294",8
"18249",8
"14187",8
"14280",8
"14833",7
"17206",7
"16288",7
"16963",7
"15212",7
"14843",7
"14617",7
"13257",7
"16267",7
"16959",7
"13288",7
"12879",7
"16486",7
"16944",7
"14637",7
"12881",7
"12884",7
"15909",7
"14374",7
"18175",7
"17497",7
"15926",7
"15843",7
"14473",7
"17408",7
"15937",7
"13406",7
"14495",7
"12392",7
"14746",7
"17330",7
"12990",7
"18147",7
"18084",7
"13793",7
"15567",7
"15973",7
"13791",7
"17353",7
"16597",7
"16696",7
"13027",7
"14386",7
"18253",7
"15515",7
"14463",7
"16821",7
"16828",7
"14941",7
"18086",7
"15112",7
"14281",7
"16248",7
"13072",7
"14751",7
"16544",7
"15463",7
"15131",7
"17240",7
"14143",7
"13470",7
"14066",7
"14601",7
"13609",7
"16997",7
"13876",7
"15409",7
"17909",7
"13866",7
"16989",7
"15395",7
"18269",7
"13347",7
"15378",7
"16237",7
"13150",7
"13164",7
"17794",7
"14786",7
"15368",7
"16716",7
"17657",7
"15355",7
"13938",7
"14641",7
"14084",7
"15340",7
"16582",6
"12773",6
"16041",6
"16651",6
"16377",6
"14394",6
"12686",6
"12664",6
"15991",6
"17065",6
"18227",6
"17606",6
"16973",6
"13323",6
"14874",6
"17821",6
"15256",6
"13631",6
"14074",6
"15285",6
"14347",6
"17583",6
"16301",6
"13739",6
"14782",6
"14345",6
"13207",6
"14795",6
"14789",6
"17149",6
"17879",6
"13689",6
"13144",6
"15397",6
"15403",6
"16213",6
"16516",6
"15008",6
"14582",6
"14054",6
"17929",6
"13095",6
"13469",6
"15459",6
"16238",6
"16831",6
"17741",6
"16545",6
"16548",6
"15479",6
"17474",6
"16106",6
"14340",6
"13912",6
"12992",6
"12980",6
"18000",6
"12973",6
"17260",6
"15591",6
"13445",6
"14500",6
"14196",6
"15642",6
"14027",6
"16565",6
"15056",6
"15705",6
"17280",6
"17328",6
"15082",6
"13953",6
"17446",6
"17414",6
"16867",5
"13620",5
"15761",5
"17592",5
"15703",5
"14764",5
"17549",5
"13525",5
"15317",5
"13818",5
"14542",5
"17380",5
"14477",5
"14393",5
"13493",5
"16028",5
"13036",5
"14259",5
"16617",5
"15610",5
"13216",5
"17225",5
"16459",5
"15593",5
"16610",5
"12968",5
"15168",5
"16964",5
"12969",5
"12464",5
"16087",5
"14943",5
"17308",5
"15305",5
"13688",5
"17304",5
"15871",5
"16789",5
"13218",5
"17575",5
"16410",5
"13947",5
"14836",5
"14213",5
"14760",5
"13312",5
"17844",5
"14007",5
"12509",5
"16927",5
"12864",5
"15749",5
"13094",5
"13645",5
"15375",5
"13145",5
"16363",5
"16568",5
"17723",5
"14145",5
"15063",5
"13511",5
"17941",5
"12774",5
"17628",5
"13702",5
"13522",5
"12796",5
"14752",5
"17246",5
"13811",5
"15473",5
"15171",5
"13580",5
"18195",5
"17060",5
"13180",4
"13160",4
"17151",4
"13346",4
"17900",4
"17074",4
"14887",4
"15170",4
"12861",4
"14977",4
"13551",4
"12789",4
"17467",4
"12548",4
"14661",4
"17026",4
"14371",4
"15083",4
"14956",4
"15470",4
"17740",4
"12756",4
"17089",4
"14155",4
"13907",4
"14457",4
"17440",4
"13058",4
"13051",4
"17394",4
"15526",4
"12659",4
"14373",4
"13022",4
"15564",4
"16698",4
"13006",4
"13003",4
"17174",4
"18131",4
"12984",4
"15588",4
"15868",4
"15595",4
"15612",4
"13967",4
"12568",4
"18019",4
"17352",4
"12401",4
"15653",4
"18032",4
"15833",4
"16564",4
"16630",4
"17532",4
"15242",4
"14768",4
"14865",4
"13747",4
"14987",4
"13254",4
"13303",4
"17620",4
"18240",4
"12888",4
"13306",4
"13839",4
"14124",4
"15899",4
"14816",4
"14464",4
"16489",4
"14609",4
"16505",4
"17599",3
"12776",3
"12587",3
"14486",3
"14117",3
"14434",3
"16671",3
"12736",3
"15672",3
"16319",3
"17743",3
"16506",3
"14946",3
"13132",3
"15873",3
"13380",3
"17182",3
"18115",3
"14743",3
"12366",3
"16405",3
"13783",3
"14616",3
"17494",3
"17775",3
"16061",3
"18246",3
"17327",3
"13848",3
"16530",3
"15286",3
"17876",3
"13682",3
"16171",3
"12995",3
"15575",3
"15587",3
"16694",3
"13009",3
"14300",3
"14053",3
"14520",3
"13913",3
"13011",3
"14028",3
"16974",3
"14435",3
"16088",3
"17395",3
"15603",3
"15538",3
"16878",3
"15206",3
"16323",3
"15178",3
"15619",3
"15744",3
"14185",3
"14384",3
"15941",3
"14650",3
"14279",3
"15049",3
"14589",3
"18028",3
"17500",3
"15094",3
"13217",3
"17788",2
"13452",2
"17024",2
"16998",2
"14642",2
"16976",2
"13302",2
"13298",2
"16941",2
"17831",2
"13188",2
"13163",2
"17896",2
"16454",2
"15389",2
"14603",2
"13130",2
"13112",2
"17923",2
"15431",2
"15455",2
"14559",2
"17942",2
"16420",2
"17553",2
"15477",2
"17959",2
"14207",2
"17391",2
"16446",2
"13915",2
"12934",2
"15635",2
"12891",2
"15698",2
"12875",2
"18063",2
"12850",2
"17281",2
"18080",2
"16692",2
"16659",2
"12403",2
"16429",2
"17319",2
"16058",2
"16537",2
"16532",2
"16162",2
"17427",2
"16196",2
"16199",2
"12487",2
"14785",2
"14792",2
"17129",2
"17638",2
"14926",2
"17079",2
"17378",1
"17291",1
"12814",1
"17369",1
"12823",1
"15753",1
"18068",1
"14190",1
"13942",1
"18233",1
"16737",1
"12603",1
"16738",1
"15693",1
"15686",1
"18174",1
"17533",1
"15668",1
"15657",1
"16073",1
"12908",1
"18017",1
"14144",1
"14095",1
"16786",1
"18184",1
"17986",1
"17331",1
"13017",1
"14033",1
"16093",1
"15546",1
"15510",1
"15486",1
"13068",1
"17956",1
"13906",1
"17948",1
"15461",1
"17336",1
"13084",1
"15442",1
"13559",1
"16144",1
"14366",1
"16219",1
"14576",1
"17752",1
"13096",1
"16165",1
"13438",1
"14580",1
"13099",1
"17925",1
"13105",1
"12503",1
"14090",1
"14351",1
"17443",1
"13120",1
"17747",1
"13535",1
"13128",1
"13864",1
"15040",1
"16881",1
"13147",1
"16308",1
"15371",1
"13172",1
"14106",1
"18273",1
"13185",1
"17715",1
"16462",1
"14707",1
"14613",1
"13205",1
"13215",1
"15316",1
"15313",1
"17077",1
"14835",1
"13841",1
"13222",1
"13788",1
"13228",1
"14845",1
"15284",1
"13640",1
"15273",1
"14086",1
"13829",1
"13270",1
"15250",1
"15233",1
"16257",1
"16953",1
"16970",1
"15195",1
"17347",1
"16990",1
"17102",1
"13366",1
"17008",1
"14900",1
"13383",1
"17616",1
"14933",1
"15118",1
"13391",1
"15098",1
"14705",1
"16417",1
"17310",1
"14266",1
"18133",1
"16605",1
"15940",1
"15999",1
"15929",1
"16443",1
"15913",1
"14405",1
"15893",1
"18113",1
"14424",1
"17186",1
"16663",1
